# METHOD: Shadow_Grouping
# Nshots: 10000
1	225.97943623213897
2	205.9872925062973
3	219.11309240264
4	227.48511830719897
5	235.4893478309492
6	240.3939897582472
7	248.56359811262033
8	251.82338552437307
9	256.4758273632921
10	262.436652370687
11	267.0290640866419
12	242.9211213706383
13	245.58619336913355
14	247.24655211651108
15	250.1726453812269
16	238.87572121743932
17	241.84762493114886
18	245.6195793700826
19	246.63161669869945
20	248.51333596858066
21	249.3617146741424
22	250.9083451169015
23	252.71395066183644
24	254.15688642720968
25	256.70239988030363
26	259.4965617665128
27	261.2815276095265
28	263.10913105233607
29	263.8417838683631
30	264.36372591030295
31	265.62130568432934
32	266.3925460497879
33	267.68309186662043
34	268.37200870844106
35	268.69749133366753
36	269.8010674708559
37	270.8737567451647
38	271.6822303300294
39	272.5555812268966
40	272.28349021098165
41	272.3858165028064
42	264.57844291839024
43	264.7791864241989
44	264.9317488847908
45	259.5826179134104
46	259.3288732167289
47	259.53187012830625
48	260.06745716283564
49	260.5566948406071
50	256.56457407846676
51	256.778306917948
52	254.33091017341317
53	254.76119427294861
54	251.41266641802042
55	251.10096806845397
56	251.2676808690828
57	251.25830057313124
58	250.484605854183
59	249.5557582074977
60	249.6009476527593
61	249.5512802882093
62	250.08468503989505
63	246.93209742909528
64	244.6448668854472
65	243.9277077470209
66	243.99507814141424
67	243.88744004702735
68	243.37804163968445
69	240.98396162072132
70	240.98244150783668
71	240.83138110055816
72	240.73429786140127
73	241.0373681047278
74	240.97973641767027
75	240.82884971375609
76	240.21655981368545
77	240.3309844905777
78	238.5358189066546
79	238.70030569345613
80	238.64777826277648
81	238.63329190638794
82	237.15130011493386
83	236.95833306327714
84	237.19226181138265
85	237.23711987981227
86	237.356499075497
87	236.7022685106819
88	236.32633220547064
89	235.808514803259
90	234.38709859507912
91	233.1464701644497
92	232.87240452524318
93	232.88082473896705
94	231.85601811734566
95	231.82061108690507
96	230.65546617827428
97	229.95098092526743
98	229.8538069046982
99	228.97184850936696
100	228.9594026379342
101	228.07782700485959
102	228.02302850336463
103	228.01843406549264
104	227.89647950576736
105	227.85119027779163
106	227.5874595292802
107	226.2388001013319
108	226.24141173701878
109	225.52786789774623
110	225.3353945264433
111	224.70419356533185
112	224.5126401443069
113	224.34319800679913
114	223.75812803747752
115	223.76363783705864
116	221.98002316334916
117	221.63239522288688
118	221.4943673684869
119	220.74956784526077
120	220.73120527542642
121	220.5718464307847
122	220.50023518894187
123	220.37919658758264
124	220.1944446741313
125	220.021595579308
126	219.8130522520579
127	219.17040221489154
128	218.07432834227953
129	215.97399550952815
130	215.8603813242304
131	215.83265686200377
132	215.64164808424326
133	215.00672149508378
134	214.62148530178953
135	214.30502321822826
136	213.70642115531493
137	213.3731962002249
138	213.07062063177634
139	212.444448241742
140	211.73831750583471
141	211.5998383829802
142	211.33643727950474
143	210.69239011029336
144	210.65073274534112
145	210.35442244374028
146	208.82700644858483
147	208.7789192136291
148	208.2286846369884
149	207.5913779667576
150	206.98159814664086
151	206.1515849201335
152	204.81675434904597
153	204.34513893359363
154	203.7878865383739
155	202.82269096769835
156	202.4084869358363
157	202.33822433600406
158	191.54818726591648
159	191.33462488038992
160	190.6831373178289
161	190.47519280849886
162	190.1232407579596
163	189.97974582267986
164	189.61741578903343
165	189.16068241790995
166	188.48339818548456
167	188.1873236614036
168	187.57666897343427
169	186.90635379046856
170	186.24661283220067
171	174.5720289233631
172	169.73332014902246
173	164.8010230596649
174	161.9425355367655
175	159.0314224809114
176	156.92590773874122
177	154.85162257965692
178	153.34518304854404
179	151.84815231234495
180	150.6134257311791
181	149.36049011335584
182	148.38139219893014
183	147.3698110373018
184	146.525135668275
185	145.63403176195033
186	144.35997034817694
187	143.09006837710297
188	141.84847416356922
189	141.02368792750238
190	140.22831475425275
191	139.27031185008727
192	138.033254580765
193	137.34589923377342
194	136.58220976238172
195	135.6959939479457
196	134.763924787741
197	133.62629560915974
198	132.93726992656988
199	132.33300486020002
200	131.55893675055535
201	130.62011943908513
202	129.8844188727248
203	128.9980889265401
204	127.95467519614382
205	127.03412494833543
206	126.36128986775643
207	125.5603108293954
208	124.8657846633809
209	124.24783998525679
210	123.67892946004993
211	122.942099109333
212	122.2782212915572
213	121.7904423515684
214	121.28669191082994
215	120.57934156487352
216	120.14028169082118
217	119.69263826014475
218	119.17706805780914
219	118.6706575112412
220	118.27592794658257
221	117.85668294544438
222	117.47601750003965
223	117.06456041397502
224	116.69588859532271
225	116.36040578382521
226	115.90945145798283
227	115.45126288575653
228	114.90067993904039
229	114.52382494574954
230	114.19467735323434
231	113.69005362176112
232	113.39278265576242
233	112.9398453570227
234	112.45997544130107
235	112.16049519561133
236	111.8355929118126
237	111.46560368452738
238	111.11638871745687
239	110.69411856028304
240	110.337994535478
241	109.96199707289294
242	109.49058853676297
243	109.11875538513638
244	108.76914768865812
245	108.33675012324706
246	108.0333387486013
247	107.74093544459151
248	107.37307089222082
249	106.9949688231806
250	106.53175506305533
251	106.16224577517502
252	105.84866983809631
253	105.58165374291391
254	105.28391392558028
255	104.93952076657689
256	104.5054338104371
257	104.20196864657844
258	103.9552911397735
259	103.6289295143746
260	103.28152865420493
261	102.95343449804737
262	102.713410090942
263	102.48160084562262
264	102.12472149969108
265	101.70580231345133
266	101.36726755500153
267	101.0065894463149
268	100.77710156842672
269	100.5469875177481
270	100.27124400639511
271	100.00617075198053
272	99.72935090482144
273	99.49162310706744
274	99.26413260659578
275	98.98024870060623
276	98.58581313700749
277	98.25646604549974
278	98.06295944132418
279	97.86353138514731
280	97.57823097982045
281	97.38124846897364
282	97.14013592065773
283	96.7388222768288
284	96.53937267349193
285	96.34290849621546
286	96.05599464354991
287	95.78469068635884
288	95.59280008886732
289	95.31677337834104
290	95.10425790253835
291	94.89761699016864
292	94.70350142114073
293	94.47202879181998
294	94.24604281106474
295	94.0449393772264
296	93.81614355104465
297	93.59367042551435
298	93.3354587851199
299	93.0468448070507
300	92.72016736806366
301	92.43322861353042
302	92.25761638796027
303	92.08088202252301
304	91.85688514598687
305	91.63382766648047
306	91.46971021436252
307	91.26768041674792
308	91.111191353781
309	90.91691333083928
310	90.72132213445887
311	90.50621283099363
312	90.31234717329194
313	89.97890020569221
314	89.72377563125862
315	89.45620211203692
316	89.30994666521272
317	89.15627621839741
318	88.93558765490681
319	88.7350191939111
320	88.53329636370722
321	88.34456503326841
322	88.18022610737819
323	87.99539509731395
324	87.85011497066719
325	87.65074299421205
326	87.38929503317482
327	87.23465646640017
328	87.08245765726781
329	86.93718527681564
330	86.81125847715455
331	86.63642820436198
332	86.4699924041083
333	86.24561497222729
334	86.02819903605646
335	85.74243009934273
336	85.55251257229402
337	85.41465342120638
338	85.20674210405751
339	84.98071283277655
340	84.82510783178023
341	84.68961011215524
342	84.53942503911856
343	84.36654455604706
344	84.11435262959978
345	83.96469664159847
346	83.82131803221444
347	83.65850200542346
348	83.51243491513516
349	83.35906369542496
350	83.16535353639763
351	83.04224072937586
352	82.9134597773876
353	82.76900882436216
354	82.64569319063067
355	82.50632075596978
356	82.3510746776691
357	82.23600669584695
358	82.09273529861359
359	81.97980969143869
360	81.83444404080467
361	81.71789409540953
362	81.4767826022208
363	81.34831892141518
364	81.21749432300268
365	81.05843431927082
366	80.88522770544064
367	80.71705829315401
368	80.56895868345325
369	80.42597441631851
370	80.2630520641744
371	80.1317266027045
372	79.9684988776364
373	79.77295106928338
374	79.61949993604473
375	79.42376599867615
376	79.25113293107691
377	79.14074571862241
378	78.98586314732667
379	78.74551484428252
380	78.54536644415022
381	78.44306026617319
382	78.33204899681144
383	78.18214711328878
384	78.08203945202273
385	77.9213584280737
386	77.80604013111079
387	77.7054556442793
388	77.60378197639734
389	77.50660831706637
390	77.35852537328391
391	77.15857934137064
392	77.0121267354043
393	76.90779191559565
394	76.73070968371458
395	76.62889320274478
396	76.45354378937931
397	76.3231640680492
398	76.22686491563815
399	76.1022803717741
400	75.94112678546794
401	75.72949925182326
402	75.60502755500735
403	75.484059039819
404	75.32191562673334
405	75.17008755750442
406	75.00185144863721
407	74.888474816504
408	74.7835447151132
409	74.66145594258715
410	74.52040271045027
411	74.40443094970773
412	74.22003006549018
413	74.09875521722307
414	73.98262091563728
415	73.88759305105755
416	73.79109186491216
417	73.67783332582005
418	73.58114865823288
419	73.42441330299958
420	73.25044706108949
421	73.12100823349176
422	73.03164855636552
423	72.93368889156976
424	72.8139654441656
425	72.63502168440124
426	72.522160538539
427	72.4368600715568
428	72.32597559200696
429	72.17484517013136
430	72.09085316933968
431	72.01015345895614
432	71.92722938154257
433	71.79201677798955
434	71.67170957327838
435	71.56097373008332
436	71.473642742745
437	71.39589638194731
438	71.30053506965712
439	71.19227959430395
440	71.08451570208578
441	71.00274387106563
442	70.91752501245145
443	70.8338355921312
444	70.75479446053262
445	70.68040765489378
446	70.54289759707886
447	70.4630541084229
448	70.3600407916008
449	70.27994989753735
450	70.20046029693992
451	70.1173782076536
452	70.00475828976674
453	69.92096128645579
454	69.84602052864032
455	69.75227640543986
456	69.6697565656884
457	69.58271519687865
458	69.48062168907369
459	69.36650171709495
460	69.2761752294965
461	69.18545263231734
462	69.09791523153069
463	69.02510875136736
464	68.93085433089657
465	68.84090152596062
466	68.73085856001956
467	68.59177259614911
468	68.49501047836607
469	68.40191304481561
470	68.33171105484803
471	68.25787485954513
472	68.1845792016776
473	68.05554426796448
474	67.96979511357048
475	67.83809743053511
476	67.76903439361996
477	67.66628070984258
478	67.55481642262207
479	67.4663493353687
480	67.40164438900138
481	67.31444982547913
482	67.2465870152696
483	67.17833325924144
484	67.07962364953718
485	66.99305413754884
486	66.9302154907125
487	66.8687013390892
488	66.80074729814794
489	66.7194652874743
490	66.65060768538416
491	66.5312525096922
492	66.45907087585164
493	66.35529422064258
494	66.28490595251358
495	66.20603747669117
496	66.12491611649503
497	66.00602860971355
498	65.89423159726633
499	65.79262502970224
500	65.71646734483028
501	65.65276988647273
502	65.58949331166332
503	65.52320201735284
504	65.44276293716032
505	65.36395535734444
506	65.28636104872751
507	65.2247915796799
508	65.13809819148202
509	65.07581886912696
510	65.01451140940038
511	64.89910678590863
512	64.81273922926184
513	64.72484888034188
514	64.63274678383459
515	64.55270224748979
516	64.49193629639552
517	64.38858577347861
518	64.32189652966588
519	64.21973378982162
520	64.1326189718456
521	64.0445865156078
522	63.97069945531261
523	63.89746811034812
524	63.82960321104536
525	63.77472089155742
526	63.703408467738285
527	63.6428873242317
528	63.57321207987689
529	63.51620418093614
530	63.403840467809914
531	63.348046170826905
532	63.29229286775363
533	63.22063340500359
534	63.168684293308864
535	63.09579616980645
536	63.036067216134164
537	62.95304007089126
538	62.86025542342477
539	62.77425035081474
540	62.70849874818147
541	62.64046576635267
542	62.58542351988899
543	62.53145375229226
544	62.440494053861066
545	62.37264941907662
546	62.25670667870183
547	62.1880008900053
548	62.123330290431035
549	62.071720452705506
550	62.014724593533785
551	61.961950868072336
552	61.89811041379494
553	61.81575788893327
554	61.746315441114774
555	61.644607678615436
556	61.57047117209477
557	61.52063044570494
558	61.470038962775895
559	61.411878329715826
560	61.33740326318175
561	61.28306661399424
562	61.217740541774475
563	61.16178687934218
564	61.10638196414129
565	61.02839566957548
566	60.95416418232239
567	60.86868066437137
568	60.81572848218904
569	60.717487154801525
570	60.61793914854258
571	60.5616472871841
572	60.50279983633038
573	60.44345070864023
574	60.352624405175085
575	60.28477616343917
576	60.227695694278985
577	60.17836344678056
578	60.112660878604245
579	60.0512910347503
580	59.979243254234476
581	59.91649298052745
582	59.86751315346952
583	59.820300098202424
584	59.773833046406374
585	59.68089790466827
586	59.60429877389214
587	59.52861526969035
588	59.433973374339345
589	59.38122897239095
590	59.31507663096154
591	59.22331301727404
592	59.16674291669751
593	59.11899107391527
594	59.061159419800425
595	59.01363770346998
596	58.945479936062
597	58.89772138125172
598	58.85258060903005
599	58.79033262762053
600	58.73184700100542
601	58.685743737884664
602	58.61643368049424
603	58.57107901967022
604	58.527719842587466
605	58.45193646202902
606	58.37895183870806
607	58.33470132780169
608	58.27994963387231
609	58.23570561243423
610	58.19335958005693
611	58.110317430662036
612	58.020634189608174
613	57.96065963822607
614	57.893580619089335
615	57.85017978965604
616	57.80631629935533
617	57.71026753395847
618	57.63174372694482
619	57.58619495165031
620	57.5352617047269
621	57.4877534188321
622	57.41873015520028
623	57.34856763005142
624	57.29651566238211
625	57.25377273131413
626	57.207648251151284
627	57.13135404209576
628	57.09022937170005
629	57.03098726937379
630	56.98630293246528
631	56.89875027581851
632	56.833928689911446
633	56.78513298512181
634	56.73771403057681
635	56.697675964489754
636	56.6443466626196
637	56.58498115660911
638	56.5349340428684
639	56.47930760167256
640	56.43068751808535
641	56.37500215896665
642	56.322006625318394
643	56.25285973794284
644	56.17341376644427
645	56.11672575301339
646	56.073319955458736
647	56.03317985672059
648	55.99007005848662
649	55.925196154320176
650	55.845169050833434
651	55.804717742651796
652	55.736750006202406
653	55.69884065381201
654	55.633540423438546
655	55.580554968219424
656	55.527767804650544
657	55.45082767526103
658	55.41349383804909
659	55.35159579387215
660	55.28644044527843
661	55.23647042556732
662	55.185981832799136
663	55.125698731583284
664	55.08685630320767
665	55.034240087004726
666	54.97595779127503
667	54.93646890667429
668	54.89688529262264
669	54.857681634597355
670	54.80991401068927
671	54.76819585048355
672	54.71969600145411
673	54.66376193407465
674	54.625797470991266
675	54.567794659243724
676	54.52693588547203
677	54.48922937934824
678	54.43093994009752
679	54.389646391492214
680	54.35341262304163
681	54.30479875820155
682	54.267354539075185
683	54.22701343268826
684	54.19192803760108
685	54.14791499599413
686	54.071397403145006
687	54.03464756324265
688	53.97903033149355
689	53.925312297246336
690	53.850290116500744
691	53.81228431744246
692	53.762689896618866
693	53.706943845829144
694	53.671722187663995
695	53.63404749750798
696	53.595643178470695
697	53.548271702759436
698	53.503911861611655
699	53.463016015737246
700	53.42899726449812
701	53.387655848486
702	53.344060135671825
703	53.281276676449124
704	53.23765912416323
705	53.19973447885047
706	53.16599496866016
707	53.103955214238695
708	53.06074695309665
709	53.02593829892689
710	52.96090706377744
711	52.89180212969608
712	52.859388357994575
713	52.820441540460834
714	52.7700920873201
715	52.728742180638974
716	52.671030260776085
717	52.62388373793159
718	52.5779197941329
719	52.534265161157215
720	52.500502226500394
721	52.46735620244516
722	52.422011683431386
723	52.37729950304767
724	52.34603166186748
725	52.29197928393795
726	52.25548376635143
727	52.22276570573872
728	52.18172067186114
729	52.14868261508589
730	52.1111861598192
731	52.070990133727314
732	52.040551648066
733	51.988507209574
734	51.941503432594615
735	51.89339327886887
736	51.850110819600744
737	51.79177827595925
738	51.75821914526432
739	51.72385395844347
740	51.66891680822949
741	51.60732417480763
742	51.56308949123473
743	51.53125693212376
744	51.48063248771733
745	51.421272833139014
746	51.38412745508167
747	51.34160850033501
748	51.30160076013803
749	51.25275804250173
750	51.219953020941254
751	51.15274923782418
752	51.10501748189849
753	51.06659633935984
754	51.035881933306406
755	50.99768996262978
756	50.968520886435726
757	50.935389862674754
758	50.89641241967882
759	50.85641667822021
760	50.81536546910168
761	50.78202207072684
762	50.74814154546154
763	50.717735738834236
764	50.68125073495064
765	50.639902124690956
766	50.611423608685406
767	50.57608455212376
768	50.53711642830645
769	50.494638560627955
770	50.465051217404245
771	50.41257802353166
772	50.36828297145113
773	50.33846450033126
774	50.30134121976564
775	50.266317892536904
776	50.23443157969666
777	50.182346957984834
778	50.144039111797994
779	50.09529107223407
780	50.055872831351834
781	50.008875893086774
782	49.95091445085108
783	49.888691413447205
784	49.85986542064952
785	49.820154528025824
786	49.78190008028928
787	49.75029267247759
788	49.68726948746426
789	49.64232951546856
790	49.61322453272123
791	49.5816499930353
792	49.54274701842931
793	49.50797809942447
794	49.465699643128545
795	49.416718500517625
796	49.387542548769034
797	49.35667287789531
798	49.305779645862636
799	49.256057953685584
800	49.20869192558822
801	49.181651837185946
802	49.150703158846895
803	49.12216017105672
804	49.07924633037671
805	49.04182971307641
806	49.01186155198867
807	48.967542386077504
808	48.94125133225871
809	48.9127824578066
810	48.87634809246754
811	48.84767556612683
812	48.815476387033584
813	48.77919369575396
814	48.74298877320214
815	48.694577658416975
816	48.658693917902276
817	48.63163475616608
818	48.597774715473236
819	48.566164276995785
820	48.53700100251222
821	48.509816067554425
822	48.464560223287606
823	48.43427148845314
824	48.39925800433187
825	48.36969866174283
826	48.34826100735506
827	48.31497546764277
828	48.288254437438326
829	48.25750782715346
830	48.22072022353329
831	48.193231614222164
832	48.16630472058699
833	48.13597892705364
834	48.110903044612876
835	48.0824303140946
836	48.051388157072324
837	47.991743530144596
838	47.94587381878207
839	47.916756684697965
840	47.87815094274854
841	47.84781241945965
842	47.80412951214805
843	47.74987215125576
844	47.72516835482061
845	47.68253887383244
846	47.65314195428346
847	47.627263139077016
848	47.59943575328548
849	47.567295290929124
850	47.54248869494746
851	47.51738333031375
852	47.4845053326354
853	47.4478019708232
854	47.419571563811594
855	47.38703402111712
856	47.35720986403879
857	47.31859224692525
858	47.27668877267095
859	47.231037124685784
860	47.19792601404983
861	47.17274991567794
862	47.14766084961609
863	47.12128462083353
864	47.08453928566679
865	47.046662664808935
866	47.00648211448143
867	46.97031840094661
868	46.931004228669636
869	46.896512980310355
870	46.851685778351076
871	46.81632838882872
872	46.78276095409461
873	46.755546962420105
874	46.727544302319856
875	46.697787918730405
876	46.67337166196987
877	46.6409405554182
878	46.59990689608503
879	46.57188914120008
880	46.540931442974745
881	46.51739093502093
882	46.48625596289064
883	46.46321936093121
884	46.43378000460127
885	46.399693932034054
886	46.35153902205154
887	46.31418170056448
888	46.29139978904215
889	46.26502310592363
890	46.24177342750044
891	46.200636022301644
892	46.17126365562742
893	46.13754105187756
894	46.108356388396956
895	46.08386287371497
896	46.05667778533111
897	46.031201501522844
898	46.009856272089124
899	45.98655321041537
900	45.940068013232136
901	45.91209592654182
902	45.884810747508375
903	45.85729663370306
904	45.82854190918549
905	45.80510019183999
906	45.76608410292679
907	45.742643578560696
908	45.71028505717686
909	45.6745778372631
910	45.65261123319828
911	45.62807543311308
912	45.603353672853515
913	45.581567659479674
914	45.55311265714998
915	45.5316563003879
916	45.5031801337553
917	45.48154909156544
918	45.45441135048788
919	45.42442810964522
920	45.401324223252374
921	45.37256569553684
922	45.3462020276553
923	45.30196699258566
924	45.26909323272057
925	45.23339569436591
926	45.200133218853665
927	45.16726768752339
928	45.142956081761625
929	45.12107232911477
930	45.09521027214955
931	45.06737082251565
932	45.04536665339618
933	45.020090346227974
934	44.998631905162
935	44.96756570901296
936	44.942603275219675
937	44.92064005147059
938	44.894668735494626
939	44.85754492131155
940	44.83376441156872
941	44.803270557397234
942	44.770539039789185
943	44.74425524703207
944	44.720979960113745
945	44.675764805896
946	44.65414357320254
947	44.63385662942237
948	44.60134075994797
949	44.572992383240766
950	44.54785169335696
951	44.52789207846446
952	44.48411733219318
953	44.45954286655445
954	44.43985892442796
955	44.408421394544995
956	44.385279580287246
957	44.36443397190644
958	44.328700804353204
959	44.29799874161492
960	44.271225595759006
961	44.23452399549207
962	44.214964655695525
963	44.19399268785904
964	44.16055332864482
965	44.13693671428878
966	44.11212493428793
967	44.09124307123328
968	44.05934615895846
969	44.039886164275046
970	44.01438519107648
971	43.99371052851375
972	43.96898480508223
973	43.948862481965165
974	43.90951979873629
975	43.87835998974248
976	43.84778749659499
977	43.826366468320586
978	43.796126620041775
979	43.77531984942769
980	43.754619366621554
981	43.724721833875684
982	43.69548695223088
983	43.657642972743204
984	43.632955567016346
985	43.613054766136045
986	43.593840222220464
987	43.55771364327665
988	43.53080812447245
989	43.51080235907367
990	43.485107967127185
991	43.459888268319986
992	43.438754140533774
993	43.415283540885916
994	43.38809099741703
995	43.35917806202344
996	43.33243297429994
997	43.30729400785041
998	43.2739029263568
999	43.24658615959366
1000	43.22300722907174
1001	43.19935794531687
1002	43.17843281011392
1003	43.15243350061039
1004	43.12919982715578
1005	43.10860777968532
1006	43.076958440365146
1007	43.0391741096283
1008	43.0199466005655
1009	42.993409166153725
1010	42.97046337413737
1011	42.93668157827859
1012	42.90302570305941
1013	42.883833482613994
1014	42.85587502653007
1015	42.837621721634626
1016	42.81501075730048
1017	42.78998166123992
1018	42.76965995975156
1019	42.740086612778974
1020	42.721171041845714
1021	42.69433884291683
1022	42.67565203262608
1023	42.65633164824285
1024	42.63538932347457
1025	42.61523839500421
1026	42.59717941275018
1027	42.57838179844847
1028	42.557362780219094
1029	42.53240391198193
1030	42.49836981979598
1031	42.47628073081285
1032	42.455108733663515
1033	42.43758207837171
1034	42.41442447805103
1035	42.39140218786146
1036	42.36888278352146
1037	42.34943854218241
1038	42.33091365805204
1039	42.30477125734916
1040	42.28536777425187
1041	42.267077821901886
1042	42.24743603219883
1043	42.211837612754884
1044	42.175828132581216
1045	42.14371527164083
1046	42.11815484868895
1047	42.09079188176575
1048	42.06618094565431
1049	42.04310446097281
1050	42.02254758028446
1051	41.99880614431414
1052	41.98165523062838
1053	41.9619900858613
1054	41.9405001942256
1055	41.92262204118684
1056	41.90253031115563
1057	41.880954246469436
1058	41.862710700702024
1059	41.838832510353164
1060	41.804676894067306
1061	41.786433440513456
1062	41.76662843795337
1063	41.74743128318605
1064	41.72460844162925
1065	41.69390881423964
1066	41.676343669651715
1067	41.65017906595902
1068	41.63362447656676
1069	41.60496098540723
1070	41.5758253045224
1071	41.55059752634797
1072	41.52632431235537
1073	41.50881600691304
1074	41.49014465137836
1075	41.46380657243605
1076	41.434575251546974
1077	41.41044918953821
1078	41.38980323010948
1079	41.369597868973806
1080	41.35246742858217
1081	41.33398639568176
1082	41.31033031583198
1083	41.290352936257
1084	41.2648151167537
1085	41.248915822733416
1086	41.21919560117248
1087	41.20313320394503
1088	41.187618532886205
1089	41.1685629975952
1090	41.14044663594531
1091	41.11306537790847
1092	41.09327279145822
1093	41.076448876348046
1094	41.04095943789595
1095	41.01459674069125
1096	40.99525879211146
1097	40.97856217904614
1098	40.95690479274981
1099	40.92562853493727
1100	40.909036872697605
1101	40.89432971066121
1102	40.8775925211906
1103	40.86150270914858
1104	40.8418021031058
1105	40.81585454258944
1106	40.79900104565344
1107	40.78041435796292
1108	40.75834421152474
1109	40.727388705797075
1110	40.70364789396613
1111	40.679420507764625
1112	40.64046743435731
1113	40.616756796717425
1114	40.599161267069384
1115	40.58135054923568
1116	40.554901482919156
1117	40.53944394317585
1118	40.52314391595746
1119	40.50281307482985
1120	40.48451873351408
1121	40.464704030601425
1122	40.4485802673407
1123	40.43331982999327
1124	40.404252241959796
1125	40.38366543492134
1126	40.350260677883135
1127	40.318979551651694
1128	40.29650983374346
1129	40.26966386105672
1130	40.245818326377
1131	40.22542855483975
1132	40.20997417364991
1133	40.19140633844542
1134	40.17170330549119
1135	40.14380822021836
1136	40.127975508034055
1137	40.11344591113042
1138	40.089219260308305
1139	40.07089463128153
1140	40.055017905135685
1141	40.037372367983444
1142	40.01760607932335
1143	39.99443244726328
1144	39.97070245837336
1145	39.9410622684097
1146	39.90779986399074
1147	39.89263608446284
1148	39.875875104318084
1149	39.85916853305075
1150	39.84361485528149
1151	39.82827774848389
1152	39.80836582834212
1153	39.78833285414947
1154	39.77432241620254
1155	39.759440141143685
1156	39.73854723653636
1157	39.7214780108268
1158	39.698468190764906
1159	39.67924408910554
1160	39.663522971590034
1161	39.63653467892147
1162	39.61851400648799
1163	39.594125676111176
1164	39.57572546842773
1165	39.5565311087794
1166	39.538300403087504
1167	39.52004739608672
1168	39.505494625577896
1169	39.48537525037641
1170	39.46914361126565
1171	39.45137742347559
1172	39.43202553032553
1173	39.4130377610436
1174	39.39144470188655
1175	39.376533451920935
1176	39.36034482253116
1177	39.34039931766287
1178	39.32016761024023
1179	39.30513287880811
1180	39.27732220805813
1181	39.262468571093756
1182	39.246309910560925
1183	39.226329835421126
1184	39.21232151616163
1185	39.18977295772295
1186	39.1701686574704
1187	39.15572802060422
1188	39.13821679744089
1189	39.123697604479986
1190	39.098711967100655
1191	39.077794932633566
1192	39.053376813817614
1193	39.03431108853025
1194	39.014660200805025
1195	38.99193507645788
1196	38.97473758312592
1197	38.959290794300166
1198	38.94109466573987
1199	38.9257040256198
1200	38.9046530100797
1201	38.89098973771121
1202	38.87372601317547
1203	38.85255553223402
1204	38.839064340154486
1205	38.819432206308385
1206	38.80220743897487
1207	38.785525740135846
1208	38.77190845068792
1209	38.7580758697883
1210	38.74386929512675
1211	38.72983382279396
1212	38.70552950927355
1213	38.68494507100966
1214	38.666015977562516
1215	38.65245219074045
1216	38.636229598694044
1217	38.6132076073016
1218	38.59522815228082
1219	38.580995575830926
1220	38.5650253205624
1221	38.55078439960032
1222	38.53136442652496
1223	38.5105325713034
1224	38.483670236160364
1225	38.46195667639054
1226	38.4333783893823
1227	38.41421962865236
1228	38.3847454556175
1229	38.369989400158005
1230	38.353955561453134
1231	38.33262886633995
1232	38.31833691767808
1233	38.29705499744177
1234	38.27370006042825
1235	38.25031076376609
1236	38.22867996481196
1237	38.21333388293019
1238	38.19951762554755
1239	38.182864047220214
1240	38.16739644662735
1241	38.15278112066756
1242	38.13805202295304
1243	38.1229351807228
1244	38.107988547909436
1245	38.09128570456214
1246	38.070790796858276
1247	38.051690086335704
1248	38.03801432148641
1249	38.0224471344916
1250	37.99597253326945
1251	37.98242789783802
1252	37.96962768660937
1253	37.948835512317864
1254	37.92859660583385
1255	37.91437598798224
1256	37.893880992586666
1257	37.87680363969803
1258	37.86256232194947
1259	37.840108405676034
1260	37.82562758286973
1261	37.802536404995664
1262	37.789265927227454
1263	37.763709765034505
1264	37.750978491962144
1265	37.73120259824452
1266	37.70996467583406
1267	37.69421527058243
1268	37.67697303670867
1269	37.6643352828277
1270	37.64590710375138
1271	37.62478100448432
1272	37.603473473982426
1273	37.58811983769919
1274	37.575611973957535
1275	37.5626586623141
1276	37.54770994097576
1277	37.534545382539655
1278	37.5122190176607
1279	37.490402213787966
1280	37.47610496918149
1281	37.45356733892965
1282	37.431486491002495
1283	37.41364618334335
1284	37.401892083709185
1285	37.388118910274166
1286	37.37167800710856
1287	37.358825640809926
1288	37.332665110704035
1289	37.319631579848085
1290	37.30216691858319
1291	37.28765249490366
1292	37.27476734266116
1293	37.24920226974885
1294	37.22661664001637
1295	37.21110230442893
1296	37.19677123377356
1297	37.17802437314723
1298	37.166361905617215
1299	37.151613852702525
1300	37.131901698867445
1301	37.119582795259035
1302	37.099959104619025
1303	37.083556215105354
1304	37.06963782147794
1305	37.050753777566236
1306	37.0373810792514
1307	37.021101121267364
1308	37.00244734750395
1309	36.98645877370457
1310	36.97064354413031
1311	36.949189124154906
1312	36.932757970303086
1313	36.91014803139837
1314	36.890185933922695
1315	36.86865629503362
1316	36.855978269708366
1317	36.83332136626632
1318	36.808611464635945
1319	36.79580150984235
1320	36.78234287485773
1321	36.766844765958886
1322	36.75441743040658
1323	36.72681472771122
1324	36.71319637633707
1325	36.69263520487408
1326	36.67307145899721
1327	36.661448985007176
1328	36.64121024606763
1329	36.62136008316048
1330	36.60558517779947
1331	36.58974762135989
1332	36.57089458304937
1333	36.555898188335426
1334	36.5437130976583
1335	36.52391957019704
1336	36.510876610473815
1337	36.4914287287962
1338	36.4779663747969
1339	36.46542794791575
1340	36.448742867026645
1341	36.43247320867363
1342	36.420666205637204
1343	36.40770534029555
1344	36.39383563550973
1345	36.37827529584466
1346	36.36119367735098
1347	36.34968639252239
1348	36.33704463376075
1349	36.32084262193037
1350	36.306670901330854
1351	36.292399805518734
1352	36.26994313493261
1353	36.256857489492894
1354	36.23111642505881
1355	36.21157788166362
1356	36.192473252204906
1357	36.180418451279664
1358	36.161391391543894
1359	36.14715338945915
1360	36.12925456874917
1361	36.11522114915792
1362	36.102322670294264
1363	36.086541341457114
1364	36.06492569397233
1365	36.046359091565634
1366	36.03361948551933
1367	36.01658640429453
1368	35.99986064123072
1369	35.988424029492464
1370	35.97408023181802
1371	35.95651754199555
1372	35.940279121434976
1373	35.92076367812572
1374	35.90958282815114
1375	35.89718099286861
1376	35.88234074969993
1377	35.870762040653865
1378	35.85898835148236
1379	35.84577335954676
1380	35.834083489354775
1381	35.81871013845982
1382	35.79947413201646
1383	35.787632083869646
1384	35.77665761041875
1385	35.76636408568247
1386	35.751251863983505
1387	35.73759435078644
1388	35.72269989435162
1389	35.70786566724766
1390	35.68564073052472
1391	35.67202652444398
1392	35.6580310449188
1393	35.63482869369355
1394	35.62345412335216
1395	35.612023723686725
1396	35.59570708058038
1397	35.57073834502622
1398	35.55287376301439
1399	35.5362795919128
1400	35.51771199983667
1401	35.494558305854056
1402	35.480775170086
1403	35.46920137147044
1404	35.45781344829991
1405	35.44536361945836
1406	35.42911778610949
1407	35.41142944518063
1408	35.39129013982351
1409	35.37583262107769
1410	35.36098386416631
1411	35.3508572013954
1412	35.33891163590113
1413	35.324507702931
1414	35.3083399128277
1415	35.29429813378011
1416	35.283641710990906
1417	35.268197314384075
1418	35.249112274447796
1419	35.2379528839578
1420	35.21971036546513
1421	35.20823414176025
1422	35.1948968035842
1423	35.18042899688263
1424	35.168577115457694
1425	35.15633002248866
1426	35.14516648263979
1427	35.13321317157954
1428	35.11926574948187
1429	35.10533469714615
1430	35.09304682987993
1431	35.08291348512728
1432	35.06717834294758
1433	35.04889562098871
1434	35.02971295640913
1435	35.01879604988376
1436	34.99732578823436
1437	34.9840754345825
1438	34.973772904617725
1439	34.95807202244063
1440	34.947738824943514
1441	34.937251126606874
1442	34.92543011156652
1443	34.91205143473191
1444	34.892498070899435
1445	34.88039759656508
1446	34.869555690411644
1447	34.85607962338257
1448	34.84525810473758
1449	34.83304199253369
1450	34.82057758295428
1451	34.80915373447572
1452	34.79856781183095
1453	34.78610634385755
1454	34.77199020505643
1455	34.75843689222179
1456	34.745801976459354
1457	34.73526186409019
1458	34.72467163181558
1459	34.714725229866275
1460	34.697977455125844
1461	34.68514005734116
1462	34.66890489695924
1463	34.658637990294295
1464	34.6473878609792
1465	34.63592318387181
1466	34.62593410022355
1467	34.612000771803025
1468	34.59775910698321
1469	34.586192497085584
1470	34.57405043342509
1471	34.55959401421985
1472	34.54343249021051
1473	34.53106168744609
1474	34.5206434551351
1475	34.50230479074279
1476	34.48106461540347
1477	34.464995470312246
1478	34.4460123212523
1479	34.432639901379275
1480	34.42003092078714
1481	34.4057796844788
1482	34.39486161720538
1483	34.38384754509953
1484	34.37119350193998
1485	34.357775977781
1486	34.34722622025724
1487	34.333402797764705
1488	34.317740852090374
1489	34.304007620179135
1490	34.29174008993781
1491	34.28124525052934
1492	34.26730379323273
1493	34.257473016304694
1494	34.24525891947559
1495	34.234150276681774
1496	34.22297263303793
1497	34.212361020096424
1498	34.1989607941573
1499	34.1873734565805
1500	34.17602127677886
1501	34.16416748007922
1502	34.149621605249465
1503	34.137126650526106
1504	34.12636387519966
1505	34.116692466782574
1506	34.10054128613498
1507	34.090955883505806
1508	34.08085214037096
1509	34.06604951514673
1510	34.05387080094297
1511	34.0438776446523
1512	34.0343364797045
1513	34.02434763870882
1514	34.007292276164705
1515	33.99446599058594
1516	33.98395338654051
1517	33.97020476705198
1518	33.96039456580546
1519	33.950298130370534
1520	33.93765048596317
1521	33.926859147218224
1522	33.91152362566856
1523	33.89938364033999
1524	33.8895902837547
1525	33.87931612817233
1526	33.8645631650721
1527	33.851731714177994
1528	33.84122245193203
1529	33.82958160796174
1530	33.82026828285519
1531	33.81046771092709
1532	33.79946162651032
1533	33.78677937196232
1534	33.775267269120015
1535	33.76362448988237
1536	33.75020758511286
1537	33.741542293953096
1538	33.72513549739101
1539	33.715460099934866
1540	33.70513955660102
1541	33.69393562071569
1542	33.68363150173202
1543	33.662504351611645
1544	33.65106056235071
1545	33.63996573058823
1546	33.63147327730891
1547	33.6126704835754
1548	33.602368332720886
1549	33.59046021167131
1550	33.57177855822109
1551	33.557309219480665
1552	33.54671292799377
1553	33.53452275350479
1554	33.52475657756637
1555	33.51230738990039
1556	33.50325314234465
1557	33.4895552226171
1558	33.47976238202127
1559	33.46286770929574
1560	33.453821722026625
1561	33.439181918026854
1562	33.42396307558852
1563	33.410669691688696
1564	33.398901789582
1565	33.38713341811951
1566	33.37381199607557
1567	33.364363834816146
1568	33.35168790294759
1569	33.34255742468826
1570	33.32751543417094
1571	33.31562192655618
1572	33.301528681603884
1573	33.2892493962822
1574	33.27831590965385
1575	33.268122616736335
1576	33.25148682546436
1577	33.238379595410414
1578	33.22570344932714
1579	33.20973534381423
1580	33.197928857626216
1581	33.185783560840896
1582	33.17652033936689
1583	33.15597418589707
1584	33.1383944243601
1585	33.12327842721683
1586	33.11407635280733
1587	33.104756313297486
1588	33.094116598845176
1589	33.08240080060256
1590	33.07158397760856
1591	33.062234993669904
1592	33.05117811783315
1593	33.03556140982377
1594	33.0226258627112
1595	33.002604570935375
1596	32.9905979977797
1597	32.97419848915364
1598	32.9610227548687
1599	32.94548217293881
1600	32.93689174493229
1601	32.926679944868255
1602	32.91752534838415
1603	32.907795627659354
1604	32.899192107830046
1605	32.88623702332707
1606	32.8758372325546
1607	32.85879213242572
1608	32.847582490901424
1609	32.837300045142854
1610	32.8282471195868
1611	32.81748000424202
1612	32.80674816075907
1613	32.79543295457795
1614	32.78224657591557
1615	32.77258829197692
1616	32.7636496192867
1617	32.75259645460437
1618	32.74185073545347
1619	32.73085273914164
1620	32.71300334050202
1621	32.70236233012203
1622	32.69385576742926
1623	32.681752271034334
1624	32.6658537763022
1625	32.65695439177921
1626	32.64336084821529
1627	32.63253791517084
1628	32.62234284397016
1629	32.61327556197658
1630	32.60268576416905
1631	32.59325358847418
1632	32.58454023214562
1633	32.574410086257004
1634	32.55972635456018
1635	32.545399671929104
1636	32.53069498722449
1637	32.514624914170184
1638	32.50588594310006
1639	32.48928485303756
1640	32.48040787424706
1641	32.47097816335386
1642	32.46131538667951
1643	32.447883284482714
1644	32.43431493510438
1645	32.42111178067435
1646	32.41214188087124
1647	32.40339831719365
1648	32.393437474902136
1649	32.38450947599452
1650	32.37531225071437
1651	32.36553003553033
1652	32.352313676020344
1653	32.336965451945794
1654	32.326727595284645
1655	32.3185839120932
1656	32.30567395693974
1657	32.28836206938217
1658	32.27956356119183
1659	32.27035360623298
1660	32.25956721128842
1661	32.24396745492533
1662	32.23577542851822
1663	32.22529469303085
1664	32.21706513399444
1665	32.207270379660045
1666	32.197382361082106
1667	32.18802814878261
1668	32.17950856474281
1669	32.16368202450456
1670	32.15414175226802
1671	32.135875871689635
1672	32.123566928870105
1673	32.11406528283317
1674	32.104155797658535
1675	32.09589636998578
1676	32.085414985412754
1677	32.07679092333058
1678	32.06838273173617
1679	32.05596822761143
1680	32.046732044697436
1681	32.038144267890615
1682	32.0217189809215
1683	32.013629322035015
1684	32.00519713520515
1685	31.995525399754793
1686	31.98099412474492
1687	31.972685785871633
1688	31.964637821884136
1689	31.955030932656943
1690	31.945243405194624
1691	31.934803190934755
1692	31.923273099915896
1693	31.90910830931001
1694	31.89956711076982
1695	31.886281756251968
1696	31.87750207468313
1697	31.86903353374717
1698	31.858987885964503
1699	31.84698103605435
1700	31.838750685713183
1701	31.829545675494533
1702	31.81920106274121
1703	31.811529058611757
1704	31.799843341506055
1705	31.792022579754875
1706	31.783897939995498
1707	31.774319527724668
1708	31.766529567718347
1709	31.753129461335682
1710	31.745459077047286
1711	31.735171287573188
1712	31.726519763370273
1713	31.715943857883353
1714	31.703914984145285
1715	31.695287859410435
1716	31.682699007963194
1717	31.671018851258758
1718	31.657272529245592
1719	31.647658849950396
1720	31.638276322980836
1721	31.629424478293853
1722	31.620715002575803
1723	31.609840382308093
1724	31.59461418134736
1725	31.586362824700746
1726	31.573781698681707
1727	31.563282715931628
1728	31.551171323067646
1729	31.54235219628624
1730	31.534429781223942
1731	31.52253119696325
1732	31.5154824415195
1733	31.507712517370596
1734	31.49226866506336
1735	31.482933932994566
1736	31.475321010488877
1737	31.46830382934408
1738	31.459942053583493
1739	31.45129719509805
1740	31.440551539701552
1741	31.42952681584584
1742	31.42048599691166
1743	31.406760346017315
1744	31.39374394337471
1745	31.383370081896818
1746	31.37447182750064
1747	31.366599257277233
1748	31.353757816584817
1749	31.340169640478255
1750	31.33152546867682
1751	31.323431135927486
1752	31.315243521272933
1753	31.306216550554026
1754	31.29577311364282
1755	31.277850164634323
1756	31.266814286275352
1757	31.259315983251525
1758	31.24939113953086
1759	31.23700707900854
1760	31.223704423662095
1761	31.215887486647766
1762	31.201498756139593
1763	31.19411707438388
1764	31.180781469804845
1765	31.171737463223895
1766	31.161198351176527
1767	31.14957234246429
1768	31.13392766438116
1769	31.125998268290935
1770	31.114841099905654
1771	31.10554007182444
1772	31.096436010846972
1773	31.084070942589314
1774	31.067375040464704
1775	31.060012117049343
1776	31.050488167077322
1777	31.037007719035973
1778	31.021062870853328
1779	31.01137566870093
1780	31.00296846523283
1781	30.996302996686094
1782	30.986293834206258
1783	30.978274007000845
1784	30.96474459710036
1785	30.956651176806265
1786	30.948810190543025
1787	30.94061227864473
1788	30.926745080100503
1789	30.91617533983707
1790	30.904567634801317
1791	30.894611124043156
1792	30.88047030463363
1793	30.872872139703674
1794	30.86308140636094
1795	30.855198683776315
1796	30.847648945728334
1797	30.837774429594447
1798	30.82782622757382
1799	30.817974176072482
1800	30.810281463941035
1801	30.799004345238036
1802	30.787685225750923
1803	30.778645269547035
1804	30.769915258541893
1805	30.763033574871027
1806	30.754243327467087
1807	30.74598073792759
1808	30.737571844721906
1809	30.72956215955756
1810	30.721048585749877
1811	30.712803775735352
1812	30.703388406220764
1813	30.69255313667532
1814	30.680168931269936
1815	30.66648554073923
1816	30.65291481874477
1817	30.64563818801366
1818	30.63994713915404
1819	30.632809826278805
1820	30.62357267946995
1821	30.61449739764726
1822	30.603809250397116
1823	30.592788237087458
1824	30.585714985756525
1825	30.57467423150608
1826	30.563741178539626
1827	30.55161868134014
1828	30.54272754614601
1829	30.5306796902997
1830	30.523321942501163
1831	30.515202990206514
1832	30.507982211314058
1833	30.49931449738947
1834	30.489681989181904
1835	30.481470560908782
1836	30.46952554327853
1837	30.45626619240436
1838	30.447154300777356
1839	30.43770646527601
1840	30.430064514282293
1841	30.421096360247816
1842	30.413099572740144
1843	30.402655865123712
1844	30.3875689163591
1845	30.374589013028018
1846	30.361439384327888
1847	30.35209092994773
1848	30.344640028046115
1849	30.336454983900815
1850	30.329187191586055
1851	30.31275241788114
1852	30.30591541628019
1853	30.2982124713386
1854	30.2910046202254
1855	30.28034781481806
1856	30.26797620596343
1857	30.257500704117046
1858	30.250638522049474
1859	30.236995578252852
1860	30.22979342335319
1861	30.20954094541787
1862	30.201454759498226
1863	30.193040958080047
1864	30.184715213969348
1865	30.175258717236602
1866	30.168108855210892
1867	30.159547938940122
1868	30.147702157921977
1869	30.140065931341024
1870	30.13326386949182
1871	30.125864147066558
1872	30.117536438608163
1873	30.109246210529765
1874	30.100449973574236
1875	30.095033331002362
1876	30.08799466256344
1877	30.080391700110557
1878	30.067435473984244
1879	30.059305821504275
1880	30.05162278854175
1881	30.042288822403624
1882	30.033094670048328
1883	30.021025629222336
1884	30.013985542599947
1885	30.002969797663546
1886	29.995783973085327
1887	29.98711906820868
1888	29.980460283215443
1889	29.971783441429864
1890	29.963206440785058
1891	29.954336229960806
1892	29.945015226627966
1893	29.936856328434853
1894	29.929965361953577
1895	29.91936860910366
1896	29.908308969430607
1897	29.900908956858565
1898	29.894275732883635
1899	29.88763171670163
1900	29.88038100803329
1901	29.872815200952235
1902	29.86540562913649
1903	29.858502663512382
1904	29.850514804230716
1905	29.843622413246862
1906	29.830347925540337
1907	29.819993645633254
1908	29.806255633072574
1909	29.7962318430192
1910	29.78616712426458
1911	29.779639052010065
1912	29.767963479224896
1913	29.75893589964125
1914	29.750305846637016
1915	29.739955398942328
1916	29.732946761175924
1917	29.7234899498569
1918	29.7123681888912
1919	29.700173219025316
1920	29.692155828368932
1921	29.68475947534509
1922	29.674541155846644
1923	29.66062196195811
1924	29.64858698274377
1925	29.638947723018887
1926	29.632695573805826
1927	29.623222843775974
1928	29.615386685923283
1929	29.608210165126394
1930	29.598258600055814
1931	29.589240932812444
1932	29.57688684659815
1933	29.568159695668314
1934	29.560856177942416
1935	29.552929600073426
1936	29.546028560691145
1937	29.539424136841877
1938	29.52726687728623
1939	29.518604615077926
1940	29.510800445740653
1941	29.50463819188184
1942	29.49594713768217
1943	29.48809123425343
1944	29.481559738622888
1945	29.473861008419586
1946	29.46511795250104
1947	29.452162493130473
1948	29.443298251536763
1949	29.43542436063467
1950	29.42523893306183
1951	29.417437582743165
1952	29.410062906806008
1953	29.40370187393253
1954	29.397100708824233
1955	29.38962766103527
1956	29.37850949745769
1957	29.37178629781075
1958	29.364110821269634
1959	29.357055187295053
1960	29.3496893738271
1961	29.342897375566555
1962	29.33438680159547
1963	29.32472073328896
1964	29.317991627846574
1965	29.304715983058177
1966	29.295709549371228
1967	29.28390102705304
1968	29.27562600472482
1969	29.26769334062016
1970	29.261111331290234
1971	29.25451156857932
1972	29.24632809126342
1973	29.23966899526947
1974	29.231507409349657
1975	29.22537113168614
1976	29.219140095330587
1977	29.210158561544795
1978	29.20364117955324
1979	29.19527110533298
1980	29.1886742790346
1981	29.180572890207294
1982	29.169193163681395
1983	29.162395395451764
1984	29.154215729139285
1985	29.147195505938107
1986	29.139301446510864
1987	29.128711711050627
1988	29.12246485375252
1989	29.115296660454963
1990	29.108837924502026
1991	29.10239338952078
1992	29.093333696406106
1993	29.087596731005064
1994	29.079281722335594
1995	29.07305552076932
1996	29.064966243350344
1997	29.05944563967997
1998	29.051525806451263
1999	29.044014872355355
2000	29.037661962044854
2001	29.02840861024979
2002	29.01950925119603
2003	29.00686878342861
2004	28.9990442039734
2005	28.990011025687277
2006	28.983230170971115
2007	28.97280373277885
2008	28.96578513022403
2009	28.95831458668317
2010	28.952099435596136
2011	28.941636245014934
2012	28.934888535218267
2013	28.927829554428897
2014	28.921221898965214
2015	28.914797782504763
2016	28.90840748089293
2017	28.902101534898478
2018	28.894277779798472
2019	28.88680331491825
2020	28.878718510586335
2021	28.87158782648011
2022	28.861860550281396
2023	28.853322037301446
2024	28.845821921781486
2025	28.83900405995705
2026	28.829823371368
2027	28.82386497516721
2028	28.8157124316894
2029	28.805307434119616
2030	28.794089748084886
2031	28.787690691191564
2032	28.78093158399599
2033	28.77324486981799
2034	28.76732340679365
2035	28.761226656470235
2036	28.75412406769332
2037	28.746376616573208
2038	28.73695462925494
2039	28.730348311355748
2040	28.72308594887313
2041	28.717175791372426
2042	28.710112670623616
2043	28.69873936688701
2044	28.6890827941612
2045	28.681172451364574
2046	28.66916996667032
2047	28.66029936319447
2048	28.648940903704897
2049	28.643176470470195
2050	28.63699325614898
2051	28.627147198116838
2052	28.617884444110594
2053	28.61193999416573
2054	28.603002830068935
2055	28.595747264718465
2056	28.587685723703505
2057	28.579210743119507
2058	28.573216965458297
2059	28.56710955913318
2060	28.560851633411207
2061	28.550498134658042
2062	28.54235864833523
2063	28.535295703055105
2064	28.528543329372944
2065	28.52257466624641
2066	28.515836781749996
2067	28.507798149525872
2068	28.49999357411595
2069	28.494693984072363
2070	28.488499307389926
2071	28.481463783087623
2072	28.47492749672246
2073	28.465508294167748
2074	28.458721545873203
2075	28.452877771897434
2076	28.44674256883919
2077	28.432690134565522
2078	28.419252605666763
2079	28.41353884131611
2080	28.407565557267496
2081	28.398798847397604
2082	28.38918076907897
2083	28.382442791316123
2084	28.37306098013486
2085	28.36546242076301
2086	28.358540754923325
2087	28.35216418841844
2088	28.346176096414318
2089	28.337643075056675
2090	28.329916631854164
2091	28.32145375462883
2092	28.31406478245706
2093	28.30478091734618
2094	28.299414729138988
2095	28.292038810542763
2096	28.28570625249904
2097	28.279647811201286
2098	28.273213142877037
2099	28.262049833710016
2100	28.255149536470448
2101	28.24959416828571
2102	28.243030755282128
2103	28.23504393035557
2104	28.225535504207112
2105	28.217815080615633
2106	28.206139103528383
2107	28.19767375421209
2108	28.19107991678822
2109	28.185204949934214
2110	28.175720353094633
2111	28.16785687472588
2112	28.159094198460785
2113	28.153355742697332
2114	28.146025879057376
2115	28.137115535363275
2116	28.131388901306984
2117	28.12318009805528
2118	28.11731023122386
2119	28.109976639188485
2120	28.10440506576192
2121	28.098664069772383
2122	28.089053605298677
2123	28.0805017633277
2124	28.074683154210938
2125	28.068014262115014
2126	28.058794529863675
2127	28.050045829695357
2128	28.040871000446906
2129	28.035110479861462
2130	28.02871277709483
2131	28.021939967265663
2132	28.0146041487911
2133	28.008249048972132
2134	28.000124373275302
2135	27.99436549618503
2136	27.986611482374137
2137	27.980731476121175
2138	27.97036542352213
2139	27.963663964918716
2140	27.957758961805297
2141	27.950569766426444
2142	27.94444802242031
2143	27.938591653098634
2144	27.930020084300622
2145	27.9210937048776
2146	27.915645867567296
2147	27.909532791127205
2148	27.903717834747926
2149	27.897424377317137
2150	27.89083865603052
2151	27.87999191587077
2152	27.87447365746508
2153	27.867658748016396
2154	27.86134016212177
2155	27.854888700150358
2156	27.848012823665808
2157	27.841859108663964
2158	27.834832795032998
2159	27.828370175217543
2160	27.821281274046573
2161	27.8140612362042
2162	27.80678064793059
2163	27.801157324267088
2164	27.795377036698785
2165	27.78634216384916
2166	27.776027340785586
2167	27.76729552325317
2168	27.761818666316003
2169	27.75516587882871
2170	27.748933039697672
2171	27.742701755979628
2172	27.73706837738434
2173	27.73052479544372
2174	27.72119228365326
2175	27.713488369768875
2176	27.706639851274925
2177	27.698737919121758
2178	27.690022518800745
2179	27.684068662198463
2180	27.67836017892369
2181	27.668260457659873
2182	27.66142542157998
2183	27.65498251232579
2184	27.648949702984368
2185	27.639788571121173
2186	27.633855690109243
2187	27.62622350363457
2188	27.616072343820335
2189	27.606445625071892
2190	27.600292204458675
2191	27.59351961012975
2192	27.587797883298673
2193	27.581412475051703
2194	27.572768148519007
2195	27.56488068169251
2196	27.559226577297945
2197	27.552057060245875
2198	27.54648990015195
2199	27.54097810914509
2200	27.533696293179677
2201	27.525133769109296
2202	27.519620453919956
2203	27.513707023713394
2204	27.50623088558345
2205	27.501172587971677
2206	27.49248104970196
2207	27.483187529081558
2208	27.475363187211492
2209	27.466414877912648
2210	27.456936187726242
2211	27.44818611562004
2212	27.442553427258403
2213	27.43329029163974
2214	27.42691171724723
2215	27.4207737197861
2216	27.414201086236677
2217	27.40525897597615
2218	27.3986521189909
2219	27.393081341671493
2220	27.387291518642144
2221	27.38082605415137
2222	27.37461620939479
2223	27.369194789067087
2224	27.361420580317468
2225	27.35366668535922
2226	27.344805028943195
2227	27.33687764012731
2228	27.330953564221815
2229	27.32557678204872
2230	27.3181133393916
2231	27.309753957291008
2232	27.30276110036819
2233	27.296522319978003
2234	27.288735928075518
2235	27.281860346692007
2236	27.27597362721902
2237	27.270919760733555
2238	27.263743244850623
2239	27.25828400130221
2240	27.25316128350032
2241	27.247956963981967
2242	27.241525981954172
2243	27.23572353125356
2244	27.229548651873372
2245	27.223352617549367
2246	27.21635352657738
2247	27.210367762090602
2248	27.20451610860036
2249	27.19767739439138
2250	27.191160013542472
2251	27.182864773116773
2252	27.17743976728732
2253	27.17200572832318
2254	27.16248028006022
2255	27.155459361972706
2256	27.145860800928347
2257	27.139127203956154
2258	27.13241286942175
2259	27.122566205574074
2260	27.117534899390613
2261	27.112633349333404
2262	27.107373763542824
2263	27.100118588140226
2264	27.09430786298862
2265	27.08975407246734
2266	27.084649492146763
2267	27.079336643059822
2268	27.073819966331587
2269	27.06783161140951
2270	27.060634866959266
2271	27.05237249676707
2272	27.047102723536113
2273	27.03923749636118
2274	27.034233535486923
2275	27.02854492430085
2276	27.022567012976648
2277	27.016542828266502
2278	27.011690107182122
2279	27.006371821813826
2280	27.00062817086851
2281	26.992623995939905
2282	26.985817955038122
2283	26.98073959276804
2284	26.97479724249611
2285	26.969767160399478
2286	26.96298042205409
2287	26.955981563889168
2288	26.948349999958282
2289	26.942703273801936
2290	26.933414050704812
2291	26.923933366693944
2292	26.9190069421744
2293	26.912401260817077
2294	26.904730915095527
2295	26.893879332767735
2296	26.886263612961677
2297	26.87956024222043
2298	26.871080233021125
2299	26.862261836605974
2300	26.855209596828452
2301	26.84594122915977
2302	26.83813332577435
2303	26.83263603387278
2304	26.825121174960756
2305	26.815803138932782
2306	26.809348186474296
2307	26.802638765241355
2308	26.795182210268607
2309	26.785808249043118
2310	26.777839326724035
2311	26.772727326416135
2312	26.767684759865748
2313	26.761180775555612
2314	26.752946111744233
2315	26.747304862818602
2316	26.741357008698863
2317	26.736192541826394
2318	26.73108170803094
2319	26.724952287398818
2320	26.719778298811406
2321	26.714552627108926
2322	26.710019809164145
2323	26.70518322427745
2324	26.698073199713022
2325	26.69297519446763
2326	26.68759030648687
2327	26.68239415751084
2328	26.67519672833565
2329	26.66481169415223
2330	26.656740032183272
2331	26.64895897081604
2332	26.642922360067423
2333	26.638044096611445
2334	26.63320293329214
2335	26.628792784102174
2336	26.623180604267386
2337	26.616518655058496
2338	26.61080047647392
2339	26.605402769829166
2340	26.60006501856062
2341	26.592378481472824
2342	26.58416208948166
2343	26.576234482681144
2344	26.565624766195693
2345	26.561165439123965
2346	26.555392812056887
2347	26.549466197593908
2348	26.54052775261989
2349	26.532862230497148
2350	26.52707980987993
2351	26.516715976902667
2352	26.511902992605684
2353	26.50558565791219
2354	26.498816302423617
2355	26.493327843773507
2356	26.488514091750712
2357	26.482896786607373
2358	26.477253941110348
2359	26.470780901700838
2360	26.464292636211148
2361	26.45942560387025
2362	26.44793186886885
2363	26.442963832829754
2364	26.4379243227566
2365	26.429213177392548
2366	26.42409903069892
2367	26.417892358067174
2368	26.41265719243741
2369	26.406925250998842
2370	26.401354332938652
2371	26.395969338196917
2372	26.391069639179932
2373	26.380246667417637
2374	26.373701855952696
2375	26.36919698932446
2376	26.363563005709484
2377	26.35770623432784
2378	26.35269300093856
2379	26.344208921601055
2380	26.33804044379427
2381	26.33281448492481
2382	26.32527264301704
2383	26.32068513354889
2384	26.31393371280633
2385	26.308499180802308
2386	26.302600082428675
2387	26.29676139169932
2388	26.291492292506838
2389	26.286830164544394
2390	26.282209258289466
2391	26.272990913910032
2392	26.267597211087065
2393	26.26209429924402
2394	26.257263456366555
2395	26.249447991284057
2396	26.244999224588234
2397	26.24080845036149
2398	26.235455312852157
2399	26.22914241884524
2400	26.22418143373386
2401	26.219052827052685
2402	26.214229035415592
2403	26.209364773979697
2404	26.204202498605436
2405	26.19829973325502
2406	26.19281284524695
2407	26.1872747647056
2408	26.182385528239347
2409	26.177561792626364
2410	26.17152829859885
2411	26.166968305682857
2412	26.162296729351556
2413	26.156786607026806
2414	26.15157641692501
2415	26.14697669913198
2416	26.141810218505533
2417	26.137043802363664
2418	26.132172698834278
2419	26.125763799726894
2420	26.120504336474784
2421	26.114455392499238
2422	26.10942426119078
2423	26.104192535660992
2424	26.09829200843165
2425	26.092755353150398
2426	26.08629538406298
2427	26.081953580529174
2428	26.076681793555288
2429	26.07195785133878
2430	26.067344581137363
2431	26.061420934456084
2432	26.054267067329736
2433	26.04947531392922
2434	26.044683940589543
2435	26.036982905549777
2436	26.029809901631992
2437	26.023012951433785
2438	26.017111725388485
2439	26.010996276479805
2440	26.005033623039548
2441	25.998986135605612
2442	25.99149519977659
2443	25.98626629647529
2444	25.981283820793966
2445	25.97647513582904
2446	25.971111241100854
2447	25.96456913156325
2448	25.95870826233952
2449	25.952115897791735
2450	25.94349180580849
2451	25.936304162820203
2452	25.929064131255014
2453	25.924609671143102
2454	25.91695363109366
2455	25.910926170730928
2456	25.90516817297018
2457	25.899276740898593
2458	25.89218297638699
2459	25.884541499738674
2460	25.879383280791654
2461	25.87346724704168
2462	25.868002237468044
2463	25.86233175990731
2464	25.856104823098796
2465	25.850083134952023
2466	25.84310176547673
2467	25.838470626339628
2468	25.83349388825756
2469	25.82353825334899
2470	25.815540976262774
2471	25.810622609667814
2472	25.802828867394023
2473	25.79823773939693
2474	25.79331241402031
2475	25.788676997580303
2476	25.78399264924268
2477	25.777861514918794
2478	25.772608603110836
2479	25.76816519387398
2480	25.763798565969086
2481	25.758785470447272
2482	25.752442029527927
2483	25.74784825349075
2484	25.740836039305186
2485	25.73575573412257
2486	25.731083481154432
2487	25.725278688126032
2488	25.720285554318448
2489	25.71374013149429
2490	25.708252559475795
2491	25.703196748910415
2492	25.697490142062755
2493	25.69310784409061
2494	25.6843766520037
2495	25.67906171145427
2496	25.673483147372366
2497	25.668321890249157
2498	25.660980456155677
2499	25.656369256515497
2500	25.649905031277907
2501	25.644438927969546
2502	25.639901898076154
2503	25.634310245496437
2504	25.62842791991387
2505	25.623894578538017
2506	25.61800495006431
2507	25.610761704546544
2508	25.60398939910736
2509	25.599339811537188
2510	25.591627903377724
2511	25.586741760683097
2512	25.58091302521131
2513	25.575797107720604
2514	25.570904224816516
2515	25.565705331645894
2516	25.560487930889813
2517	25.55370121630876
2518	25.549492480325803
2519	25.545273806207884
2520	25.539705258199508
2521	25.53544048008452
2522	25.530497405814074
2523	25.52502483673342
2524	25.516533578128143
2525	25.511777911226613
2526	25.507581923591097
2527	25.503027019672697
2528	25.499182260239518
2529	25.49161819550246
2530	25.483562743471413
2531	25.479118698029968
2532	25.474589754143047
2533	25.469426709712533
2534	25.46513453425384
2535	25.457726520625457
2536	25.449940353084873
2537	25.44511989388431
2538	25.440950832434204
2539	25.436569582794373
2540	25.4281257004966
2541	25.421064715455444
2542	25.417094426108
2543	25.412315216214814
2544	25.40604634507853
2545	25.401219650096483
2546	25.39672000168059
2547	25.391677551741
2548	25.38395797110784
2549	25.37972214000195
2550	25.374627184147137
2551	25.369353087916895
2552	25.361688709774704
2553	25.354165153828337
2554	25.349778795372732
2555	25.343757266387364
2556	25.339396388019424
2557	25.334119770722832
2558	25.329470767052662
2559	25.3250492721035
2560	25.3196350707705
2561	25.31517860788369
2562	25.310454117740303
2563	25.305810695094824
2564	25.30144764684863
2565	25.297301919196048
2566	25.290940341811446
2567	25.286224065051627
2568	25.282240569571115
2569	25.275404248190906
2570	25.27077655774156
2571	25.265979339072324
2572	25.26157114794603
2573	25.254947534165947
2574	25.246507124456773
2575	25.23753659444496
2576	25.231554415977914
2577	25.227246490140484
2578	25.221937261821598
2579	25.215750204258498
2580	25.210925041615667
2581	25.20581371204119
2582	25.19887967054263
2583	25.19341639032808
2584	25.18826991987938
2585	25.183896031357946
2586	25.178233101345086
2587	25.170403141882776
2588	25.16632319163305
2589	25.16157702074605
2590	25.157303202650034
2591	25.15320933538756
2592	25.149051007050318
2593	25.14516560726786
2594	25.139154865900203
2595	25.134854089726215
2596	25.130315874065637
2597	25.12388245848377
2598	25.118338177371616
2599	25.113108692407266
2600	25.107341039911134
2601	25.102484556883507
2602	25.098022123147874
2603	25.09237275352989
2604	25.087444110267707
2605	25.08194799538747
2606	25.077724412169292
2607	25.07126080962819
2608	25.066759490505884
2609	25.062017079305797
2610	25.057541351962193
2611	25.051256237377853
2612	25.044709472564804
2613	25.04052347036456
2614	25.034657747430334
2615	25.030380291277982
2616	25.02548745092168
2617	25.021263286194323
2618	25.0144005102702
2619	25.006380252187203
2620	25.00113322971515
2621	24.995146587025104
2622	24.98982676243894
2623	24.98512159039992
2624	24.979705545909276
2625	24.975414858983363
2626	24.968896489864207
2627	24.96301726531676
2628	24.95846018082176
2629	24.95393347838407
2630	24.948464705103127
2631	24.944554585343234
2632	24.93914218998977
2633	24.934539911915195
2634	24.92980483017599
2635	24.9251971886064
2636	24.92027361631436
2637	24.916122170075987
2638	24.912178302939946
2639	24.906599639708137
2640	24.89943861006156
2641	24.894053431240742
2642	24.88625902653387
2643	24.881569882866952
2644	24.877441487709323
2645	24.872059544637203
2646	24.86693848187252
2647	24.86294936314635
2648	24.856462274254845
2649	24.850085581187074
2650	24.846299538620983
2651	24.839705372478342
2652	24.834952892702344
2653	24.83085402314337
2654	24.823903320496253
2655	24.817372587737292
2656	24.812463337321674
2657	24.808089698901522
2658	24.804098993745274
2659	24.799059068098728
2660	24.795521428992448
2661	24.79133399201719
2662	24.78711716664156
2663	24.78197847605993
2664	24.77581743571397
2665	24.77138666086628
2666	24.76746642598376
2667	24.76304049517154
2668	24.758267071114464
2669	24.751620522831413
2670	24.74644133344841
2671	24.73957577571496
2672	24.73611126650783
2673	24.73204527309462
2674	24.727636190157078
2675	24.720406638842437
2676	24.713687339901064
2677	24.708612291091093
2678	24.70394492023889
2679	24.699875743218243
2680	24.694697383882563
2681	24.689388378317073
2682	24.6850681175346
2683	24.680930222356622
2684	24.676275782185154
2685	24.672575667044406
2686	24.66698643963095
2687	24.662490719637688
2688	24.658146880653675
2689	24.654121013413178
2690	24.649414170971337
2691	24.64125165728901
2692	24.63574498205648
2693	24.631894600468197
2694	24.624603809335895
2695	24.62057070444971
2696	24.616318675686244
2697	24.610566661835293
2698	24.604072118451384
2699	24.598404187433697
2700	24.59311789098225
2701	24.589116362143383
2702	24.584679930962253
2703	24.57751750284851
2704	24.573441231666006
2705	24.569641174811444
2706	24.56474990651281
2707	24.558599439177303
2708	24.55481673497208
2709	24.551193297773228
2710	24.54695464710323
2711	24.543151835309985
2712	24.538040292053182
2713	24.53284048199236
2714	24.525606885348044
2715	24.520642287576344
2716	24.516316957113105
2717	24.510150730536193
2718	24.50638548984051
2719	24.50209097101429
2720	24.49697705878528
2721	24.49200385395259
2722	24.488080745719188
2723	24.483818801329637
2724	24.477498071593704
2725	24.47353977149536
2726	24.470097492568794
2727	24.465831322694186
2728	24.461246161459005
2729	24.45579774006029
2730	24.451870033485246
2731	24.44806684642739
2732	24.443598910595135
2733	24.43908794772311
2734	24.431382162991135
2735	24.427486442263184
2736	24.419270915072754
2737	24.41493553467634
2738	24.410432135334077
2739	24.40669475624846
2740	24.401584978559537
2741	24.39748627927987
2742	24.393826652410322
2743	24.390256096634268
2744	24.383714660985206
2745	24.378018553237805
2746	24.373832248246714
2747	24.370124576154623
2748	24.36331579148788
2749	24.359033207815557
2750	24.354749890395958
2751	24.350781005057232
2752	24.34427656848098
2753	24.33956242505399
2754	24.33526739768575
2755	24.328236074358735
2756	24.324367886530915
2757	24.320395287781007
2758	24.315708951628196
2759	24.311683217910943
2760	24.308265697572036
2761	24.303340263915995
2762	24.297398963102633
2763	24.290168705023287
2764	24.281342283645373
2765	24.275516250096263
2766	24.271745392038767
2767	24.267413377762885
2768	24.26059786740429
2769	24.25508267764871
2770	24.25080721079578
2771	24.246451920271017
2772	24.242801088642196
2773	24.238088826583514
2774	24.232453147347208
2775	24.226073094610136
2776	24.221898854375194
2777	24.21522327021933
2778	24.210676869267786
2779	24.206294530822724
2780	24.20085285466118
2781	24.197054968517946
2782	24.192386395682853
2783	24.18829020697902
2784	24.183883939856155
2785	24.17876183836462
2786	24.17356392577366
2787	24.168379908143717
2788	24.16432849603817
2789	24.160442292687044
2790	24.15666759039242
2791	24.151867308827306
2792	24.14605268924661
2793	24.14097799614543
2794	24.136927324243366
2795	24.13315142843384
2796	24.126881303206133
2797	24.122176224225132
2798	24.116765683853533
2799	24.112558346363734
2800	24.10873154327388
2801	24.104954991857472
2802	24.100725005992036
2803	24.095242585849597
2804	24.09090250778628
2805	24.08611506151284
2806	24.081878322264174
2807	24.074724609311403
2808	24.07045058676501
2809	24.065559562979086
2810	24.061795256725134
2811	24.057477348562177
2812	24.051944135944556
2813	24.04851582975831
2814	24.04493233460725
2815	24.039979600135762
2816	24.032238656562924
2817	24.025680643612834
2818	24.02078613047627
2819	24.015996172058802
2820	24.012597229615004
2821	24.006175596212064
2822	24.002366134718294
2823	23.99831574618204
2824	23.99078845464569
2825	23.985131255109856
2826	23.981569661146242
2827	23.977541435724586
2828	23.973579375551747
2829	23.968467072635143
2830	23.963764116269743
2831	23.959960188302926
2832	23.95437877842197
2833	23.95029627935814
2834	23.94603334804153
2835	23.94208549322877
2836	23.93773904518612
2837	23.93247547881719
2838	23.92731323597676
2839	23.923267057037812
2840	23.91974140777006
2841	23.9155843693244
2842	23.911584697879768
2843	23.90730807060328
2844	23.90252440881048
2845	23.89770878515173
2846	23.892616416145877
2847	23.888866258300716
2848	23.88476996572799
2849	23.87948738006965
2850	23.8746737343221
2851	23.87063228295112
2852	23.865094030279124
2853	23.86142749302771
2854	23.856310643258496
2855	23.850702732322898
2856	23.845645515516047
2857	23.838880808731822
2858	23.834395833651946
2859	23.829898678561495
2860	23.82658080433975
2861	23.822310352456405
2862	23.81759553133213
2863	23.81187902004398
2864	23.807995644461016
2865	23.80434407234961
2866	23.80038910695707
2867	23.796056171289077
2868	23.7918615089538
2869	23.787322503335243
2870	23.78147358080784
2871	23.776050627939163
2872	23.77052809053677
2873	23.765915156932323
2874	23.762522551233914
2875	23.759199191341636
2876	23.755545284842643
2877	23.751564765791343
2878	23.747747770692268
2879	23.7438787121846
2880	23.740164361437103
2881	23.736462329857698
2882	23.731474201838935
2883	23.725363299129043
2884	23.719772560178747
2885	23.71373845558456
2886	23.706748457507928
2887	23.701055240581585
2888	23.696904465448437
2889	23.692397985295997
2890	23.68849719235144
2891	23.68485489062691
2892	23.681235603702035
2893	23.67657592038802
2894	23.67303550706942
2895	23.669600784495632
2896	23.663552345513292
2897	23.659570010183337
2898	23.65548075808613
2899	23.649988929123317
2900	23.644762575089857
2901	23.640986792483304
2902	23.635112246735726
2903	23.631531363003248
2904	23.62720575798685
2905	23.623012563153136
2906	23.61956982763576
2907	23.613291948615768
2908	23.609317442029585
2909	23.60517002956862
2910	23.601523526170897
2911	23.597553939117326
2912	23.59375462168631
2913	23.589404975812016
2914	23.58419793267254
2915	23.580566793414324
2916	23.577003411018534
2917	23.570105581977128
2918	23.56623600232522
2919	23.55956217738897
2920	23.554962882477103
2921	23.551269642583687
2922	23.54596757594014
2923	23.542196055233788
2924	23.538812131999904
2925	23.535313665144116
2926	23.53023761353743
2927	23.52547338080592
2928	23.522149412244996
2929	23.51831970438057
2930	23.511890257043838
2931	23.507790548209034
2932	23.502670151257206
2933	23.498909267553252
2934	23.495693121246624
2935	23.492154316682893
2936	23.488639442144486
2937	23.484588518734725
2938	23.48046602867567
2939	23.473703578478457
2940	23.469475791011874
2941	23.46298074627975
2942	23.459263681281474
2943	23.452515103074145
2944	23.44900773021509
2945	23.444590344305126
2946	23.441247262397788
2947	23.437900153154498
2948	23.434188752155062
2949	23.430270750900952
2950	23.424625276733835
2951	23.421200776919218
2952	23.414813352170196
2953	23.40937368312639
2954	23.40555076125927
2955	23.400379643218244
2956	23.3968240752183
2957	23.39239869242206
2958	23.38734396227788
2959	23.382766821735874
2960	23.37930533848273
2961	23.375124635246923
2962	23.370826405767623
2963	23.367523259250135
2964	23.3640518653805
2965	23.360296696830318
2966	23.355967103056955
2967	23.352633170519944
2968	23.347992965234777
2969	23.34350034983211
2970	23.339676664253467
2971	23.33530529842058
2972	23.330036467643264
2973	23.3265908043796
2974	23.322204945007776
2975	23.318236410748696
2976	23.311941165052875
2977	23.308540614396975
2978	23.304088549499408
2979	23.300655059424656
2980	23.296940249570344
2981	23.291115464351158
2982	23.28745748120154
2983	23.28396240566509
2984	23.280857866103133
2985	23.27758417429084
2986	23.272469644329405
2987	23.269516052447205
2988	23.26344721088033
2989	23.258692355264554
2990	23.2548659475088
2991	23.250505610694557
2992	23.2451933412354
2993	23.240967438922063
2994	23.23753931702059
2995	23.233446932913914
2996	23.230192195059317
2997	23.225852438258205
2998	23.22139917944549
2999	23.216374998773343
3000	23.210569828592202
3001	23.206651537448867
3002	23.202753759376606
3003	23.199284391067767
3004	23.196125999299273
3005	23.191545858651516
3006	23.185162803056862
3007	23.180655898086798
3008	23.17733770860887
3009	23.172959708014986
3010	23.168454287793793
3011	23.16487818884261
3012	23.160722640400785
3013	23.157451111104958
3014	23.153667630777264
3015	23.149668526231583
3016	23.14527376874338
3017	23.141373458864393
3018	23.136060880135545
3019	23.132637319970684
3020	23.12906856986742
3021	23.1251935953837
3022	23.119881042469093
3023	23.115330861248513
3024	23.111689866159825
3025	23.10778250264468
3026	23.10459425174031
3027	23.100421333308923
3028	23.097063068773146
3029	23.092712505560918
3030	23.088484270775176
3031	23.083254191632605
3032	23.07992600650168
3033	23.075892677741738
3034	23.071723329934382
3035	23.065365851035658
3036	23.061743319110853
3037	23.054949554933348
3038	23.050071441168306
3039	23.04591950470911
3040	23.042610485489675
3041	23.0392825929684
3042	23.035691412891065
3043	23.03080391251057
3044	23.02833504276743
3045	23.023302684322395
3046	23.019528202840533
3047	23.0163610313736
3048	23.01324443944584
3049	23.008680665463118
3050	23.00366000639849
3051	22.997774312853508
3052	22.994407283372983
3053	22.99076677198233
3054	22.987913016961162
3055	22.984407345799074
3056	22.98095292509361
3057	22.97783106468572
3058	22.972815555430454
3059	22.969018396686675
3060	22.963995531538053
3061	22.96047745977925
3062	22.95704265348244
3063	22.95279933432891
3064	22.948776021528776
3065	22.94377996493751
3066	22.937072074316188
3067	22.93171919425955
3068	22.92784125188401
3069	22.9237803779757
3070	22.920242266663735
3071	22.91657608238094
3072	22.913298055171467
3073	22.9070198898466
3074	22.90118484650652
3075	22.896054864063647
3076	22.892510191587267
3077	22.88897953479143
3078	22.88331209052054
3079	22.880191642012786
3080	22.87650426361053
3081	22.87213027141696
3082	22.86854238035281
3083	22.864297027999317
3084	22.86101655191315
3085	22.85722148084367
3086	22.852921940752267
3087	22.849011597086236
3088	22.845523649616535
3089	22.841610209890074
3090	22.837514968946785
3091	22.832110451972188
3092	22.82902184063348
3093	22.8248725693798
3094	22.819944060263385
3095	22.81411973883053
3096	22.808871780322875
3097	22.803462834036544
3098	22.79858870584092
3099	22.79536168683152
3100	22.791214444911148
3101	22.788008680193187
3102	22.785239812704738
3103	22.782025166842136
3104	22.77844860662055
3105	22.77488039419582
3106	22.771580394206826
3107	22.76623010825822
3108	22.763007751648804
3109	22.75915577649569
3110	22.75422649330677
3111	22.75100068463454
3112	22.747597006682398
3113	22.743962723496757
3114	22.74042043011943
3115	22.736251526374016
3116	22.732379083467038
3117	22.72913424048427
3118	22.72400700605046
3119	22.718224096437403
3120	22.714657951747153
3121	22.71159756551795
3122	22.70822446303935
3123	22.704112632987755
3124	22.701265370775527
3125	22.69763271544713
3126	22.69358186147805
3127	22.690392640753007
3128	22.686828249902288
3129	22.683796603444595
3130	22.680502557590586
3131	22.6764817062785
3132	22.673024779048
3133	22.669540770185414
3134	22.665903374095976
3135	22.662738641246754
3136	22.658868607076144
3137	22.655634582437525
3138	22.65198918039048
3139	22.646790040880024
3140	22.643389520711533
3141	22.640225120571984
3142	22.63727619301821
3143	22.633063030422548
3144	22.629640153837435
3145	22.6259724539752
3146	22.622941604785126
3147	22.620117612366297
3148	22.61565934702449
3149	22.61087699469007
3150	22.605900309931528
3151	22.601987247649614
3152	22.597247832065143
3153	22.593145053377363
3154	22.59011215936178
3155	22.58611337276289
3156	22.583755664154154
3157	22.579446667224236
3158	22.576119728294067
3159	22.572589463339035
3160	22.569161173858923
3161	22.565367369627833
3162	22.562259398088226
3163	22.558456540682787
3164	22.554415668574386
3165	22.550176666435334
3166	22.546152121229653
3167	22.542962435287006
3168	22.538526568372394
3169	22.533496021961284
3170	22.528202952872487
3171	22.524767099275895
3172	22.521392755572
3173	22.518278243218063
3174	22.513875067798633
3175	22.50930330230991
3176	22.505349264294857
3177	22.49813240726385
3178	22.494005533327826
3179	22.488110667865477
3180	22.483717341362443
3181	22.47902052187053
3182	22.475973958787847
3183	22.472798616302384
3184	22.469839580040862
3185	22.466738221450377
3186	22.462582981348653
3187	22.45762662849762
3188	22.45336092287364
3189	22.449414062344708
3190	22.446772207214945
3191	22.443470791944222
3192	22.4402046077246
3193	22.436675085615594
3194	22.432890404674108
3195	22.429684412956245
3196	22.425880154230637
3197	22.422592517249626
3198	22.419214790853587
3199	22.416270602141566
3200	22.41329359344656
3201	22.409827548615542
3202	22.405867559259207
3203	22.40191206145065
3204	22.397218670290606
3205	22.3922028993916
3206	22.389078272135652
3207	22.385549662405655
3208	22.38176044079266
3209	22.3782163517677
3210	22.37526443643581
3211	22.371979786750895
3212	22.36712535268527
3213	22.36401868930675
3214	22.360072086099976
3215	22.356953191341628
3216	22.353895482311877
3217	22.350512156880853
3218	22.34664237481751
3219	22.343118971973265
3220	22.339829979116196
3221	22.334285878992
3222	22.33126050650341
3223	22.32818499352988
3224	22.323251461816543
3225	22.318190272797732
3226	22.31530565258409
3227	22.31185499802459
3228	22.30642919732178
3229	22.300731789182738
3230	22.297704328897638
3231	22.294598660491648
3232	22.290938722136474
3233	22.28767677781522
3234	22.28250970767543
3235	22.278592429690388
3236	22.274915053605366
3237	22.27241112516797
3238	22.268784913306636
3239	22.265780648535408
3240	22.26096677967862
3241	22.257932934812484
3242	22.253917390749056
3243	22.250846595422004
3244	22.247104826733175
3245	22.24256220924272
3246	22.239381267765587
3247	22.236515891246803
3248	22.23213260481927
3249	22.228463963454985
3250	22.22348134839524
3251	22.22005711451817
3252	22.217084093220812
3253	22.21335590321739
3254	22.210478273145657
3255	22.207692439018
3256	22.203720146363843
3257	22.200365432732053
3258	22.19736508001553
3259	22.192555561039182
3260	22.187821811199097
3261	22.182451859727912
3262	22.17878877261755
3263	22.174442547954207
3264	22.170819615616782
3265	22.168137992790868
3266	22.164714110978437
3267	22.160368505984156
3268	22.15739175591499
3269	22.15377849882971
3270	22.15010063716729
3271	22.145747208104673
3272	22.14272311554924
3273	22.138424630288732
3274	22.135236464320307
3275	22.1305831828406
3276	22.126430601147543
3277	22.121349505082733
3278	22.11811218427295
3279	22.115165413359
3280	22.110533133060777
3281	22.107005267812823
3282	22.103924905648828
3283	22.100713633226068
3284	22.096509973352934
3285	22.093659760384746
3286	22.08947646417472
3287	22.08439487050202
3288	22.08064567808675
3289	22.077698598289665
3290	22.074627544095023
3291	22.069473996544414
3292	22.064461483215695
3293	22.060649462570918
3294	22.05686307599075
3295	22.053534190280047
3296	22.04991675143664
3297	22.046932250281316
3298	22.042749775840527
3299	22.0396280776672
3300	22.034254941809806
3301	22.030431777706447
3302	22.027602360878515
3303	22.02387814278501
3304	22.01997963612501
3305	22.01693789818393
3306	22.01385585623879
3307	22.010757880415053
3308	22.00796344623421
3309	22.004991907532222
3310	22.00098858741125
3311	21.9977111346922
3312	21.992535297964714
3313	21.9891046814944
3314	21.98582638030587
3315	21.982072861927737
3316	21.979143233409133
3317	21.975674139617354
3318	21.97289699328792
3319	21.96936504848839
3320	21.966124392004254
3321	21.96005767974218
3322	21.95745535529421
3323	21.95305764289461
3324	21.950193291104707
3325	21.946507196367484
3326	21.94359921829016
3327	21.940709224252686
3328	21.937521246406554
3329	21.933742400986105
3330	21.930964070008578
3331	21.92741027156521
3332	21.922918207435927
3333	21.918601606546783
3334	21.915066344782375
3335	21.912058593312874
3336	21.907603844637347
3337	21.90450353579329
3338	21.90147806058445
3339	21.898745417848602
3340	21.894888028631648
3341	21.890857119775507
3342	21.888003961487943
3343	21.88508048486066
3344	21.88182830713761
3345	21.879094394220843
3346	21.87593705651922
3347	21.872677147694283
3348	21.868433638915462
3349	21.8650351125051
3350	21.861945724415335
3351	21.858334524719204
3352	21.855510215521836
3353	21.85312727287131
3354	21.8494955659284
3355	21.846237877692023
3356	21.842585293425834
3357	21.837403051907213
3358	21.833680133994246
3359	21.82897511612793
3360	21.82622038043417
3361	21.82347258271114
3362	21.820206573327734
3363	21.815718287967528
3364	21.812077451464287
3365	21.80886243857509
3366	21.80581465104436
3367	21.80266006545522
3368	21.79983145511008
3369	21.79489773052944
3370	21.791284768072458
3371	21.78750440393756
3372	21.782556104800264
3373	21.779375696267348
3374	21.775400749002063
3375	21.769679239392865
3376	21.765112293578056
3377	21.762007609171217
3378	21.758234365258293
3379	21.754808031362582
3380	21.751928697828006
3381	21.749396415402664
3382	21.746325654446455
3383	21.74288573010939
3384	21.737966338447333
3385	21.735340244635065
3386	21.732566798519237
3387	21.729729917017718
3388	21.72669692947297
3389	21.72398724355814
3390	21.72073523308892
3391	21.717734604087667
3392	21.715067172457598
3393	21.712215151411268
3394	21.709278179185073
3395	21.705334215814823
3396	21.70237337568912
3397	21.69812848129349
3398	21.69464492770923
3399	21.688805763366
3400	21.686021123311473
3401	21.680377044088505
3402	21.677596671502407
3403	21.674530727721045
3404	21.6714875419997
3405	21.667940056974167
3406	21.664923288806712
3407	21.660989960796957
3408	21.657617189532193
3409	21.65409696600114
3410	21.65125933389112
3411	21.645748751597917
3412	21.643058974842393
3413	21.639010465398606
3414	21.635868513182864
3415	21.632727134043353
3416	21.63007231993455
3417	21.627169176622818
3418	21.624553684200944
3419	21.619184885732007
3420	21.615641697142923
3421	21.611952811104253
3422	21.607737842946992
3423	21.604949189410785
3424	21.601628615103255
3425	21.598662637666642
3426	21.59589251144532
3427	21.593090562847895
3428	21.590103146855203
3429	21.586953908439526
3430	21.583402114696604
3431	21.580232504304707
3432	21.577543874593328
3433	21.573995383795662
3434	21.571267650523254
3435	21.56801636622188
3436	21.563498110789244
3437	21.558413568170508
3438	21.554338574265476
3439	21.551699145186966
3440	21.54888647910906
3441	21.54613341351475
3442	21.54376834470103
3443	21.540624079175466
3444	21.537681939272534
3445	21.53445918375035
3446	21.530695415619295
3447	21.527968054320294
3448	21.525019123457877
3449	21.52184996931623
3450	21.51909729347418
3451	21.51301372615574
3452	21.51060171842608
3453	21.50762805652285
3454	21.50311184091062
3455	21.50033003141664
3456	21.49560584493969
3457	21.492224056550583
3458	21.486948628160157
3459	21.48424382518253
3460	21.48019265014141
3461	21.477637514172663
3462	21.473907769633048
3463	21.471013734175017
3464	21.46606558155401
3465	21.462500260548584
3466	21.459595214553488
3467	21.45670395576552
3468	21.453980611911874
3469	21.45139870303953
3470	21.448979601610418
3471	21.445530116505886
3472	21.442495187090536
3473	21.439073783032875
3474	21.436491832718072
3475	21.433242908283223
3476	21.429808599584742
3477	21.425876283534734
3478	21.422789835767322
3479	21.419896372175387
3480	21.41679270516068
3481	21.413778957468907
3482	21.411172567745567
3483	21.407201407894767
3484	21.404928968533603
3485	21.40157035280877
3486	21.398645531406256
3487	21.39609199633557
3488	21.392028881190715
3489	21.388625006051097
3490	21.38336239195932
3491	21.380002419076476
3492	21.3769431229329
3493	21.373170419514082
3494	21.370471250961064
3495	21.367468148173984
3496	21.364738339123768
3497	21.36039317173416
3498	21.35693315405358
3499	21.35400279953149
3500	21.350501563117078
3501	21.34740887961489
3502	21.34485875320636
3503	21.340453390461928
3504	21.338076202666237
3505	21.335228607494045
3506	21.332377813226763
3507	21.32944328538396
3508	21.326647870518872
3509	21.323499279400103
3510	21.32047837354786
3511	21.315613101292104
3512	21.31158405592231
3513	21.308970695276834
3514	21.305547550004224
3515	21.302906418400145
3516	21.300432869864817
3517	21.29728682843787
3518	21.29215323694018
3519	21.288946544404684
3520	21.2862431144985
3521	21.283550361106617
3522	21.28060867253031
3523	21.2767640143166
3524	21.27443215322781
3525	21.271784993684292
3526	21.26864730090721
3527	21.263203747838183
3528	21.258351262522833
3529	21.25435874187873
3530	21.251014617710208
3531	21.247614037250923
3532	21.242576742531398
3533	21.238080651157823
3534	21.234678821642213
3535	21.231938838532564
3536	21.22941750343395
3537	21.225718654438467
3538	21.221459351472575
3539	21.2187194928109
3540	21.215943304994028
3541	21.21256297851184
3542	21.20988203415867
3543	21.207319986508534
3544	21.203968078219415
3545	21.200458566940178
3546	21.19498227453401
3547	21.1886238842103
3548	21.185337815369763
3549	21.182019196624406
3550	21.178018108887095
3551	21.17368918827342
3552	21.170228965794742
3553	21.167681965319108
3554	21.16431459976176
3555	21.161808982664457
3556	21.157684874514317
3557	21.154536403217964
3558	21.151929295618352
3559	21.147522238331156
3560	21.143397823510565
3561	21.139835012251666
3562	21.136488113840855
3563	21.134004321849716
3564	21.131180896328356
3565	21.12785211288842
3566	21.124796370303578
3567	21.12138269005739
3568	21.11704309613212
3569	21.11427459059582
3570	21.110029721916167
3571	21.10754027475652
3572	21.105047868664464
3573	21.102250700717406
3574	21.09925397804956
3575	21.096625489424
3576	21.092129147376536
3577	21.08938970177596
3578	21.08548244706011
3579	21.08288520282227
3580	21.079699958735883
3581	21.07684411619239
3582	21.07354510547303
3583	21.070999735070476
3584	21.065652348594018
3585	21.063019180758413
3586	21.060145903079633
3587	21.057301082574906
3588	21.054174184492265
3589	21.051251137566744
3590	21.047683736078007
3591	21.044865315396475
3592	21.04158255567243
3593	21.03780007756465
3594	21.035029635999226
3595	21.03240668972853
3596	21.02945249862356
3597	21.025589137059775
3598	21.023376048562984
3599	21.02078382459501
3600	21.018332095760496
3601	21.014502086922523
3602	21.011748679388603
3603	21.009458356495514
3604	21.00607180862089
3605	21.003534952598933
3606	21.001056587982433
3607	20.997542849475142
3608	20.9925603463674
3609	20.98797618864767
3610	20.985377409239423
3611	20.982939848948728
3612	20.97942031930501
3613	20.976690002018856
3614	20.973510191443072
3615	20.97041214204331
3616	20.966719581243304
3617	20.96364774144163
3618	20.961149811560766
3619	20.958245090025645
3620	20.9553239584057
3621	20.95223106858607
3622	20.94779285519741
3623	20.945256563246147
3624	20.941961508414078
3625	20.939402631117066
3626	20.93647342497747
3627	20.933322888538086
3628	20.930657326996585
3629	20.927604275118938
3630	20.925205580324317
3631	20.9223398955236
3632	20.91834265783526
3633	20.915966275860725
3634	20.912023346723313
3635	20.909457031328778
3636	20.906234046364055
3637	20.90376137791263
3638	20.900974466185616
3639	20.898355112979473
3640	20.895092472111724
3641	20.891671749829026
3642	20.888833371333902
3643	20.886064955638837
3644	20.883727075315733
3645	20.87965028123002
3646	20.877520498450956
3647	20.87329605860092
3648	20.870267555049605
3649	20.867108050988495
3650	20.862665950061537
3651	20.859787591740172
3652	20.857401091997392
3653	20.854191298256882
3654	20.850786464473185
3655	20.847989918416765
3656	20.845322201022107
3657	20.842818218616173
3658	20.839841953852442
3659	20.837157896013004
3660	20.834169179878167
3661	20.831684576452936
3662	20.82922735851233
3663	20.826713583891213
3664	20.82151557734895
3665	20.81898175838619
3666	20.81639310039164
3667	20.81356360049959
3668	20.80955943686129
3669	20.806061638730426
3670	20.802726274870807
3671	20.799124439535255
3672	20.793835857174326
3673	20.790217844749243
3674	20.787691161336262
3675	20.78465332918061
3676	20.78165349873903
3677	20.777738870865445
3678	20.77542587431102
3679	20.77293479111603
3680	20.770257809444274
3681	20.76741776290651
3682	20.764751622699514
3683	20.762278531706443
3684	20.759231916464103
3685	20.75617789378141
3686	20.75353094102274
3687	20.74944998067868
3688	20.746264777672835
3689	20.743908079421065
3690	20.738346093441045
3691	20.733662081568685
3692	20.729201569341548
3693	20.725109576578344
3694	20.722609574987967
3695	20.720281230751997
3696	20.717657199684616
3697	20.715238368941346
3698	20.711174489821463
3699	20.70845947098727
3700	20.705848387816555
3701	20.70279329156025
3702	20.700122974696804
3703	20.696292847960553
3704	20.69394331761977
3705	20.690128502171625
3706	20.686566542309112
3707	20.681824507687573
3708	20.678629911408052
3709	20.675536618198922
3710	20.673008718443466
3711	20.67057602942584
3712	20.667618356809704
3713	20.66481514098989
3714	20.662133060811982
3715	20.659219023078187
3716	20.656780738266498
3717	20.654021342263515
3718	20.65141300502679
3719	20.648938070467906
3720	20.64581707622288
3721	20.64171305672396
3722	20.63766912678074
3723	20.63349130648538
3724	20.63056248019865
3725	20.628165966764197
3726	20.62551741324351
3727	20.62200849546259
3728	20.617376612922477
3729	20.614992755803264
3730	20.612546958947277
3731	20.610099002147916
3732	20.60695040310468
3733	20.602291642975484
3734	20.598990255071175
3735	20.59640887680647
3736	20.594099427913015
3737	20.591517687114862
3738	20.588714868244832
3739	20.586010214206944
3740	20.58309489073116
3741	20.580503972670535
3742	20.57772984942417
3743	20.57407471342734
3744	20.571524524134624
3745	20.568697945492772
3746	20.56505274461246
3747	20.562381558865052
3748	20.559925823404697
3749	20.555277234052664
3750	20.55287140455826
3751	20.550451037198947
3752	20.548171903898666
3753	20.545091848588413
3754	20.54155254500609
3755	20.539189248606807
3756	20.53647621663758
3757	20.534250557704162
3758	20.53166821017504
3759	20.529517285792167
3760	20.52631238897026
3761	20.52342851440187
3762	20.520776099238603
3763	20.518081984905315
3764	20.515142875760738
3765	20.512149145806493
3766	20.50987099444672
3767	20.5075010431055
3768	20.505038856671675
3769	20.50271512030769
3770	20.498955889820607
3771	20.496395969058916
3772	20.491860579021818
3773	20.48948368439167
3774	20.486679750976762
3775	20.484119984867263
3776	20.481179790020505
3777	20.47875848531563
3778	20.476656814566915
3779	20.474126286730638
3780	20.471099442347178
3781	20.467223195296903
3782	20.4641706838054
3783	20.460790154808095
3784	20.457452839474573
3785	20.454894189257807
3786	20.451063453300833
3787	20.44880194261536
3788	20.445240257819805
3789	20.442534684163157
3790	20.439960862418364
3791	20.437581754228155
3792	20.434990523486608
3793	20.43190427251296
3794	20.427573541935626
3795	20.42421098695669
3796	20.420939264895846
3797	20.418055953642252
3798	20.4155710153363
3799	20.411708037969554
3800	20.408631763275615
3801	20.405744094059678
3802	20.40296954366061
3803	20.401023606469355
3804	20.3973133349947
3805	20.395004700953415
3806	20.391725383646474
3807	20.387724253666118
3808	20.385105642408988
3809	20.382446118703452
3810	20.378651283363308
3811	20.375254411499487
3812	20.373054735569234
3813	20.37006463713909
3814	20.36741208491998
3815	20.365101147096652
3816	20.362764297072186
3817	20.360578233384363
3818	20.35759343990738
3819	20.355102955622378
3820	20.352648206622796
3821	20.349776598660284
3822	20.34691994702358
3823	20.344872646141766
3824	20.341616570550677
3825	20.33914697920055
3826	20.336770317052036
3827	20.334557812539053
3828	20.332134282553472
3829	20.329035175481504
3830	20.3256828508626
3831	20.32212555359021
3832	20.319627742162233
3833	20.31685703342744
3834	20.313128589317085
3835	20.309182832842403
3836	20.30686969149878
3837	20.30390675221877
3838	20.301565691657856
3839	20.299332140237976
3840	20.295891081664692
3841	20.293904508020116
3842	20.289872120703656
3843	20.287574128424026
3844	20.284590453787548
3845	20.281684986200858
3846	20.278305051156316
3847	20.27588931651757
3848	20.272427543287762
3849	20.270124259736225
3850	20.267486571010622
3851	20.264301530870508
3852	20.261776060905596
3853	20.25801824201043
3854	20.25540037822255
3855	20.25297755977302
3856	20.250197493697073
3857	20.245937806003337
3858	20.243300404529872
3859	20.24082452592927
3860	20.238286411838804
3861	20.23594881809599
3862	20.233911837892418
3863	20.230983361666112
3864	20.228803585384068
3865	20.225195863220662
3866	20.22303003632329
3867	20.21953570383954
3868	20.216139876508652
3869	20.213688890853373
3870	20.211266783636617
3871	20.208672887589373
3872	20.205725556976407
3873	20.203464139340582
3874	20.19887251924001
3875	20.195280225819335
3876	20.192277382619654
3877	20.189319247293962
3878	20.184869707670035
3879	20.182603072566756
3880	20.17860296785058
3881	20.175922613244374
3882	20.173616861097603
3883	20.17110148320476
3884	20.16869960073497
3885	20.16575952092429
3886	20.1614305516097
3887	20.15858201338419
3888	20.1563091975263
3889	20.15397065946838
3890	20.151263101423748
3891	20.148025087417235
3892	20.145283844590647
3893	20.141597774618717
3894	20.138267315535977
3895	20.135485392949594
3896	20.13264039394945
3897	20.12971459857161
3898	20.12511675326132
3899	20.12236505782021
3900	20.120196305254396
3901	20.11782467326723
3902	20.115557352253063
3903	20.111117252474024
3904	20.108397748604652
3905	20.1059082087939
3906	20.103752768144016
3907	20.10145087016218
3908	20.098718084749116
3909	20.096522713806422
3910	20.09430383037911
3911	20.090896598808136
3912	20.08668365417641
3913	20.08440569818214
3914	20.081657000499714
3915	20.079556236771424
3916	20.076160967363663
3917	20.07286636801345
3918	20.069056192942636
3919	20.06593805642378
3920	20.062439924378427
3921	20.059973620883138
3922	20.057590367306574
3923	20.05464837949632
3924	20.050727968666756
3925	20.047937468410858
3926	20.045360576336417
3927	20.04169174504166
3928	20.03854033590226
3929	20.036307773173988
3930	20.032836113135485
3931	20.030448981039697
3932	20.027797211295614
3933	20.023857934233845
3934	20.02110555632155
3935	20.01909763402847
3936	20.016276035848158
3937	20.014013580607386
3938	20.0115040985048
3939	20.009266662950065
3940	20.006663652748514
3941	20.00445409261474
3942	20.001891740060703
3943	19.999167658742074
3944	19.996416372022498
3945	19.992118950429848
3946	19.98898772166326
3947	19.98519261638612
3948	19.98228811520955
3949	19.978140059812905
3950	19.975751983289623
3951	19.972382694403464
3952	19.96833978427596
3953	19.964701931655608
3954	19.96241518670503
3955	19.959473574523436
3956	19.95713692860305
3957	19.95478958568197
3958	19.95080306562403
3959	19.948130915039357
3960	19.943794160671033
3961	19.94127852813287
3962	19.937960676011503
3963	19.934454302367882
3964	19.932338379571224
3965	19.930186548785816
3966	19.92733140497833
3967	19.924155931590796
3968	19.922081171012973
3969	19.91987243827058
3970	19.916810587576578
3971	19.913934320244305
3972	19.91167748144315
3973	19.909445270144545
3974	19.90725256695448
3975	19.904080309852258
3976	19.90189168551284
3977	19.900008799641004
3978	19.897654846595938
3979	19.89536169138505
3980	19.89297365705395
3981	19.890772238326633
3982	19.88840758440636
3983	19.88608004033046
3984	19.883989173999733
3985	19.881503733398393
3986	19.87922675193575
3987	19.876705000072235
3988	19.873920721701076
3989	19.871686360996396
3990	19.867434528109165
3991	19.865130974050594
3992	19.86294600722795
3993	19.860301731426418
3994	19.857021718647996
3995	19.8546618219226
3996	19.852066799030904
3997	19.849310889372997
3998	19.846808853764095
3999	19.84448674927889
4000	19.84084217074296
4001	19.83837368373874
4002	19.836208689611297
4003	19.83400939755525
4004	19.831916436934147
4005	19.829152106971073
4006	19.82706793836162
4007	19.824554209272804
4008	19.821754761879042
4009	19.819414754841286
4010	19.81754917392431
4011	19.815143539695573
4012	19.812556811550486
4013	19.80987843256893
4014	19.806993570682142
4015	19.804781760902497
4016	19.802412719208384
4017	19.800008094376505
4018	19.79778668668282
4019	19.794464087963103
4020	19.789874808767273
4021	19.787560336520915
4022	19.783794110736185
4023	19.78163578541569
4024	19.778866888599804
4025	19.776815846860682
4026	19.774640617770338
4027	19.772550093707856
4028	19.770214791418628
4029	19.767363049091518
4030	19.764022865498315
4031	19.761346338188645
4032	19.759076866071297
4033	19.75597338805722
4034	19.753040198436114
4035	19.7506569648206
4036	19.747097814334005
4037	19.74479495478159
4038	19.74266661371021
4039	19.7403133494435
4040	19.738497261789835
4041	19.73566358487726
4042	19.733735945941696
4043	19.731265493768774
4044	19.728311513971256
4045	19.72429610355531
4046	19.721331267619775
4047	19.71933724206889
4048	19.717053681863963
4049	19.714746870306218
4050	19.71184448271481
4051	19.709272840607447
4052	19.706828212014734
4053	19.704410135719275
4054	19.702367379184178
4055	19.700196532438195
4056	19.698075959304326
4057	19.694874589606137
4058	19.69177624403289
4059	19.6876566258492
4060	19.684740641541982
4061	19.682019030630855
4062	19.679763334250964
4063	19.676613895861152
4064	19.673936176254742
4065	19.671154042778358
4066	19.667632404857606
4067	19.66383205667848
4068	19.66034689797756
4069	19.658213363357177
4070	19.655979622544848
4071	19.653769014851147
4072	19.650335299365207
4073	19.64742780606256
4074	19.644655333149323
4075	19.641348318012938
4076	19.63795662439838
4077	19.634319630914
4078	19.631061174475942
4079	19.62903642361597
4080	19.62588691538403
4081	19.62375016240698
4082	19.621371780131316
4083	19.61819988471776
4084	19.616091746377194
4085	19.61412112436538
4086	19.612028429395103
4087	19.609267933903546
4088	19.606246562817706
4089	19.602295206304255
4090	19.600291172376537
4091	19.597656620596187
4092	19.595079434836286
4093	19.592146289496878
4094	19.590005729322712
4095	19.58765839041427
4096	19.585149070094644
4097	19.583194005601975
4098	19.58053881069917
4099	19.57854283665128
4100	19.575992645884746
4101	19.573434492889316
4102	19.57119028356055
4103	19.568632903766005
4104	19.566750398633395
4105	19.563454985342055
4106	19.56137460629548
4107	19.559004363533298
4108	19.55661206347821
4109	19.554371377301578
4110	19.552074245194927
4111	19.54943270653967
4112	19.54711190039372
4113	19.544650326019124
4114	19.54226112561738
4115	19.5395857802607
4116	19.53757214051023
4117	19.5350480384372
4118	19.532448719967967
4119	19.530205402558654
4120	19.526791804766546
4121	19.523712689293728
4122	19.52169840637924
4123	19.51838750886474
4124	19.516323918676278
4125	19.514046552665075
4126	19.51157675231663
4127	19.50840937377601
4128	19.506125566985645
4129	19.50355795185841
4130	19.501275303358884
4131	19.49899460794449
4132	19.496879734534975
4133	19.49503103151424
4134	19.491933486855892
4135	19.4877482963985
4136	19.484748409878282
4137	19.482650744658077
4138	19.479934877351724
4139	19.477926668697176
4140	19.475819858590995
4141	19.47368415769809
4142	19.471726810029935
4143	19.469078412519657
4144	19.466894940340925
4145	19.464899550585013
4146	19.46232457565287
4147	19.45901552665803
4148	19.456314897628346
4149	19.454008039716353
4150	19.451493633178266
4151	19.44928850001612
4152	19.446961401314848
4153	19.444323461120575
4154	19.4416801760408
4155	19.4396255686679
4156	19.436995238653566
4157	19.435270952821003
4158	19.43310739229619
4159	19.43067892607295
4160	19.4282227715842
4161	19.426186701763893
4162	19.423625908504558
4163	19.419411903496844
4164	19.416931956141063
4165	19.414310764737536
4166	19.41144608489406
4167	19.40774237800036
4168	19.404576697367787
4169	19.402506409688755
4170	19.40060630380623
4171	19.398525606238337
4172	19.396188389779024
4173	19.393191496741082
4174	19.391187420460707
4175	19.387924508469755
4176	19.385225027955126
4177	19.382840080753276
4178	19.380823456128017
4179	19.378928948662743
4180	19.376744365449365
4181	19.373981901872842
4182	19.37184796777403
4183	19.369879882508208
4184	19.367904643712254
4185	19.364333172552918
4186	19.36208948592976
4187	19.360156702731018
4188	19.358348477606913
4189	19.356172977179142
4190	19.353859558309658
4191	19.350698093630854
4192	19.34718773264388
4193	19.345056568037634
4194	19.342817077151828
4195	19.34006634697925
4196	19.338050473563772
4197	19.33577174556241
4198	19.33317225076975
4199	19.33115319977847
4200	19.328987384616678
4201	19.326827939632253
4202	19.323980043703394
4203	19.32147772563909
4204	19.31929243574442
4205	19.317239921195874
4206	19.315434420765726
4207	19.31318026339501
4208	19.309830056866858
4209	19.3072515393626
4210	19.30513451193265
4211	19.303234815746052
4212	19.301185979982943
4213	19.29890800495827
4214	19.29656544777922
4215	19.292272734722236
4216	19.28898112959876
4217	19.28644401380038
4218	19.28262828903639
4219	19.280322553843597
4220	19.278419186895263
4221	19.275833946875807
4222	19.273572040381747
4223	19.271458506560954
4224	19.26939044356334
4225	19.266314108296587
4226	19.262753617664206
4227	19.26016011173911
4228	19.25822578196339
4229	19.255182919021024
4230	19.253155558925773
4231	19.250997305334728
4232	19.24697443999883
4233	19.244809767759094
4234	19.241769379788025
4235	19.239790613927873
4236	19.236803555502906
4237	19.234905667343153
4238	19.233067584641397
4239	19.229998688233987
4240	19.227091679376993
4241	19.223894556926787
4242	19.221480086102694
4243	19.219347239815644
4244	19.216378992571634
4245	19.21395473619057
4246	19.211061456712816
4247	19.20856043010731
4248	19.206013601687413
4249	19.20398847496151
4250	19.201027707783073
4251	19.19803001307486
4252	19.194974868222765
4253	19.19334960914294
4254	19.189970655672077
4255	19.186335026465038
4256	19.183972834950005
4257	19.181992647053
4258	19.179604902721906
4259	19.176674439315843
4260	19.17427730966322
4261	19.17226245185776
4262	19.170005183769508
4263	19.16824583077628
4264	19.166242296604402
4265	19.16408074809858
4266	19.16221196313319
4267	19.160249023286624
4268	19.157847402537783
4269	19.15577594830806
4270	19.153891245585243
4271	19.15189097417697
4272	19.14906147394441
4273	19.14706713777315
4274	19.144525897072175
4275	19.142205966560567
4276	19.140105726085604
4277	19.13784747373562
4278	19.13456125502259
4279	19.132143509413982
4280	19.129633774110747
4281	19.12710430997236
4282	19.123715149146513
4283	19.119768829978888
4284	19.1178130609077
4285	19.115500747227234
4286	19.112643389766443
4287	19.108929024933126
4288	19.105780131541565
4289	19.102542323247416
4290	19.10034227703604
4291	19.09827799058281
4292	19.096177252855487
4293	19.093294082731997
4294	19.091366050577836
4295	19.088034995930276
4296	19.086048328571298
4297	19.083961084464814
4298	19.08018342219833
4299	19.078093816818953
4300	19.076290214864045
4301	19.073248918282502
4302	19.07122281357547
4303	19.069217232364416
4304	19.06706770258937
4305	19.064651574042266
4306	19.062237827854045
4307	19.06014805364379
4308	19.057905042291182
4309	19.05609560137002
4310	19.05337908864844
4311	19.050141256616502
4312	19.04752619394183
4313	19.04555182638478
4314	19.043052442825665
4315	19.040944424597882
4316	19.038515962175037
4317	19.036547945444564
4318	19.034776672591516
4319	19.03292117004981
4320	19.031049876735885
4321	19.028668476910283
4322	19.026795348493025
4323	19.024589690009325
4324	19.022478555473324
4325	19.018886158091778
4326	19.016499815164007
4327	19.013610639681794
4328	19.01115549713707
4329	19.0081967497471
4330	19.00607654272837
4331	19.003805498840837
4332	19.001844614623355
4333	18.99950770435443
4334	18.997689627645116
4335	18.995246910293357
4336	18.99303449429908
4337	18.990130270143048
4338	18.988626216452865
4339	18.986485778882937
4340	18.984029796514175
4341	18.98112428630141
4342	18.97886628288274
4343	18.976029277496202
4344	18.973869910697367
4345	18.971452716215595
4346	18.96943786267218
4347	18.96752923352564
4348	18.964744224585008
4349	18.962218686938712
4350	18.959630203525073
4351	18.95731598873227
4352	18.955090839017355
4353	18.953032332127783
4354	18.951084731864423
4355	18.949034070201712
4356	18.94683425875774
4357	18.94494242193142
4358	18.9429332792173
4359	18.941022591539586
4360	18.93906102454847
4361	18.936286589908793
4362	18.932664050320128
4363	18.92981842294205
4364	18.927882551502456
4365	18.92605632121698
4366	18.923525085291004
4367	18.921855405967843
4368	18.918913762045513
4369	18.91648971225635
4370	18.91418104734549
4371	18.91247072640442
4372	18.910457091212443
4373	18.908588816020163
4374	18.906565668264495
4375	18.904685444608937
4376	18.90208782219906
4377	18.900057422296072
4378	18.89816672301399
4379	18.89585886116404
4380	18.893838200501477
4381	18.890720811218408
4382	18.88772244734234
4383	18.885315850021826
4384	18.8824888308003
4385	18.87962665399775
4386	18.876404375457515
4387	18.874606048291465
4388	18.872775265219225
4389	18.870978201625576
4390	18.869017735668777
4391	18.866697550721558
4392	18.86454201154563
4393	18.86225068275423
4394	18.860081691762897
4395	18.858300284862484
4396	18.854739896209622
4397	18.852762649867103
4398	18.85074815449886
4399	18.848590287060624
4400	18.846678083047298
4401	18.843662813199487
4402	18.841746621647886
4403	18.839476479467397
4404	18.836695461765466
4405	18.834198641249415
4406	18.83195208573178
4407	18.83008658833344
4408	18.82783392349182
4409	18.825208817639343
4410	18.822295955932667
4411	18.81956723082086
4412	18.81620875291616
4413	18.814334857379876
4414	18.811458105957733
4415	18.8088439277142
4416	18.806959356325713
4417	18.805335971111596
4418	18.803529769638658
4419	18.80156187018606
4420	18.799312969939688
4421	18.797458139587583
4422	18.794189327428047
4423	18.79216644843266
4424	18.78892475385941
4425	18.78657829489188
4426	18.78390726936517
4427	18.78151134239989
4428	18.779722599117218
4429	18.776221460942985
4430	18.773954152636286
4431	18.772151465552355
4432	18.77045506496649
4433	18.768024317122112
4434	18.76566255059728
4435	18.763578122385972
4436	18.761529972379016
4437	18.75843933803024
4438	18.75685710203107
4439	18.754854701308325
4440	18.753350077008715
4441	18.751333108181697
4442	18.749441743269422
4443	18.74744861222267
4444	18.745480414330714
4445	18.743756589485557
4446	18.741606727057707
4447	18.73927085262962
4448	18.737477637607007
4449	18.73559525030992
4450	18.73289010874349
4451	18.730948189318507
4452	18.727297968200908
4453	18.7250034156716
4454	18.723230808933558
4455	18.721186549065916
4456	18.718815261127446
4457	18.71702145514624
4458	18.714925541474443
4459	18.713129275437524
4460	18.71128469042332
4461	18.70911458717536
4462	18.706743792079024
4463	18.70466580228944
4464	18.702791812904294
4465	18.701055648322985
4466	18.69908487597557
4467	18.696969536038075
4468	18.69460082430226
4469	18.692364579859866
4470	18.689676429446585
4471	18.68780671817063
4472	18.68575563949408
4473	18.683892426628457
4474	18.681275925395784
4475	18.679232529661576
4476	18.677322487947766
4477	18.675369998589826
4478	18.67332375525495
4479	18.671513692377317
4480	18.669510274215714
4481	18.667199548063657
4482	18.664853323423596
4483	18.662976576417226
4484	18.661229489182137
4485	18.6592081430044
4486	18.65635040415664
4487	18.654690320055664
4488	18.651393061366708
4489	18.649053800183875
4490	18.647201207488415
4491	18.64450521398291
4492	18.64255573568379
4493	18.640566930032016
4494	18.63813625891363
4495	18.634979512583712
4496	18.633224270616445
4497	18.63144161655883
4498	18.628182050778896
4499	18.625950858439225
4500	18.623901305081255
4501	18.62200001959186
4502	18.62016029236743
4503	18.618362950746626
4504	18.615213351975925
4505	18.613018446704118
4506	18.611181176687086
4507	18.608951875306648
4508	18.60628974678755
4509	18.60448284068104
4510	18.60251446179142
4511	18.599859262500388
4512	18.597585554312836
4513	18.59489678510273
4514	18.59258085738877
4515	18.59050289739982
4516	18.588210592497983
4517	18.58607766637497
4518	18.583387222259184
4519	18.58119999385392
4520	18.57947343048373
4521	18.576852013082345
4522	18.574426509125434
4523	18.572082279128644
4524	18.56884842136108
4525	18.565608203261515
4526	18.563294653885237
4527	18.561306331411963
4528	18.559216738889337
4529	18.557495773545508
4530	18.555011211606594
4531	18.55312552717435
4532	18.55116182672478
4533	18.549337061648593
4534	18.54756341695682
4535	18.545694011005175
4536	18.543325529760732
4537	18.541488851793183
4538	18.539505530782776
4539	18.5368029345881
4540	18.53461648579624
4541	18.53298733069181
4542	18.530469413902683
4543	18.52864662144722
4544	18.526154719720903
4545	18.524343384851203
4546	18.52263338864271
4547	18.520776045683107
4548	18.518468894003973
4549	18.51552273791321
4550	18.512441638755035
4551	18.51028508522525
4552	18.507522426146952
4553	18.50529657452409
4554	18.503389613252658
4555	18.501493236550758
4556	18.499196147653997
4557	18.496408115799927
4558	18.493769203397388
4559	18.491868444894312
4560	18.490146196553145
4561	18.4879132415721
4562	18.48617075352423
4563	18.484421001654773
4564	18.481804330058452
4565	18.47951385299665
4566	18.47786390717397
4567	18.47631425306879
4568	18.473295675196013
4569	18.47134456869902
4570	18.46913182183594
4571	18.467454459794634
4572	18.46438461764183
4573	18.46259192979057
4574	18.459956019763894
4575	18.457924399311118
4576	18.456029054118694
4577	18.454236340628825
4578	18.452465019976742
4579	18.44953472460385
4580	18.447736509520286
4581	18.445663899754322
4582	18.44386435761519
4583	18.441807579869998
4584	18.439670293431796
4585	18.43740479904655
4586	18.434864933122718
4587	18.43306657368082
4588	18.431369422283172
4589	18.429361861169987
4590	18.42759101222396
4591	18.425710277202338
4592	18.4238599928061
4593	18.421619898054942
4594	18.41985804767951
4595	18.417410114733293
4596	18.415938360428186
4597	18.4141978580064
4598	18.411937149647084
4599	18.409716599390432
4600	18.407185189996962
4601	18.4050427705115
4602	18.40313101682154
4603	18.40036243542459
4604	18.39806961711801
4605	18.395140242367212
4606	18.392605547700285
4607	18.39093527286015
4608	18.38908472647717
4609	18.38738568521974
4610	18.383606253141348
4611	18.381949496078242
4612	18.379709015110564
4613	18.377072068260514
4614	18.37376571658718
4615	18.371495974549614
4616	18.369151030692954
4617	18.367047248504022
4618	18.36284160693065
4619	18.36032305256792
4620	18.358675579104627
4621	18.35689610908413
4622	18.35461351237881
4623	18.352324186037652
4624	18.34969824911698
4625	18.347868434832712
4626	18.345228530077293
4627	18.343487742353037
4628	18.341630329730975
4629	18.33910097817004
4630	18.337428139633523
4631	18.334575545714337
4632	18.333050011317837
4633	18.331289125117273
4634	18.329558094972473
4635	18.32720389496865
4636	18.3253483234557
4637	18.323491914624146
4638	18.32138251777545
4639	18.319617409508826
4640	18.316519452710757
4641	18.31486275626257
4642	18.312254951857113
4643	18.31014310776152
4644	18.307596910516754
4645	18.305729443628458
4646	18.30288227831197
4647	18.30121444727513
4648	18.299636398664152
4649	18.296574606048996
4650	18.292989508162428
4651	18.290453794707318
4652	18.288513682677067
4653	18.285522715629835
4654	18.283651149744802
4655	18.280939688307598
4656	18.279230670781633
4657	18.277480859714515
4658	18.274976448209067
4659	18.273012576748467
4660	18.271196962866462
4661	18.269576465566423
4662	18.267834707137705
4663	18.266121980246766
4664	18.26410928576318
4665	18.26245712134843
4666	18.26053389696133
4667	18.25845497792572
4668	18.25674041604666
4669	18.254828147108963
4670	18.252631054287733
4671	18.250899140249935
4672	18.24900166047433
4673	18.246791088417893
4674	18.24504699894417
4675	18.243173725174163
4676	18.24116012645314
4677	18.23891209983841
4678	18.237084028576234
4679	18.234827833102997
4680	18.23324176225614
4681	18.23060027779417
4682	18.228918953728204
4683	18.227535716658377
4684	18.225838307963542
4685	18.223932760916355
4686	18.222209542099638
4687	18.22013463234814
4688	18.21802921001945
4689	18.216364855484663
4690	18.214735906544664
4691	18.212771045923557
4692	18.210952674842115
4693	18.20907105506655
4694	18.20702594620968
4695	18.205318667062627
4696	18.202508897318268
4697	18.200317180384538
4698	18.198339058846003
4699	18.196068526878786
4700	18.194014183325297
4701	18.19248632446165
4702	18.190660278011023
4703	18.18825862051628
4704	18.186480530665822
4705	18.184867639065065
4706	18.18227392807903
4707	18.180580971950533
4708	18.178873506354055
4709	18.1768115290939
4710	18.17309215970038
4711	18.171370105813477
4712	18.16969893569365
4713	18.16761542435686
4714	18.16585059574273
4715	18.163677440959198
4716	18.161849908536446
4717	18.159535549889664
4718	18.156407025612946
4719	18.154484111976444
4720	18.151963717533235
4721	18.14981298220496
4722	18.147320564682733
4723	18.14547718964035
4724	18.143186858223544
4725	18.141091505386235
4726	18.137585003312925
4727	18.135076554529476
4728	18.133222537060444
4729	18.130143198700104
4730	18.128251289865265
4731	18.126455472641638
4732	18.123515943188657
4733	18.12106314532886
4734	18.118277196122634
4735	18.11633716585598
4736	18.113873424285632
4737	18.11186982991792
4738	18.109418512039404
4739	18.107668700345684
4740	18.10560599523807
4741	18.103347796728755
4742	18.10167674287155
4743	18.098782341242856
4744	18.09720295439971
4745	18.09567707395056
4746	18.093886868780935
4747	18.09199947921416
4748	18.09039403544197
4749	18.088361411693796
4750	18.085913785603083
4751	18.084420269301457
4752	18.082293155444713
4753	18.08036477960248
4754	18.078256794521266
4755	18.076656783526474
4756	18.075254227021453
4757	18.072418465238446
4758	18.070894713446425
4759	18.06943202340948
4760	18.066793311715394
4761	18.063943996145145
4762	18.06126119725556
4763	18.05912810837117
4764	18.05646979773404
4765	18.05472250599444
4766	18.053024647992274
4767	18.05120465603498
4768	18.049295861352714
4769	18.047486113173832
4770	18.045720013267772
4771	18.043987352670392
4772	18.04190722495553
4773	18.039779918073076
4774	18.037667451678498
4775	18.035571511888122
4776	18.0331881045318
4777	18.03092144024463
4778	18.02725184305001
4779	18.023923588926277
4780	18.022343676509138
4781	18.020702685561524
4782	18.018603958765564
4783	18.01622054111107
4784	18.014545336389585
4785	18.01289860397328
4786	18.011066213048093
4787	18.009414878327195
4788	18.007647920895444
4789	18.005270404076644
4790	18.003673234957088
4791	18.00173787669041
4792	17.999616499317188
4793	17.997223016931652
4794	17.995643373944855
4795	17.99337711351425
4796	17.99150547836432
4797	17.989772187124046
4798	17.987411141461678
4799	17.98549716040216
4800	17.983821502630313
4801	17.982079678500828
4802	17.980150981675546
4803	17.977385471088727
4804	17.9758106448011
4805	17.9737623476636
4806	17.97209598710459
4807	17.969621299458733
4808	17.967413933897255
4809	17.965755801324548
4810	17.963080426406464
4811	17.961409153319934
4812	17.959693849157087
4813	17.95690063437925
4814	17.95399792673526
4815	17.951666901919896
4816	17.949567716280544
4817	17.94767415873132
4818	17.9450866981366
4819	17.94334622641433
4820	17.941709556989583
4821	17.940220023717483
4822	17.938501109995613
4823	17.936853243428533
4824	17.934814158726528
4825	17.932999213395167
4826	17.931482903173634
4827	17.9291079122729
4828	17.927399094368923
4829	17.92568520237006
4830	17.92393546843689
4831	17.92117200535493
4832	17.919156210740788
4833	17.917726668691
4834	17.915773274992425
4835	17.91395701464487
4836	17.91217707635722
4837	17.910627946491214
4838	17.9084920698941
4839	17.906662912562926
4840	17.90504948393653
4841	17.903393586335376
4842	17.90142909504006
4843	17.89872960472314
4844	17.89660059352319
4845	17.894773107329584
4846	17.893044209246263
4847	17.891432154559283
4848	17.887958747079725
4849	17.885613037009293
4850	17.88402591203761
4851	17.882299970121437
4852	17.880683386071173
4853	17.878424703809156
4854	17.87660457888752
4855	17.87463464436136
4856	17.873088629566908
4857	17.871235002171023
4858	17.869256874611395
4859	17.867339797621685
4860	17.86501568514576
4861	17.863483890965284
4862	17.861389936995963
4863	17.859448863036945
4864	17.857495308905076
4865	17.855866343536746
4866	17.85320380452181
4867	17.85032812911524
4868	17.848874028089707
4869	17.84714771919031
4870	17.84483769027803
4871	17.84321477334656
4872	17.840722947245858
4873	17.838500264285592
4874	17.836639944458
4875	17.834932746430677
4876	17.83341951576085
4877	17.831783580085215
4878	17.829290786655452
4879	17.826984313404214
4880	17.82530937400872
4881	17.82293723911414
4882	17.821255414283335
4883	17.819323434838648
4884	17.817609510140763
4885	17.815437258561115
4886	17.813095037238256
4887	17.8115463905493
4888	17.809676210355768
4889	17.807282410527378
4890	17.805483582300205
4891	17.803928242075987
4892	17.80162370402986
4893	17.79996033375053
4894	17.798374683723207
4895	17.79587856209633
4896	17.792731562607514
4897	17.79098351351974
4898	17.78939503946669
4899	17.78736177067737
4900	17.784777004507347
4901	17.782051203776795
4902	17.780024170412087
4903	17.77832244612509
4904	17.776591365328578
4905	17.77480212202711
4906	17.773122271577563
4907	17.77153979703316
4908	17.769487103403495
4909	17.767414103570715
4910	17.76560173863512
4911	17.763980920981687
4912	17.76123199207421
4913	17.75891805784563
4914	17.757313899353115
4915	17.755727154604923
4916	17.754033026672314
4917	17.752514635679002
4918	17.75006124044858
4919	17.74854538687184
4920	17.74696365130348
4921	17.743797246515804
4922	17.741652241333604
4923	17.740089730125717
4924	17.73802776071908
4925	17.73600255488018
4926	17.73451288213001
4927	17.73245478255089
4928	17.730436576889108
4929	17.72803527361516
4930	17.726737037392073
4931	17.72347407935551
4932	17.721892537664846
4933	17.720321825702566
4934	17.718627326840338
4935	17.716867849412107
4936	17.715261945997735
4937	17.71343443322981
4938	17.71144418748389
4939	17.709418199149038
4940	17.707827673512874
4941	17.705080204399657
4942	17.70309443458631
4943	17.701223803819957
4944	17.6995712843877
4945	17.69719928481366
4946	17.694527049718168
4947	17.693164871184255
4948	17.69170837974246
4949	17.689848318161793
4950	17.68757285538261
4951	17.686004481078655
4952	17.684028871332742
4953	17.68202459204164
4954	17.67918599410183
4955	17.67769450385268
4956	17.676144468965596
4957	17.674316176147133
4958	17.67191230033182
4959	17.670044910568585
4960	17.668122582522532
4961	17.66634421191167
4962	17.66354115948101
4963	17.66102680484275
4964	17.65955062731043
4965	17.65788175408831
4966	17.656236058641426
4967	17.654684794096276
4968	17.653219854830272
4969	17.651071600884308
4970	17.648340373377298
4971	17.64580925914537
4972	17.644145927414183
4973	17.642441143252725
4974	17.640849746085312
4975	17.6383620545546
4976	17.63660821733492
4977	17.634973611693894
4978	17.63247270911992
4979	17.630972612751883
4980	17.629304484517334
4981	17.627335165943045
4982	17.625848906039188
4983	17.623981477748046
4984	17.621911429465445
4985	17.62052577700461
4986	17.619025876114918
4987	17.61757685017639
4988	17.616195968175877
4989	17.613958527875916
4990	17.61239087118223
4991	17.60944665963858
4992	17.606963803028137
4993	17.60531784235259
4994	17.603528584221095
4995	17.601390047768003
4996	17.59951292652806
4997	17.597824721372856
4998	17.596207490092556
4999	17.594630214312424
5000	17.59293328907363
5001	17.591464400916614
5002	17.589507782302732
5003	17.58785351382782
5004	17.585928174290142
5005	17.584139094467176
5006	17.58268366904232
5007	17.58103574751144
5008	17.578928443043015
5009	17.577180275551765
5010	17.575649652473988
5011	17.574207830928913
5012	17.571136300973965
5013	17.569618410014275
5014	17.56732582148588
5015	17.565346842873627
5016	17.563367341347178
5017	17.56026944376517
5018	17.558334851140682
5019	17.555696639691256
5020	17.55416117046741
5021	17.552173470872333
5022	17.550674917014767
5023	17.548930180748325
5024	17.546803337336605
5025	17.54523895084835
5026	17.543606719462396
5027	17.541998895579415
5028	17.539505430309767
5029	17.537869222008982
5030	17.536300007395276
5031	17.53465317435157
5032	17.533095679111316
5033	17.5312635365024
5034	17.52935496899843
5035	17.527709367930864
5036	17.525993735636522
5037	17.524616062335213
5038	17.523153104761825
5039	17.52083013051592
5040	17.519286705118148
5041	17.517362808029777
5042	17.516009074739245
5043	17.514486784645676
5044	17.512885048033997
5045	17.511391558295
5046	17.50981573046845
5047	17.50754610734869
5048	17.505923351689074
5049	17.50364866364461
5050	17.50219210183251
5051	17.50043441026613
5052	17.498819868415964
5053	17.496333126690057
5054	17.49449678730228
5055	17.492256821697868
5056	17.49030675779831
5057	17.488711545676182
5058	17.487164604333273
5059	17.48546147449462
5060	17.484030144123345
5061	17.482411914459075
5062	17.480658556392648
5063	17.478380607643512
5064	17.476516367013094
5065	17.47497317354362
5066	17.473443323672125
5067	17.47165776446963
5068	17.46961986544059
5069	17.468218929628804
5070	17.466422251473254
5071	17.46443790513439
5072	17.46294492158017
5073	17.461431450006415
5074	17.45998078257808
5075	17.458267951844338
5076	17.45596256109188
5077	17.454146416716025
5078	17.451315437248738
5079	17.448634779052135
5080	17.446913265420356
5081	17.44474147708303
5082	17.44188687170538
5083	17.440444279865176
5084	17.437959534019203
5085	17.436354306644052
5086	17.434890532465648
5087	17.432969245021276
5088	17.431019942800262
5089	17.429088338191068
5090	17.426680756645016
5091	17.42478987941746
5092	17.423298581284957
5093	17.421767733526845
5094	17.420137264122957
5095	17.418457700949155
5096	17.416941391006915
5097	17.415222995030053
5098	17.412335261806717
5099	17.410836432025395
5100	17.408790127277534
5101	17.407293804602034
5102	17.40568792285364
5103	17.40370397041139
5104	17.402271028736916
5105	17.40081220624331
5106	17.39889372254833
5107	17.3969887166174
5108	17.395434088935794
5109	17.393817884684644
5110	17.39200414178748
5111	17.390586041572472
5112	17.389018668808653
5113	17.3872755067253
5114	17.38476350974468
5115	17.38325960715265
5116	17.381539105268452
5117	17.38015342614006
5118	17.378636905572748
5119	17.37700109050493
5120	17.374637803535688
5121	17.372116481465348
5122	17.370348446535644
5123	17.36845070323748
5124	17.366328363882555
5125	17.36446801899471
5126	17.362886793494184
5127	17.360982073175272
5128	17.359221617519243
5129	17.357437235826172
5130	17.354794052670727
5131	17.35297802890149
5132	17.35150383800079
5133	17.350035073265207
5134	17.348100059132964
5135	17.34528517301483
5136	17.34341309545877
5137	17.341143885608414
5138	17.339269065281755
5139	17.337668975105643
5140	17.33467437663896
5141	17.331979130373202
5142	17.330435303803156
5143	17.328053242048977
5144	17.326463560700272
5145	17.32507454718287
5146	17.322958807782516
5147	17.321221406598635
5148	17.31974365133653
5149	17.318167786127155
5150	17.316627307000918
5151	17.31482470096124
5152	17.312946220906564
5153	17.311617494193296
5154	17.310114053540413
5155	17.307672040014687
5156	17.30463996498653
5157	17.302361629335635
5158	17.3009507091981
5159	17.299706652399482
5160	17.298080068833926
5161	17.296438596120048
5162	17.29513056951371
5163	17.293341580571916
5164	17.291523019545096
5165	17.28929808211238
5166	17.287801554451203
5167	17.286329357833058
5168	17.284546142738595
5169	17.28275403357556
5170	17.280526869506406
5171	17.278731199193185
5172	17.27585179256596
5173	17.274367834570864
5174	17.27277270643426
5175	17.271291787626048
5176	17.269600276105777
5177	17.267886513079247
5178	17.26628907215641
5179	17.264218932993096
5180	17.261319749296973
5181	17.25940991793609
5182	17.257623682341247
5183	17.256162521643635
5184	17.254312956169755
5185	17.25214383551106
5186	17.250404421071995
5187	17.249028892486333
5188	17.24748179728032
5189	17.245616267731585
5190	17.24425069811553
5191	17.24268380934432
5192	17.24027157146332
5193	17.23882239344309
5194	17.237160887382046
5195	17.23571617945047
5196	17.234322933483757
5197	17.232484011353208
5198	17.23050454536425
5199	17.22863464593461
5200	17.226637177952927
5201	17.22444831603056
5202	17.222858917029747
5203	17.22079924499787
5204	17.21820270820875
5205	17.21673357720584
5206	17.21403874227737
5207	17.212515032057752
5208	17.210390906431947
5209	17.208958454554264
5210	17.207331249639797
5211	17.20497555406302
5212	17.203499099970863
5213	17.201643282119715
5214	17.200080060302007
5215	17.19857613973203
5216	17.196813273127546
5217	17.195528933680333
5218	17.193660530466758
5219	17.19210992360623
5220	17.190901847139642
5221	17.189560676097926
5222	17.18770906583166
5223	17.18626505542797
5224	17.184885986349432
5225	17.18181970126161
5226	17.17939803641837
5227	17.177742060226237
5228	17.176218644663038
5229	17.17489826195727
5230	17.173466235030887
5231	17.17157421714944
5232	17.169831160724897
5233	17.16800626853873
5234	17.166355386289247
5235	17.164686751281415
5236	17.16317683717003
5237	17.161630774745188
5238	17.160177772170098
5239	17.158634622079774
5240	17.156714326027032
5241	17.155155670402724
5242	17.152919385373853
5243	17.151076406551688
5244	17.149497205337813
5245	17.147717053114278
5246	17.14608422675751
5247	17.144342764726296
5248	17.142870482465234
5249	17.141409139343214
5250	17.139216537828556
5251	17.137769397534836
5252	17.13628161381338
5253	17.134000204876653
5254	17.13256920785613
5255	17.13115390127782
5256	17.12894812492834
5257	17.127586983316604
5258	17.126161464962255
5259	17.124565812755193
5260	17.123409565156766
5261	17.121886288238677
5262	17.119916991781256
5263	17.117801102610965
5264	17.115524834023468
5265	17.114002906856175
5266	17.11173860947665
5267	17.110321840048016
5268	17.108516424316253
5269	17.10691982527938
5270	17.105565116530823
5271	17.103873790128493
5272	17.101828991924346
5273	17.10048100061189
5274	17.099060784769254
5275	17.097168859712248
5276	17.09583371029442
5277	17.09444469903597
5278	17.09263029763492
5279	17.091177139634834
5280	17.08936063122829
5281	17.087642828979487
5282	17.086198887760847
5283	17.08476744530612
5284	17.082610573330523
5285	17.081119655955987
5286	17.07949579306084
5287	17.077916179510552
5288	17.075695732986436
5289	17.07421225720512
5290	17.07258825610451
5291	17.071075632447933
5292	17.06952345176024
5293	17.06708986434882
5294	17.06550011568601
5295	17.063651962273628
5296	17.062122468137904
5297	17.060517673378833
5298	17.05907221623121
5299	17.05772979971804
5300	17.056089505420932
5301	17.053718910570872
5302	17.05185051707538
5303	17.05005043840943
5304	17.048043618312388
5305	17.046272461119838
5306	17.04417381912957
5307	17.04207989729841
5308	17.03981024438401
5309	17.037537918858664
5310	17.03620133141423
5311	17.03484006903736
5312	17.032418446334837
5313	17.030987177022745
5314	17.029594540746462
5315	17.027373515325316
5316	17.02612293686335
5317	17.024798544379998
5318	17.022476824535087
5319	17.020677042095574
5320	17.01807717126741
5321	17.01647890071006
5322	17.015085727186907
5323	17.01359279933333
5324	17.011914420564587
5325	17.01013882935192
5326	17.008788554964255
5327	17.00701565369809
5328	17.004885897204236
5329	17.003137628131398
5330	17.001373359932565
5331	16.99964006585446
5332	16.9981430009404
5333	16.996589035838248
5334	16.994429766779945
5335	16.992177690202404
5336	16.990882627663943
5337	16.98891214900944
5338	16.987407840103618
5339	16.985645102128277
5340	16.98430399226879
5341	16.982530624925964
5342	16.981197163152533
5343	16.979735606859027
5344	16.978388612357918
5345	16.976689150852636
5346	16.974752068111385
5347	16.972704490701886
5348	16.971237205633493
5349	16.968744542405346
5350	16.96756968459562
5351	16.96612693559861
5352	16.964767181756045
5353	16.963018193730328
5354	16.961426790126797
5355	16.960118479998997
5356	16.958385395071932
5357	16.956859236952095
5358	16.95507710555976
5359	16.953578323971747
5360	16.9522462776789
5361	16.94988371920003
5362	16.947919701202384
5363	16.94634339348992
5364	16.944957719859048
5365	16.942926393614997
5366	16.941512476560124
5367	16.939326683001664
5368	16.937913651851733
5369	16.93622993585889
5370	16.9347938248145
5371	16.933469203579058
5372	16.932215629533175
5373	16.930810883435097
5374	16.92943889979
5375	16.927886567075852
5376	16.925844404425405
5377	16.92415952446451
5378	16.922105031474782
5379	16.920656034812556
5380	16.918626850982577
5381	16.91639245552607
5382	16.915013023780787
5383	16.91284192293458
5384	16.911089112900182
5385	16.908857401107078
5386	16.907180935131464
5387	16.90586210118638
5388	16.904204641301046
5389	16.90251567839609
5390	16.900847987080954
5391	16.898925888057036
5392	16.89672202183772
5393	16.895083818609884
5394	16.893212138193434
5395	16.89186983361964
5396	16.89012223442693
5397	16.88839061536763
5398	16.88677764259432
5399	16.885377442315917
5400	16.883985786156337
5401	16.882454447380262
5402	16.881147040122435
5403	16.87910758596024
5404	16.87739061514912
5405	16.87542381705746
5406	16.873438505137898
5407	16.872041140461963
5408	16.87075263281331
5409	16.868778653303405
5410	16.867283687948117
5411	16.864711497643764
5412	16.86289419339555
5413	16.861469029456064
5414	16.8599028381224
5415	16.858440876017312
5416	16.856891346444513
5417	16.85575038257621
5418	16.854170298560273
5419	16.852850442206044
5420	16.850753000335864
5421	16.849294140957447
5422	16.84759836925722
5423	16.84607441854719
5424	16.84469516141187
5425	16.843301119126732
5426	16.84185886338907
5427	16.83988695108892
5428	16.838498237108993
5429	16.83726503558744
5430	16.83550288956452
5431	16.83415404319445
5432	16.8328517955656
5433	16.830624628492444
5434	16.829096449044414
5435	16.82774733080503
5436	16.82600271759425
5437	16.824517585821624
5438	16.823045191367942
5439	16.821596402903786
5440	16.819449231059483
5441	16.817996150797576
5442	16.816284532978994
5443	16.814838244214112
5444	16.813191668632957
5445	16.81097683032349
5446	16.809545856017476
5447	16.808191818754988
5448	16.806192812503767
5449	16.804918366122532
5450	16.803648585420966
5451	16.80176426594893
5452	16.80039649179611
5453	16.798391030161334
5454	16.797088228082703
5455	16.795747073648563
5456	16.794181418003458
5457	16.792452758572367
5458	16.791165233919944
5459	16.78979170314852
5460	16.788042643070142
5461	16.786562949341032
5462	16.785203737198454
5463	16.78332977096102
5464	16.781805259278883
5465	16.780080228186407
5466	16.77832391965223
5467	16.777077137440987
5468	16.77565514762268
5469	16.774218189998315
5470	16.77260140579765
5471	16.770677458115728
5472	16.76877211691981
5473	16.766794995151344
5474	16.765287485801878
5475	16.763032584189784
5476	16.76148881194567
5477	16.759997444034777
5478	16.758628389584228
5479	16.757298674157646
5480	16.75600556030603
5481	16.754885570137347
5482	16.753530713050925
5483	16.752075651234787
5484	16.750401281757327
5485	16.748877891750308
5486	16.747150025483
5487	16.74490713006605
5488	16.74362490853819
5489	16.741924333267576
5490	16.739955051867653
5491	16.738563465084315
5492	16.73713026819339
5493	16.735379323524292
5494	16.733717868937944
5495	16.731805083378912
5496	16.73040301125782
5497	16.728407145513494
5498	16.726923542962133
5499	16.725520393831243
5500	16.723247519204364
5501	16.721890501507193
5502	16.72018297799215
5503	16.718083689657263
5504	16.716754302181364
5505	16.71405777070353
5506	16.711566293755308
5507	16.70958226795874
5508	16.707887896562966
5509	16.706545785357864
5510	16.704520444063487
5511	16.703225172633786
5512	16.701194520591454
5513	16.69932679158658
5514	16.697635254568304
5515	16.696025825705682
5516	16.694421262312396
5517	16.693158899017362
5518	16.69167287886592
5519	16.690078919236512
5520	16.688396917053744
5521	16.68700675129828
5522	16.68550834834052
5523	16.68379347080269
5524	16.682525671190724
5525	16.680825537198405
5526	16.67890643494705
5527	16.67738396441924
5528	16.67614084207962
5529	16.674735404465434
5530	16.673289548300037
5531	16.671914251265605
5532	16.670492756602577
5533	16.669147573576133
5534	16.667738226952736
5535	16.66649510539899
5536	16.66520294837003
5537	16.66306436322424
5538	16.66147175366197
5539	16.65954375001074
5540	16.65795656213005
5541	16.656362694035266
5542	16.654408012353876
5543	16.65258254593831
5544	16.651171454585658
5545	16.649891820911154
5546	16.64833047328499
5547	16.64630383657678
5548	16.64497444712931
5549	16.643346275767318
5550	16.6419687978448
5551	16.640653530989656
5552	16.638514647497146
5553	16.63721106295451
5554	16.63553322210103
5555	16.63413137690778
5556	16.632608305267077
5557	16.631301143550267
5558	16.629960228268992
5559	16.627597812956267
5560	16.6259913476453
5561	16.624499935946886
5562	16.622910565940487
5563	16.62118982408553
5564	16.619885193411147
5565	16.618494985289388
5566	16.617239348371307
5567	16.61561024538663
5568	16.613520475691473
5569	16.612124549558065
5570	16.610879857654268
5571	16.609163931578266
5572	16.607422498758137
5573	16.60585872170768
5574	16.604553606115644
5575	16.602958468409582
5576	16.60061609168651
5577	16.598537270289178
5578	16.596725971375413
5579	16.595409010249444
5580	16.594191857286614
5581	16.59228899037029
5582	16.590866981441458
5583	16.589202476996594
5584	16.58790666557654
5585	16.586355098344082
5586	16.584987126868377
5587	16.583514278875562
5588	16.581479119024362
5589	16.579332850230937
5590	16.57786864015736
5591	16.575867320377018
5592	16.574540070005007
5593	16.57291597532384
5594	16.571423896842518
5595	16.570028362857226
5596	16.568466920413446
5597	16.56673897803389
5598	16.565562638098132
5599	16.564318628810543
5600	16.562492638526354
5601	16.560429359259214
5602	16.558773197670995
5603	16.556713004769534
5604	16.555403739188545
5605	16.554113154600188
5606	16.55209169096814
5607	16.55036668641557
5608	16.549068492596728
5609	16.547080604717628
5610	16.545540966709417
5611	16.54433919737723
5612	16.54303625996025
5613	16.541529562455143
5614	16.539918463059244
5615	16.53853708784987
5616	16.53703640985746
5617	16.535512763219234
5618	16.534233787546864
5619	16.532780743351523
5620	16.531511747310255
5621	16.529480275746266
5622	16.528036462776576
5623	16.52640987681308
5624	16.525035776785483
5625	16.523668762698684
5626	16.52235336485971
5627	16.520906068050948
5628	16.519616946049908
5629	16.517930469919744
5630	16.51597131539421
5631	16.51411359529733
5632	16.51254942975372
5633	16.510273351968564
5634	16.508253128877723
5635	16.506939355386564
5636	16.505266881876725
5637	16.50362841321369
5638	16.50239770103472
5639	16.501163811827627
5640	16.499112409874982
5641	16.497714737133915
5642	16.496343657484438
5643	16.495107906383637
5644	16.493493671536687
5645	16.492463000556015
5646	16.491090441735402
5647	16.489620449768015
5648	16.487705118910487
5649	16.48649731663281
5650	16.48458244056105
5651	16.48281346251338
5652	16.48153507353463
5653	16.47942086907165
5654	16.478022517995264
5655	16.476390990094124
5656	16.475056749313055
5657	16.47383285623458
5658	16.47252423370744
5659	16.470937219995818
5660	16.469653599393467
5661	16.467189416871793
5662	16.465585868474662
5663	16.46378079945722
5664	16.462137819834897
5665	16.460709398699198
5666	16.45928085710586
5667	16.457854701942768
5668	16.45577957177461
5669	16.45430134877178
5670	16.45299982165954
5671	16.45102940508396
5672	16.448876954158123
5673	16.44710528579793
5674	16.445152140596683
5675	16.44394713140647
5676	16.441817114234837
5677	16.440556978796852
5678	16.439261351253414
5679	16.437272153415982
5680	16.435749347289768
5681	16.434393758373062
5682	16.433160983716363
5683	16.431319158568407
5684	16.42967081725347
5685	16.42813787389024
5686	16.42619308126926
5687	16.424803273458632
5688	16.423537130538804
5689	16.42096384930953
5690	16.419002908418623
5691	16.417664870275058
5692	16.416086729644764
5693	16.41451202867356
5694	16.412381410562453
5695	16.410946483777447
5696	16.40968863304339
5697	16.40817949276622
5698	16.406575930901095
5699	16.405198328364904
5700	16.403984845168807
5701	16.402667256924932
5702	16.401338021571302
5703	16.399490594660783
5704	16.396955321520593
5705	16.395668326017635
5706	16.394380120181914
5707	16.3932543773571
5708	16.39163849355254
5709	16.390430438515192
5710	16.388901367588034
5711	16.387632725287812
5712	16.386449562988865
5713	16.3850025809095
5714	16.383548620443484
5715	16.382029543115223
5716	16.38074909457605
5717	16.379742320017368
5718	16.378180544640387
5719	16.376521044529245
5720	16.374894200949523
5721	16.37236177213149
5722	16.370884345094744
5723	16.36822560367159
5724	16.366963791785178
5725	16.365761627307286
5726	16.36442907148485
5727	16.36295934642457
5728	16.361706417472007
5729	16.359685665868263
5730	16.358233909244994
5731	16.35689581855862
5732	16.355667335075363
5733	16.353716179644078
5734	16.352321648237144
5735	16.351085419437986
5736	16.349695435500557
5737	16.348491032773364
5738	16.347237054897782
5739	16.34589997284912
5740	16.344689161200446
5741	16.34317502827145
5742	16.341608870074264
5743	16.34014413522315
5744	16.33863739822153
5745	16.33656722124892
5746	16.335302610798617
5747	16.333635805063487
5748	16.332275104530655
5749	16.329770744317454
5750	16.328359343247772
5751	16.326934365111768
5752	16.32569718923152
5753	16.324540343181837
5754	16.32331969467527
5755	16.322153287949714
5756	16.32013394142266
5757	16.318420731998323
5758	16.316625944757867
5759	16.31531734486209
5760	16.31329499696348
5761	16.312024277657564
5762	16.310809655853163
5763	16.309504885999072
5764	16.307696994418016
5765	16.30584588138514
5766	16.304052923860063
5767	16.30267899597365
5768	16.301438636094712
5769	16.299571035256804
5770	16.298332819313444
5771	16.296538090806294
5772	16.295112463809755
5773	16.293572857498916
5774	16.292254956002907
5775	16.291076743064483
5776	16.289689387423973
5777	16.288234108280715
5778	16.286514528960144
5779	16.28499807291941
5780	16.283029899031746
5781	16.281823689168004
5782	16.28041648949948
5783	16.278893473884676
5784	16.27745926464345
5785	16.275379802596525
5786	16.274061060498738
5787	16.272631321563857
5788	16.271370478506313
5789	16.26946051135141
5790	16.26795490421069
5791	16.266427650108373
5792	16.264429056814528
5793	16.26317472597348
5794	16.261955759195985
5795	16.260270833608974
5796	16.258765449587
5797	16.257361837131583
5798	16.255926865201413
5799	16.25473267220749
5800	16.252975371950715
5801	16.251422228654686
5802	16.24930815893818
5803	16.248148100400226
5804	16.246561756056543
5805	16.24493232486744
5806	16.243454891783372
5807	16.24132594896979
5808	16.23927009133451
5809	16.237347127839474
5810	16.236125977857125
5811	16.23470095219909
5812	16.23344944504633
5813	16.231884561398623
5814	16.230553525217413
5815	16.22931805458404
5816	16.228090112536652
5817	16.226773693424615
5818	16.225795390520588
5819	16.22467714690621
5820	16.222501025052303
5821	16.22130093421155
5822	16.22003474124569
5823	16.218750507461774
5824	16.21752798207816
5825	16.21635733843992
5826	16.214957017568523
5827	16.213083772182525
5828	16.211543572534726
5829	16.209776250697217
5830	16.20804801500312
5831	16.20672911480463
5832	16.205501384322112
5833	16.204357578411877
5834	16.20295441020289
5835	16.20165373925261
5836	16.200411052052495
5837	16.1990440873843
5838	16.197828658651407
5839	16.19622755813563
5840	16.194692535494585
5841	16.192679784561058
5842	16.19051785632344
5843	16.188962312370084
5844	16.187555505938946
5845	16.186202776414994
5846	16.184640792507352
5847	16.18326365339506
5848	16.18193999812171
5849	16.180534929731593
5850	16.17939768878492
5851	16.177882650215853
5852	16.176583799738484
5853	16.175147656040537
5854	16.173504131409864
5855	16.172335903049845
5856	16.171136444407505
5857	16.169138563125266
5858	16.16729699817663
5859	16.16571404394427
5860	16.16449168927064
5861	16.16314143588118
5862	16.1612321245302
5863	16.15994309014259
5864	16.158694384823516
5865	16.157426222729363
5866	16.15597353671003
5867	16.154758284762288
5868	16.15296488710484
5869	16.151861724758312
5870	16.150741209765208
5871	16.148796972729738
5872	16.14727351035635
5873	16.144605212490802
5874	16.143083587663973
5875	16.14191635076949
5876	16.140162305484616
5877	16.139007694342318
5878	16.13771907990692
5879	16.136463582205128
5880	16.135283249538244
5881	16.133486913740555
5882	16.132262890408217
5883	16.13072005508259
5884	16.129497115463167
5885	16.12822332730387
5886	16.127022191893772
5887	16.125679280318064
5888	16.12438332552308
5889	16.12232469171659
5890	16.120474233930757
5891	16.118917510596326
5892	16.117534872111516
5893	16.116253730791865
5894	16.11502790380777
5895	16.11371523262552
5896	16.112437618195955
5897	16.110480725037082
5898	16.10898559986083
5899	16.107362568449854
5900	16.105570652597912
5901	16.104161343984007
5902	16.102748371112035
5903	16.101423846646657
5904	16.10004515810827
5905	16.09890787529333
5906	16.097127921578362
5907	16.095869983916526
5908	16.094052106400248
5909	16.092744437688523
5910	16.091551985752595
5911	16.089699929618988
5912	16.088468772939116
5913	16.08728649066242
5914	16.08593238036657
5915	16.08377028945437
5916	16.081599648635482
5917	16.080399808195832
5918	16.079148976628357
5919	16.0778459059257
5920	16.076298702875608
5921	16.074822044967892
5922	16.07330748744302
5923	16.072009563515866
5924	16.070484441805096
5925	16.06941432943221
5926	16.068100972725684
5927	16.066916932452873
5928	16.06549911536334
5929	16.064005974413732
5930	16.061763526979906
5931	16.06026304647853
5932	16.059149588112028
5933	16.057936592720345
5934	16.056669214985874
5935	16.055719247424157
5936	16.054579627620708
5937	16.053400660720932
5938	16.052329262342152
5939	16.051060421859994
5940	16.04984549778898
5941	16.048390114895547
5942	16.047199211055634
5943	16.04606593113046
5944	16.04479698249635
5945	16.043473283321617
5946	16.042109820303992
5947	16.040637290146567
5948	16.039139951686884
5949	16.037876284963815
5950	16.036445935736726
5951	16.034746774606116
5952	16.03356714552989
5953	16.03238434192598
5954	16.031335123358065
5955	16.029870987583365
5956	16.028383680016173
5957	16.027013986321325
5958	16.025268263801927
5959	16.023977972370414
5960	16.022622048566394
5961	16.021493258587565
5962	16.020004653271595
5963	16.01841464403852
5964	16.01719633895819
5965	16.015994104855068
5966	16.014548266110285
5967	16.01301258412971
5968	16.011854379372675
5969	16.01060282143204
5970	16.009095283780056
5971	16.007951975277784
5972	16.006790336442982
5973	16.00559518653658
5974	16.00426986908439
5975	16.002873849703075
5976	16.00081835703667
5977	15.99899161691568
5978	15.995823027742192
5979	15.994671718381307
5980	15.993393867003604
5981	15.992328754232867
5982	15.990634685066858
5983	15.989455695679807
5984	15.988286653428668
5985	15.986098191926445
5986	15.984973919685817
5987	15.983617738930587
5988	15.981810567782302
5989	15.980598899093486
5990	15.979370519999913
5991	15.978250956722931
5992	15.9766394437992
5993	15.974938437197652
5994	15.973309480518957
5995	15.971448740386123
5996	15.969655109071795
5997	15.968245684603929
5998	15.966946873603074
5999	15.965704957655012
6000	15.964623464137576
6001	15.96361119002399
6002	15.961980473718562
6003	15.960961475762263
6004	15.959482608376469
6005	15.958182699398265
6006	15.956838451926554
6007	15.955394113645008
6008	15.953951996849048
6009	15.952623068212295
6010	15.951152366839533
6011	15.949763422784281
6012	15.94829518977928
6013	15.946317897699238
6014	15.945128660144077
6015	15.943945086712707
6016	15.942576599791831
6017	15.94109038745669
6018	15.939171729731093
6019	15.937713213874614
6020	15.936516994179462
6021	15.935027432664144
6022	15.933476345427728
6023	15.932362745512389
6024	15.930495323167321
6025	15.9293807509103
6026	15.927891645503003
6027	15.92667346003255
6028	15.925516217009118
6029	15.924215732618467
6030	15.922274940965337
6031	15.921018541898922
6032	15.919818370810601
6033	15.918698006743368
6034	15.917463910302075
6035	15.915970429685848
6036	15.914825227890919
6037	15.913508548811883
6038	15.912356336485486
6039	15.910981313415578
6040	15.90908491661477
6041	15.907802170927702
6042	15.906757128435238
6043	15.904807915578715
6044	15.903758300999803
6045	15.902071704881452
6046	15.900516669931047
6047	15.899351658780123
6048	15.898172133194763
6049	15.896362814317227
6050	15.894954401532626
6051	15.89381372247194
6052	15.891908264855159
6053	15.89079569057686
6054	15.889320569115382
6055	15.886919157098458
6056	15.88581586433976
6057	15.884656983676372
6058	15.883072170207086
6059	15.881797099663288
6060	15.880385621215853
6061	15.879005913465093
6062	15.877662023347852
6063	15.875725303598289
6064	15.874120499666677
6065	15.873027538240185
6066	15.871796429009416
6067	15.87071857375026
6068	15.869033652984598
6069	15.867645300111096
6070	15.866363437674611
6071	15.864971306420935
6072	15.863746875421247
6073	15.862086943928231
6074	15.860759869946548
6075	15.859766008997516
6076	15.858325781465343
6077	15.857107425904434
6078	15.855907816879919
6079	15.854736900284726
6080	15.853236983074789
6081	15.851964861538997
6082	15.850826034182766
6083	15.849674640011362
6084	15.848434299347442
6085	15.847212231198359
6086	15.846072070468901
6087	15.844566349697354
6088	15.84340471509495
6089	15.841718551131956
6090	15.8404263083519
6091	15.839335559686916
6092	15.83820586962726
6093	15.837185157089628
6094	15.835975540780748
6095	15.834813567740785
6096	15.83366977611614
6097	15.832319337538156
6098	15.830886212069105
6099	15.82943642781531
6100	15.828387505869612
6101	15.827292156304528
6102	15.825675173299837
6103	15.824145361070263
6104	15.822846513334826
6105	15.821389319209484
6106	15.819227543795385
6107	15.817381706729343
6108	15.816143122253557
6109	15.815033056523811
6110	15.813803013230189
6111	15.81219807991352
6112	15.809924148837073
6113	15.808492260222962
6114	15.806735135128756
6115	15.80560872759407
6116	15.803499609372546
6117	15.801885686843049
6118	15.800674698185247
6119	15.799626237051035
6120	15.798769843087442
6121	15.797234415250927
6122	15.795433553695636
6123	15.794059388644882
6124	15.79275895684261
6125	15.791353845927215
6126	15.79015300417588
6127	15.788920158104926
6128	15.78680652333439
6129	15.785724916498904
6130	15.78448176268079
6131	15.783353746999182
6132	15.782105835065654
6133	15.780568573273333
6134	15.779238303492644
6135	15.77752609337418
6136	15.776394359760634
6137	15.775232953340673
6138	15.77404912922231
6139	15.772898806241573
6140	15.771057695568294
6141	15.769784507577553
6142	15.768699610437922
6143	15.767087624309308
6144	15.765660636451553
6145	15.764591723856988
6146	15.763554479080218
6147	15.762351699953928
6148	15.760924640872426
6149	15.759465393430428
6150	15.75813746066712
6151	15.757029765286486
6152	15.755768452467828
6153	15.754358345083963
6154	15.752729199163895
6155	15.751373357441375
6156	15.750163086384239
6157	15.748936544690892
6158	15.747573220798953
6159	15.746319006404578
6160	15.744717756403741
6161	15.743550609520083
6162	15.741927993607561
6163	15.74063213948303
6164	15.739437588045432
6165	15.737978260285022
6166	15.736611605208392
6167	15.735544564015862
6168	15.73418161104208
6169	15.733120122034123
6170	15.731948912967017
6171	15.730491427149168
6172	15.729446652456073
6173	15.727579679851353
6174	15.72541554980905
6175	15.724295397173913
6176	15.722905039013142
6177	15.721625933112826
6178	15.72026411705719
6179	15.719074688371457
6180	15.717962555887363
6181	15.716699194241638
6182	15.715481220774134
6183	15.714326250000184
6184	15.71319077424103
6185	15.712202683522047
6186	15.710776656848008
6187	15.709375368968251
6188	15.707313194730114
6189	15.70555357072834
6190	15.704417535417111
6191	15.702272970710679
6192	15.700615893896108
6193	15.699354650189644
6194	15.698188131045795
6195	15.696563184125205
6196	15.695323519447413
6197	15.694041120325142
6198	15.69298937941843
6199	15.691918744241745
6200	15.690533092111492
6201	15.689359603934452
6202	15.68836402694568
6203	15.686552889813209
6204	15.685371677453887
6205	15.684269467672113
6206	15.68271921358429
6207	15.680463882024203
6208	15.678017860021436
6209	15.676704343779425
6210	15.675616199719636
6211	15.674444071417756
6212	15.67339109629204
6213	15.671977907501258
6214	15.670874506131534
6215	15.669764502667913
6216	15.66820957085438
6217	15.666477656852548
6218	15.665332861461668
6219	15.66420613884601
6220	15.662815529901916
6221	15.661587916279078
6222	15.660411596740444
6223	15.659045035660787
6224	15.657950080214317
6225	15.656899130896722
6226	15.655558419253143
6227	15.653253117096895
6228	15.651897044260862
6229	15.650824713974139
6230	15.648959445434562
6231	15.647663330551811
6232	15.646432017166209
6233	15.645385633970662
6234	15.643381405938069
6235	15.641208438138236
6236	15.639568843761781
6237	15.63826335322071
6238	15.636715604692037
6239	15.635559487342569
6240	15.634366247048325
6241	15.633189952867182
6242	15.631968108849405
6243	15.630724290218389
6244	15.629392635245726
6245	15.627794386673077
6246	15.626742959084098
6247	15.625026964677787
6248	15.623766017359745
6249	15.622698978704609
6250	15.62153103289376
6251	15.619857292660004
6252	15.618175729183566
6253	15.617081718600973
6254	15.615497391011539
6255	15.61432142432946
6256	15.613040942239914
6257	15.611917253643282
6258	15.610768058315825
6259	15.609401149614857
6260	15.608015943946985
6261	15.606837987407037
6262	15.605825913437023
6263	15.604633709984169
6264	15.603413700124433
6265	15.601969656876609
6266	15.600582546772593
6267	15.599204518806935
6268	15.597608680498029
6269	15.59669875394365
6270	15.595583357785484
6271	15.594039436827634
6272	15.592965658713435
6273	15.591867548141144
6274	15.590756799828549
6275	15.588821449981065
6276	15.587311691745148
6277	15.586222378871984
6278	15.5842775917164
6279	15.582637634431508
6280	15.581318512047279
6281	15.579927651770587
6282	15.578885839180412
6283	15.577418738233519
6284	15.575825208639422
6285	15.574680063644173
6286	15.57356850602695
6287	15.572386170550143
6288	15.570560693398486
6289	15.569313929998058
6290	15.568205582336725
6291	15.567173481357377
6292	15.56585490266375
6293	15.564644259527476
6294	15.563612825299282
6295	15.562288223943193
6296	15.561178858222785
6297	15.560232278887856
6298	15.55914309528672
6299	15.55798725412077
6300	15.556552508272665
6301	15.554873442393088
6302	15.553474274203468
6303	15.552230559349006
6304	15.55018397935011
6305	15.548777259582208
6306	15.547037749334478
6307	15.545308191533667
6308	15.54408433077687
6309	15.54188120654884
6310	15.540919134942747
6311	15.539765202736742
6312	15.538686867333166
6313	15.537348125334741
6314	15.535587689323213
6315	15.53404143462644
6316	15.532769331045992
6317	15.531658838877968
6318	15.53014781956476
6319	15.528622599011797
6320	15.527485397870393
6321	15.525742709599108
6322	15.52445313048481
6323	15.523461221946649
6324	15.522436649155438
6325	15.5211793182642
6326	15.519868178746536
6327	15.518807899291172
6328	15.517709419104909
6329	15.516562409647038
6330	15.515707561575212
6331	15.514678274108743
6332	15.513234944908232
6333	15.511932366533701
6334	15.510630445860343
6335	15.509463486313555
6336	15.50832062257627
6337	15.507249433397337
6338	15.506116441769178
6339	15.504990839661572
6340	15.503746012846578
6341	15.502680448151436
6342	15.501257865703067
6343	15.500163967579573
6344	15.498319745063492
6345	15.496537553097198
6346	15.495493747337466
6347	15.494477044644439
6348	15.492886157102678
6349	15.491747734334776
6350	15.49065759359436
6351	15.489581114853051
6352	15.488221509203573
6353	15.487082574956734
6354	15.485937897242987
6355	15.484582209489705
6356	15.482919804023574
6357	15.4814330898649
6358	15.479908263303855
6359	15.47861776287903
6360	15.476979974377528
6361	15.475417749864596
6362	15.47410456920601
6363	15.473040348945942
6364	15.47156760957181
6365	15.47014968055987
6366	15.468922826368194
6367	15.46771706057828
6368	15.466553878985923
6369	15.465186314892295
6370	15.463942816841625
6371	15.46261069656828
6372	15.461567601543935
6373	15.460338881879485
6374	15.45892800458223
6375	15.457189313263498
6376	15.456054151557707
6377	15.454517475270814
6378	15.453542635211365
6379	15.45148234048519
6380	15.450426173919057
6381	15.449255496467535
6382	15.448292885927644
6383	15.446767015520628
6384	15.445673680479578
6385	15.444487591179984
6386	15.443316917705879
6387	15.442186935429419
6388	15.440914423376668
6389	15.439905710259886
6390	15.438757309345213
6391	15.43744309893978
6392	15.436261714073996
6393	15.435150820305703
6394	15.434170834699355
6395	15.433125373534414
6396	15.432058371392662
6397	15.430110634498094
6398	15.428341789543092
6399	15.426989067114244
6400	15.42597092544054
6401	15.424892094879082
6402	15.423288814242971
6403	15.421347901907243
6404	15.420239299293486
6405	15.419013874922163
6406	15.418007792042767
6407	15.4169544698984
6408	15.415702043689011
6409	15.414589816657394
6410	15.413312431828498
6411	15.411875240945347
6412	15.410206562965621
6413	15.40921637464124
6414	15.408085735941263
6415	15.406779862051675
6416	15.4057075140211
6417	15.404484449674966
6418	15.403051584273385
6419	15.401401979631222
6420	15.399910661905722
6421	15.398364935984807
6422	15.397004900527637
6423	15.395928168140424
6424	15.394998611076232
6425	15.393454964159018
6426	15.392335106241982
6427	15.391239447220501
6428	15.390305137965523
6429	15.389100002613484
6430	15.387983366489454
6431	15.386795464116835
6432	15.385517681704176
6433	15.384226037464833
6434	15.382298123113602
6435	15.381224052736773
6436	15.380103977750917
6437	15.378485896601624
6438	15.377164578902798
6439	15.376117838519681
6440	15.375004827139392
6441	15.373838737414271
6442	15.372619231103375
6443	15.371456275438135
6444	15.370387110831471
6445	15.36911719474656
6446	15.367970500050285
6447	15.366968699490059
6448	15.365573342169773
6449	15.364276000625734
6450	15.363014851446401
6451	15.361977337744491
6452	15.360385601416661
6453	15.359353450703162
6454	15.358242900889174
6455	15.357243694697194
6456	15.35611908845547
6457	15.354846937144405
6458	15.3538590118111
6459	15.352747139972294
6460	15.351537195414956
6461	15.350486550143376
6462	15.34935906414221
6463	15.348150303072993
6464	15.347038739118492
6465	15.346003895207653
6466	15.345000509194538
6467	15.343840617856614
6468	15.342519662300496
6469	15.341531485162859
6470	15.34051851822445
6471	15.338613180001087
6472	15.337540567771219
6473	15.33627712611267
6474	15.334946615993115
6475	15.33403925242813
6476	15.33300275335665
6477	15.332085532660638
6478	15.330624633775749
6479	15.32977551153336
6480	15.328174693431116
6481	15.326776298104457
6482	15.32510821446534
6483	15.324048725083838
6484	15.323005978934747
6485	15.32171464227795
6486	15.320525112231648
6487	15.319552292199296
6488	15.318381910316473
6489	15.317340188773857
6490	15.316070575876028
6491	15.314983048532413
6492	15.313467706688007
6493	15.312156640723858
6494	15.311128814680464
6495	15.310045464252283
6496	15.308313570169606
6497	15.306943511479417
6498	15.305748936989579
6499	15.304767635086
6500	15.303082703917033
6501	15.301834044259834
6502	15.300682400363286
6503	15.299652574658094
6504	15.298832755239149
6505	15.296241929483655
6506	15.2947799300247
6507	15.293062076883968
6508	15.291786450058401
6509	15.290798456420102
6510	15.288704482772816
6511	15.287223669077802
6512	15.285710515472251
6513	15.28469577193354
6514	15.283743657567838
6515	15.282324508142416
6516	15.281262869516294
6517	15.280070609687275
6518	15.278656416388126
6519	15.277067043929405
6520	15.275970590137234
6521	15.274678585612033
6522	15.273494064754193
6523	15.271737676833073
6524	15.270463687260664
6525	15.269215708762827
6526	15.268166369990222
6527	15.267073038349281
6528	15.265053220169186
6529	15.263557860670739
6530	15.26267161243862
6531	15.26101073577021
6532	15.259993616661035
6533	15.258880442881093
6534	15.257760091282215
6535	15.256339740084172
6536	15.25520089855675
6537	15.254184912074853
6538	15.253270105112321
6539	15.252173945834821
6540	15.250920753081997
6541	15.2493864043115
6542	15.247674338302769
6543	15.246444355093432
6544	15.24540313902574
6545	15.24444279890467
6546	15.24321213591005
6547	15.241732835340736
6548	15.240622245530432
6549	15.23942582432217
6550	15.238142205398528
6551	15.236469263550589
6552	15.23516713531085
6553	15.233378421360431
6554	15.232023582917
6555	15.231003480100032
6556	15.229889583863484
6557	15.228736880756248
6558	15.227695126424534
6559	15.2260775726537
6560	15.22504975086957
6561	15.224239379917963
6562	15.22330288929297
6563	15.222334805590053
6564	15.221082325351894
6565	15.219777566924925
6566	15.218767669872335
6567	15.2172842716931
6568	15.215337301419678
6569	15.213709122848469
6570	15.212504067965487
6571	15.210963016532686
6572	15.209949110885466
6573	15.208867274821944
6574	15.207869283913428
6575	15.20669557781121
6576	15.205485826945768
6577	15.20435106911792
6578	15.203329163438871
6579	15.202264645435676
6580	15.201294196153945
6581	15.20003548869395
6582	15.198432323116725
6583	15.1970090756062
6584	15.195975463349411
6585	15.194607050096597
6586	15.193371301081454
6587	15.192250650462547
6588	15.190544422978293
6589	15.189581706292946
6590	15.188669228971955
6591	15.187444224448454
6592	15.186552730279063
6593	15.185525334157656
6594	15.184032773970083
6595	15.182862633204211
6596	15.181647589496334
6597	15.180432906412186
6598	15.1792951678056
6599	15.178337666865119
6600	15.17730349201168
6601	15.176230813874222
6602	15.175115095018548
6603	15.17410845721072
6604	15.172625251680673
6605	15.17062901347802
6606	15.16891037971803
6607	15.167811679938387
6608	15.166653106567813
6609	15.165708733067204
6610	15.164637946526717
6611	15.163539569687524
6612	15.162434297729138
6613	15.161316848504287
6614	15.16028763901669
6615	15.1592321803026
6616	15.158263509474114
6617	15.157102559565567
6618	15.155980335470591
6619	15.154955135247477
6620	15.153681861350718
6621	15.152779533335423
6622	15.15124535689826
6623	15.150276645542988
6624	15.149006894268323
6625	15.14772243602946
6626	15.146507254071938
6627	15.14467423500562
6628	15.143663502466653
6629	15.142602769827334
6630	15.141075501838953
6631	15.140089472114907
6632	15.139095769853867
6633	15.137650781331203
6634	15.136726750345865
6635	15.135482860466858
6636	15.134417365243033
6637	15.132393556533174
6638	15.13119325713209
6639	15.12952608591922
6640	15.127900910222639
6641	15.126378737104096
6642	15.125124733756707
6643	15.12382052341404
6644	15.122878015960021
6645	15.121859744633346
6646	15.12091123284082
6647	15.120023863616261
6648	15.118816083261514
6649	15.11762685982565
6650	15.11639172488792
6651	15.114790987416203
6652	15.113741023060166
6653	15.112634273918072
6654	15.11168046936357
6655	15.11057452947205
6656	15.109514514322722
6657	15.108452643774383
6658	15.107214629947174
6659	15.10610537914241
6660	15.105281895669714
6661	15.104266391633637
6662	15.103263077379872
6663	15.102119832010525
6664	15.101186895362108
6665	15.099951961582843
6666	15.098910060635294
6667	15.097805298047513
6668	15.096740042428
6669	15.095451165785807
6670	15.094476597617039
6671	15.093210566191498
6672	15.091967107756327
6673	15.090300573041867
6674	15.089280703223118
6675	15.088291361708716
6676	15.087273327405128
6677	15.08578229322046
6678	15.084696889998257
6679	15.083756734813148
6680	15.082557549250941
6681	15.081355875633914
6682	15.080373395581963
6683	15.078796386316116
6684	15.077055199941443
6685	15.075593773346789
6686	15.074654401334389
6687	15.0736167537078
6688	15.072172958515972
6689	15.070608361215722
6690	15.06963474391413
6691	15.06855325221812
6692	15.067393394908038
6693	15.065899312681807
6694	15.06432435292682
6695	15.062809724767622
6696	15.061802176580683
6697	15.060285199299102
6698	15.05917199405671
6699	15.058116763905712
6700	15.056854782473412
6701	15.055823417382975
6702	15.05481530939993
6703	15.053515968878669
6704	15.052557007077054
6705	15.051352584420679
6706	15.050370954220178
6707	15.048529014942416
6708	15.046626655069261
6709	15.04563543614219
6710	15.044720462464864
6711	15.043786736377033
6712	15.04279567824871
6713	15.041551136355524
6714	15.04025962878432
6715	15.03919171015226
6716	15.0381178711525
6717	15.036963322534461
6718	15.035614316988799
6719	15.033801444050678
6720	15.03287981848162
6721	15.031850610380916
6722	15.030228589502968
6723	15.02888461750387
6724	15.027690438337032
6725	15.026565288642766
6726	15.025522699197394
6727	15.024375473233016
6728	15.02312272072465
6729	15.02189794166616
6730	15.021051401802877
6731	15.020079750188987
6732	15.019049002008831
6733	15.018076897895243
6734	15.017063481572908
6735	15.015126555954263
6736	15.013357297788266
6737	15.011791924799127
6738	15.01016903332238
6739	15.009192624431206
6740	15.008193964883706
6741	15.007419899045923
6742	15.00623457268907
6743	15.005116697792133
6744	15.003836662547645
6745	15.002908778572118
6746	15.00177905864
6747	15.000794331800245
6748	14.999055561726477
6749	14.997982915323709
6750	14.996422167263866
6751	14.995084141679914
6752	14.9934705568091
6753	14.99229174647075
6754	14.991330278814015
6755	14.98972865223006
6756	14.988762789073032
6757	14.987703130989301
6758	14.986133678621854
6759	14.984867476370049
6760	14.983692925868052
6761	14.982762621143252
6762	14.980458859633206
6763	14.97967716983918
6764	14.978640544894375
6765	14.977543007641797
6766	14.976602389007354
6767	14.97563386725371
6768	14.974428742868957
6769	14.973131035963936
6770	14.971926803107262
6771	14.9706157153858
6772	14.969433148793524
6773	14.968162292071446
6774	14.966528049519198
6775	14.964948970208209
6776	14.96378845288052
6777	14.962758394098277
6778	14.961781335154171
6779	14.960885605573806
6780	14.959458742621763
6781	14.958428568983862
6782	14.957271698564877
6783	14.956126783870976
6784	14.955137748786287
6785	14.953540240671316
6786	14.952507881641386
6787	14.951391745955016
6788	14.95028085539208
6789	14.948792520578996
6790	14.947688630298051
6791	14.946287284637288
6792	14.945339444489365
6793	14.944060333463169
6794	14.943110965096933
6795	14.941714715844448
6796	14.93989254671721
6797	14.939093601379701
6798	14.937883192243923
6799	14.936729479359869
6800	14.935534054822604
6801	14.934622484716007
6802	14.933192148126285
6803	14.9319567653
6804	14.931000277381811
6805	14.929560670197393
6806	14.928350153771852
6807	14.927379774456925
6808	14.926389586366795
6809	14.92546217402357
6810	14.924389982487133
6811	14.923383632132948
6812	14.921934153068108
6813	14.92097476871714
6814	14.919733144035773
6815	14.918786415407885
6816	14.917777497813448
6817	14.91679435138947
6818	14.915874752425001
6819	14.915009426523637
6820	14.913926467976049
6821	14.912712232047927
6822	14.911672365359927
6823	14.910760996347342
6824	14.909781589469263
6825	14.90883649783122
6826	14.90781660416959
6827	14.906972337951428
6828	14.905990849452934
6829	14.9045300833029
6830	14.90290084588278
6831	14.901747853726986
6832	14.900768265447793
6833	14.899383340661148
6834	14.89817097446767
6835	14.897137529755856
6836	14.895980561562808
6837	14.895004853430857
6838	14.894096642696207
6839	14.893133852144725
6840	14.892077767109543
6841	14.891060012219263
6842	14.889885285793795
6843	14.88854047173324
6844	14.887442979556768
6845	14.886426470213305
6846	14.885530952654232
6847	14.884568384407523
6848	14.883380836617778
6849	14.882168528918253
6850	14.880674804514628
6851	14.879165336138513
6852	14.877864137058593
6853	14.876341070196133
6854	14.875214949228067
6855	14.874182763487948
6856	14.872814915518651
6857	14.871794262888224
6858	14.870755699971632
6859	14.869364407944294
6860	14.868008260149644
6861	14.867092865809724
6862	14.866135830256678
6863	14.865164961891775
6864	14.864170588641304
6865	14.862437371145605
6866	14.861341531064253
6867	14.860328886690555
6868	14.859273961064007
6869	14.858464317752473
6870	14.85754300414316
6871	14.856575307898957
6872	14.855210977888513
6873	14.854215820701617
6874	14.853015598719237
6875	14.852080510453375
6876	14.851073987633578
6877	14.850078016140724
6878	14.848629824829676
6879	14.847159201591007
6880	14.846245468599232
6881	14.845290230499971
6882	14.844126827724402
6883	14.842933784669611
6884	14.842100510206484
6885	14.841201986167803
6886	14.84006045061756
6887	14.839121999720927
6888	14.837911536339448
6889	14.836903457008745
6890	14.835953579587326
6891	14.835049529407057
6892	14.833987518389407
6893	14.832237611702157
6894	14.831352182678936
6895	14.829809285984366
6896	14.828805198983764
6897	14.827052537629855
6898	14.825299895918802
6899	14.824094636015188
6900	14.822919361373476
6901	14.821957824136192
6902	14.820874263297664
6903	14.819872139167417
6904	14.818932943535355
6905	14.81804106392751
6906	14.816967781918382
6907	14.815625459599199
6908	14.81473414196201
6909	14.81333233248766
6910	14.811809206978582
6911	14.810086002302748
6912	14.808994828676664
6913	14.807798416011908
6914	14.8068160086735
6915	14.805646250664061
6916	14.804777653018924
6917	14.803461974242843
6918	14.802518128590512
6919	14.801341863815631
6920	14.800294671701122
6921	14.799488477236558
6922	14.79855805511095
6923	14.79772636024112
6924	14.795851767914684
6925	14.794829017854068
6926	14.79372280049386
6927	14.792741610490118
6928	14.791370807439312
6929	14.790121966557717
6930	14.788505553302628
6931	14.787466357784925
6932	14.78630872365404
6933	14.785384704610705
6934	14.78448814070835
6935	14.783277782001196
6936	14.782049723031815
6937	14.781095491139997
6938	14.780155288555136
6939	14.7786280610424
6940	14.77749938274666
6941	14.776182554899115
6942	14.775306946485786
6943	14.773734619951398
6944	14.77274356728133
6945	14.771316926733418
6946	14.77048395545408
6947	14.7693055736529
6948	14.768374213526265
6949	14.766951580088515
6950	14.765962436640173
6951	14.764392184370411
6952	14.763016702678524
6953	14.762080825613538
6954	14.761131927272976
6955	14.760059036339833
6956	14.759047874018426
6957	14.757909878051548
6958	14.75698939814463
6959	14.75549531435869
6960	14.75454548628241
6961	14.75312352899759
6962	14.751982069820386
6963	14.750912075656142
6964	14.749923216106932
6965	14.748974186747322
6966	14.747927347861909
6967	14.746959328629865
6968	14.74578374854254
6969	14.744593964806374
6970	14.743112778719235
6971	14.74217056136514
6972	14.740730829644578
6973	14.738918224897988
6974	14.737720266293705
6975	14.736495315811707
6976	14.735574838424165
6977	14.733526044156728
6978	14.732630641833527
6979	14.731508732749882
6980	14.730339386830664
6981	14.729526463763763
6982	14.727718353789658
6983	14.726605694031836
6984	14.725249479115227
6985	14.724559785797766
6986	14.723254065906644
6987	14.722368164294245
6988	14.721504153839694
6989	14.720518250210128
6990	14.71961915029848
6991	14.718540279397125
6992	14.717091750191802
6993	14.716180129047883
6994	14.715252058126008
6995	14.713755629002737
6996	14.712813176995027
6997	14.711340068859744
6998	14.710374893363081
6999	14.709377997450257
7000	14.708261565329023
7001	14.70734993978449
7002	14.706428990269972
7003	14.705305471140225
7004	14.704430677649833
7005	14.703493863192504
7006	14.702151732077379
7007	14.70118140187355
7008	14.700257697208851
7009	14.699144394556034
7010	14.698207278375625
7011	14.696944214465075
7012	14.695520864314718
7013	14.694342966988492
7014	14.692660617072985
7015	14.691685716530264
7016	14.690042015413077
7017	14.689078504942724
7018	14.687735283142295
7019	14.686855256053814
7020	14.685898133530275
7021	14.684680704351678
7022	14.683750110094255
7023	14.682828523755413
7024	14.681485673227316
7025	14.680073791456765
7026	14.678940211819299
7027	14.677835911136716
7028	14.676410335840439
7029	14.675482612973251
7030	14.674499718248331
7031	14.673289482403668
7032	14.67227057311437
7033	14.671207075816232
7034	14.670099734050348
7035	14.669253191197942
7036	14.668221218223463
7037	14.6673400911203
7038	14.665854569321372
7039	14.664775446084096
7040	14.663579877285745
7041	14.66243866831551
7042	14.661555535718364
7043	14.660379271117876
7044	14.659238029483978
7045	14.658110848236767
7046	14.656426097279805
7047	14.65502979829761
7048	14.653273913263723
7049	14.651587036975373
7050	14.65057950316279
7051	14.649681822878955
7052	14.648581245015732
7053	14.647533611815971
7054	14.64660100338113
7055	14.64548969819936
7056	14.64435658470726
7057	14.64335886515107
7058	14.642177685883368
7059	14.64072503841959
7060	14.639285982906424
7061	14.638373208127467
7062	14.637229173610779
7063	14.636050223942199
7064	14.635146124813582
7065	14.63423372342665
7066	14.633361981809493
7067	14.632399489947975
7068	14.631491700353607
7069	14.63052696113457
7070	14.629006939482343
7071	14.628125737217754
7072	14.627182244846644
7073	14.626075222243824
7074	14.625225275443894
7075	14.624297697081031
7076	14.623251063844599
7077	14.622283198813403
7078	14.621275318255513
7079	14.620506846334616
7080	14.619544861645926
7081	14.61831414850325
7082	14.617347816005829
7083	14.615890475961912
7084	14.614764040828437
7085	14.613606268505244
7086	14.612618252417722
7087	14.610906973194451
7088	14.609866324410278
7089	14.608803606761956
7090	14.607896661288764
7091	14.60708923651135
7092	14.606191657318854
7093	14.605094174714942
7094	14.603648747428814
7095	14.602844380890486
7096	14.601492424261727
7097	14.600125457900823
7098	14.599194507332738
7099	14.597248391696356
7100	14.59618359039387
7101	14.595313253382876
7102	14.59399922833966
7103	14.59253722564397
7104	14.59149096289942
7105	14.589962266731394
7106	14.589074487589444
7107	14.587760862449725
7108	14.58659292303352
7109	14.585463768772403
7110	14.584450390798718
7111	14.583030734866036
7112	14.582160195200432
7113	14.581056784326151
7114	14.58017655790717
7115	14.57905995819106
7116	14.577970329417472
7117	14.57705169894006
7118	14.57610753022718
7119	14.574875244498179
7120	14.573310283194546
7121	14.572011563714195
7122	14.571034135709747
7123	14.570007351770116
7124	14.568652086630255
7125	14.567811786508653
7126	14.566662283227403
7127	14.565797040388144
7128	14.564261711331236
7129	14.563346458281474
7130	14.562438372149508
7131	14.561506379420823
7132	14.560555308180467
7133	14.559450623740705
7134	14.55850453601964
7135	14.557650449425058
7136	14.556564594844582
7137	14.555697778584832
7138	14.554810078124838
7139	14.55391528716262
7140	14.552881128779639
7141	14.551575399880182
7142	14.550629615635634
7143	14.549499738442467
7144	14.548559283198827
7145	14.54713442615194
7146	14.54622111078228
7147	14.544710566532915
7148	14.543269205576228
7149	14.542372564256464
7150	14.541516328542928
7151	14.540488141600932
7152	14.539579354801555
7153	14.538297173486905
7154	14.53758294170051
7155	14.536536237830518
7156	14.534799578081886
7157	14.53397561404865
7158	14.532836527026339
7159	14.531690825187448
7160	14.5302702842523
7161	14.529342837311187
7162	14.528315078406873
7163	14.527426499698988
7164	14.526462555054286
7165	14.525164731140315
7166	14.52416448261301
7167	14.52299949160161
7168	14.52186687982223
7169	14.520798306530978
7170	14.519855951723496
7171	14.518986136344147
7172	14.51813452267517
7173	14.517015244522344
7174	14.516049539656459
7175	14.515104039482551
7176	14.51381648124376
7177	14.512677376970904
7178	14.511602857158426
7179	14.510571889854067
7180	14.509691487215317
7181	14.50880229437666
7182	14.507363180299523
7183	14.50601473830817
7184	14.505069665636633
7185	14.503963675148093
7186	14.502953287944912
7187	14.501558995377895
7188	14.500707664663748
7189	14.499561234444194
7190	14.498358778216964
7191	14.497342280910413
7192	14.496483682296137
7193	14.495495108371877
7194	14.494446373494045
7195	14.493400867824775
7196	14.492456140265004
7197	14.491552180517475
7198	14.490648001403388
7199	14.489746081264396
7200	14.488898543739978
7201	14.48794106824744
7202	14.486750017467745
7203	14.485767613610864
7204	14.484705750728354
7205	14.48340268183087
7206	14.482316157789665
7207	14.481300009674186
7208	14.480473342647299
7209	14.47937392516945
7210	14.478444810126307
7211	14.47756420313816
7212	14.476498591831682
7213	14.47551741575056
7214	14.474501601465269
7215	14.473628237984558
7216	14.47227322332845
7217	14.47054539085181
7218	14.46924216597908
7219	14.46794047153202
7220	14.466644777038303
7221	14.465576206724371
7222	14.464745101806233
7223	14.463532961730118
7224	14.462609041580741
7225	14.461595864440019
7226	14.460021997342093
7227	14.459038730883702
7228	14.458203070318325
7229	14.45703935258801
7230	14.455603264469172
7231	14.454143444833292
7232	14.453274795727783
7233	14.452379401349983
7234	14.451498535546618
7235	14.450640248244262
7236	14.449744346100092
7237	14.448757764859076
7238	14.447688979449834
7239	14.446580956341315
7240	14.445352576250881
7241	14.443958319066729
7242	14.443083540661878
7243	14.441774060637087
7244	14.440497420662833
7245	14.439357276624238
7246	14.438429367814905
7247	14.437621301105134
7248	14.436563912622685
7249	14.43485025263931
7250	14.433595427571966
7251	14.432705311677212
7252	14.431740229673206
7253	14.430922934902702
7254	14.429922158717268
7255	14.428505223089141
7256	14.427588017926286
7257	14.426756283286428
7258	14.425562268392357
7259	14.424671154875432
7260	14.423562963983956
7261	14.422475757514231
7262	14.421258980733578
7263	14.420065470361726
7264	14.41919509820277
7265	14.418417675313057
7266	14.417294464968158
7267	14.416093840051662
7268	14.415089715627735
7269	14.4142552036255
7270	14.4133576196892
7271	14.412535875018104
7272	14.411661335921792
7273	14.410246530630793
7274	14.40921136955778
7275	14.407850554234267
7276	14.406230393978895
7277	14.405307075787958
7278	14.404422545488444
7279	14.403624640344072
7280	14.402614224819692
7281	14.401584117348191
7282	14.400659154185597
7283	14.39977442063739
7284	14.398848816158695
7285	14.397947937968977
7286	14.397116287499637
7287	14.395875712862093
7288	14.395114414922107
7289	14.39412545611264
7290	14.393181950666067
7291	14.392233065714136
7292	14.39143244784042
7293	14.390068232954688
7294	14.388983236312708
7295	14.388138249543848
7296	14.387188189414685
7297	14.38630421709571
7298	14.385141207868456
7299	14.384030795332732
7300	14.383057566856065
7301	14.381901020716167
7302	14.380937139268621
7303	14.380094512623591
7304	14.379086974946485
7305	14.378154108641445
7306	14.376632712804838
7307	14.37576468649692
7308	14.374853766850473
7309	14.37379465234959
7310	14.372895527040964
7311	14.37212795174536
7312	14.371081935255516
7313	14.370176567863803
7314	14.369324680917774
7315	14.368463312182472
7316	14.367695711432507
7317	14.366750539465942
7318	14.365771497759855
7319	14.364891753717872
7320	14.363977035172194
7321	14.363259304609238
7322	14.36243937848243
7323	14.361043421500726
7324	14.359793545469207
7325	14.358681088755011
7326	14.357689239073771
7327	14.35688433636079
7328	14.35544330899959
7329	14.354404869561735
7330	14.35355118328652
7331	14.352511856266943
7332	14.350879482215614
7333	14.349990745897964
7334	14.349154130842026
7335	14.348129340663949
7336	14.346736700264426
7337	14.345371933848416
7338	14.344214807023326
7339	14.342899161099892
7340	14.341983737300218
7341	14.340727978014327
7342	14.339459222178943
7343	14.338522777977557
7344	14.337471425011957
7345	14.336125023867428
7346	14.334763761350482
7347	14.333717184128849
7348	14.332681408335365
7349	14.33172876148203
7350	14.330900925741147
7351	14.329354363269527
7352	14.328339046273735
7353	14.327503991580762
7354	14.326629494548738
7355	14.32583080824297
7356	14.324970723058374
7357	14.323983336656955
7358	14.322936068185278
7359	14.322129248376596
7360	14.3207955190206
7361	14.31973464193792
7362	14.318371265313832
7363	14.317558002058703
7364	14.316664345592189
7365	14.315423223008201
7366	14.314184551098897
7367	14.313279176164228
7368	14.312432107400094
7369	14.311538050890528
7370	14.310674870993937
7371	14.309859108134845
7372	14.309028763160205
7373	14.30806887731996
7374	14.307252180485701
7375	14.3060369066748
7376	14.305216446473134
7377	14.304160115833168
7378	14.303036760118133
7379	14.30205614813307
7380	14.30101280901054
7381	14.300195283369593
7382	14.29900291801639
7383	14.297839311668215
7384	14.29694516605352
7385	14.295287268528124
7386	14.294389695397003
7387	14.293365762393181
7388	14.29197822465957
7389	14.290889240136519
7390	14.290021426768973
7391	14.288595206796089
7392	14.2875254758829
7393	14.28662693454
7394	14.285761316495403
7395	14.284898552368437
7396	14.284098768168596
7397	14.283179778346454
7398	14.282240243096487
7399	14.281169794039494
7400	14.280165137509282
7401	14.279164804639283
7402	14.278421189832102
7403	14.277442174608536
7404	14.276373479075204
7405	14.275619879206442
7406	14.27477433910424
7407	14.27336575635035
7408	14.27255509691629
7409	14.271691595599577
7410	14.270865389339724
7411	14.270015012162899
7412	14.269119897600564
7413	14.268091725358778
7414	14.266823475976075
7415	14.265744355901374
7416	14.264663819551975
7417	14.263884399502391
7418	14.262919008930877
7419	14.261783221068205
7420	14.26090265119196
7421	14.259569297644603
7422	14.258904821492525
7423	14.258141876779103
7424	14.25732635359454
7425	14.256539474550209
7426	14.255166682966642
7427	14.254268022706265
7428	14.252904778574774
7429	14.252048377680872
7430	14.2508615602111
7431	14.249913836784309
7432	14.249107897500465
7433	14.248064118475552
7434	14.246988077291434
7435	14.245816256332107
7436	14.244307934120055
7437	14.242837550427291
7438	14.241727099759599
7439	14.240718116035573
7440	14.23950021064116
7441	14.238490179150471
7442	14.237578348462609
7443	14.236739654031904
7444	14.235823682510974
7445	14.234830976296104
7446	14.23413844767244
7447	14.233217676288216
7448	14.232305585117162
7449	14.23120472203947
7450	14.230331899275246
7451	14.229488917387231
7452	14.228635876862894
7453	14.227780009825835
7454	14.226900816041425
7455	14.225934545407652
7456	14.22520068989051
7457	14.223873244835653
7458	14.222599916035986
7459	14.221594567086743
7460	14.220318053799648
7461	14.218688924212039
7462	14.217627958113818
7463	14.216742557003553
7464	14.215300645407545
7465	14.214495045822794
7466	14.213568156879631
7467	14.212734537813013
7468	14.211846211801443
7469	14.210765743546046
7470	14.209939104607484
7471	14.208838828226995
7472	14.207903924305446
7473	14.20708723629561
7474	14.205788045972277
7475	14.204781517047401
7476	14.203569211735067
7477	14.202161295354022
7478	14.201130659353122
7479	14.199880886246302
7480	14.198756935269145
7481	14.19790565710767
7482	14.196635023455364
7483	14.1956447714098
7484	14.194892360085706
7485	14.193859168391532
7486	14.192977754751745
7487	14.192186113031315
7488	14.191299108003308
7489	14.190450117480484
7490	14.189672818464622
7491	14.188281964583958
7492	14.18702999118291
7493	14.186244075820534
7494	14.184899346519455
7495	14.184014126063214
7496	14.183188988236848
7497	14.18226108136319
7498	14.181396474659744
7499	14.180137864130543
7500	14.178998305577624
7501	14.178235931294413
7502	14.17663807330941
7503	14.175769155618303
7504	14.174754191648288
7505	14.173799486650534
7506	14.173024314007533
7507	14.172145562936127
7508	14.171171722942686
7509	14.170111404128725
7510	14.16923806059503
7511	14.167705607894474
7512	14.1669051285273
7513	14.166070187041546
7514	14.164862566850902
7515	14.163928266484028
7516	14.163245303001537
7517	14.161563589945114
7518	14.160694743522015
7519	14.159779191208585
7520	14.158067107281038
7521	14.157158285849896
7522	14.155936241857292
7523	14.155143143587619
7524	14.153857147398849
7525	14.152472315699875
7526	14.151592482551523
7527	14.150643311180545
7528	14.149798806733166
7529	14.1489677847551
7530	14.14807704271024
7531	14.147257622281412
7532	14.146048530179034
7533	14.145225257175118
7534	14.144420349179313
7535	14.143504395262305
7536	14.142628903283942
7537	14.14101094757137
7538	14.139849749884169
7539	14.139105775572302
7540	14.13828939964477
7541	14.13746215866809
7542	14.136592060947871
7543	14.135601592348658
7544	14.134744582539652
7545	14.133936490064492
7546	14.133098108880947
7547	14.132057507271778
7548	14.130988583911385
7549	14.130207114263019
7550	14.129310372429506
7551	14.128132232565545
7552	14.127052323671728
7553	14.126054589480876
7554	14.12489497880198
7555	14.123900855582866
7556	14.123134511021956
7557	14.122210829695739
7558	14.121203607206148
7559	14.120262141764183
7560	14.119505229638666
7561	14.1182812330127
7562	14.11722935626903
7563	14.115944777459003
7564	14.115075594409856
7565	14.114239404171666
7566	14.11338113038033
7567	14.112092275080812
7568	14.11109273026034
7569	14.110259009318582
7570	14.10938778370597
7571	14.10843070561739
7572	14.107544749741793
7573	14.106663022706456
7574	14.105892547374111
7575	14.104965550332548
7576	14.103829860202888
7577	14.103013893680796
7578	14.102228087969921
7579	14.101308008775366
7580	14.100498509430253
7581	14.099377267707965
7582	14.097909771088625
7583	14.09670327798041
7584	14.095834396140981
7585	14.094592761203788
7586	14.093572454833344
7587	14.092673441435121
7588	14.09120116402674
7589	14.090021620945167
7590	14.089189748677871
7591	14.088393714914924
7592	14.087614595012756
7593	14.086607738575555
7594	14.08579526776426
7595	14.084976038568906
7596	14.083998975032214
7597	14.082977535727647
7598	14.08219437072632
7599	14.081386381358
7600	14.080343320476324
7601	14.079584316868228
7602	14.07827158052571
7603	14.0773907261349
7604	14.076618041765078
7605	14.075657367631559
7606	14.074431323343124
7607	14.073476582334685
7608	14.07242636739336
7609	14.070747093924858
7610	14.069793467754609
7611	14.068961952862503
7612	14.067504524847216
7613	14.066706647732804
7614	14.065697442523884
7615	14.064665403335688
7616	14.063537992980201
7617	14.062243751832293
7618	14.061129907201932
7619	14.06021760899559
7620	14.059461061762981
7621	14.058602858576132
7622	14.057671736758408
7623	14.05665535435373
7624	14.055847398859129
7625	14.054486296332822
7626	14.053002357903063
7627	14.05179204521718
7628	14.050891702741728
7629	14.049867993290764
7630	14.048994104354067
7631	14.04801599793136
7632	14.04703394337993
7633	14.046185091570077
7634	14.045290195076007
7635	14.044240359793577
7636	14.042558510588076
7637	14.0415553244925
7638	14.040729911105894
7639	14.040094022062233
7640	14.038522398884238
7641	14.037655909734875
7642	14.036861345401599
7643	14.036087792719925
7644	14.035154557416773
7645	14.034381423408638
7646	14.033630910632022
7647	14.032597121261482
7648	14.031713208169894
7649	14.030989825233902
7650	14.030190476148636
7651	14.029351581426086
7652	14.028464397410831
7653	14.027474711411807
7654	14.026686920573722
7655	14.025877994901862
7656	14.025107295616884
7657	14.024091006778853
7658	14.023213361082647
7659	14.022064533488564
7660	14.021243444702268
7661	14.01995283250529
7662	14.019095636918431
7663	14.018257072770918
7664	14.017501248803224
7665	14.016531614713875
7666	14.014998298665269
7667	14.013972932065354
7668	14.013161561492936
7669	14.01186626759763
7670	14.011106531926343
7671	14.010288912171795
7672	14.00907081289169
7673	14.007900667105037
7674	14.006880465078979
7675	14.00580978882667
7676	14.00498937409536
7677	14.00418253885337
7678	14.003264414175671
7679	14.002417012221855
7680	14.000935859055227
7681	14.000035037135325
7682	13.998854507359564
7683	13.997585243982671
7684	13.996575962101828
7685	13.995771482756867
7686	13.995033347283615
7687	13.994049594359506
7688	13.993177354955575
7689	13.99173849735132
7690	13.990811298229884
7691	13.990028364565608
7692	13.989268674820805
7693	13.988391996823593
7694	13.987319000108487
7695	13.986469472223149
7696	13.985130740577684
7697	13.9843343176221
7698	13.983503847636339
7699	13.982078419537986
7700	13.981373845336309
7701	13.98030903062328
7702	13.978718380776792
7703	13.977626696222027
7704	13.976278832828733
7705	13.975306801630692
7706	13.974379442150019
7707	13.973234692121524
7708	13.972078428324018
7709	13.970979634184754
7710	13.970018581483517
7711	13.969204909630463
7712	13.968440924540303
7713	13.96766650027454
7714	13.966058868123907
7715	13.965207944578239
7716	13.964257633373794
7717	13.96349535524062
7718	13.962297590448179
7719	13.96108149976503
7720	13.959931513261077
7721	13.959141315070687
7722	13.958332889195828
7723	13.957525613831033
7724	13.956725986406688
7725	13.955919282700307
7726	13.95515899696385
7727	13.953975639114587
7728	13.953146200899043
7729	13.952382361101437
7730	13.95106456387515
7731	13.950325027040831
7732	13.949533896229918
7733	13.948572011715768
7734	13.94768194522847
7735	13.946844903222242
7736	13.94593705166451
7737	13.945128617851903
7738	13.944099011619535
7739	13.943097554357841
7740	13.941920229686907
7741	13.941124150946505
7742	13.940167490818322
7743	13.939426134791544
7744	13.938383446052693
7745	13.937370286083157
7746	13.93654015130296
7747	13.935739458137165
7748	13.93491822566856
7749	13.9337775350094
7750	13.932654304002023
7751	13.93153647723312
7752	13.930715044905803
7753	13.929758029930559
7754	13.92856091639836
7755	13.92781114167053
7756	13.92718535177288
7757	13.926199038616405
7758	13.925373492266306
7759	13.924461293513424
7760	13.923434118066567
7761	13.922468410330506
7762	13.921673249042264
7763	13.920703326354797
7764	13.919725892705943
7765	13.918799493274072
7766	13.917995613458324
7767	13.917229032177419
7768	13.91639162389838
7769	13.915600655401644
7770	13.914848104221035
7771	13.914101497766413
7772	13.913270126917343
7773	13.912538495695319
7774	13.911713498397411
7775	13.91069953584741
7776	13.909591324743099
7777	13.908575666335805
7778	13.907640173210185
7779	13.906785297611044
7780	13.906041090291854
7781	13.905263400336366
7782	13.90405032765825
7783	13.902774653336273
7784	13.901824379933934
7785	13.901049994154947
7786	13.899746839366138
7787	13.898900184088951
7788	13.897524418433376
7789	13.896554015270278
7790	13.895563929823323
7791	13.894684316780374
7792	13.89385109135544
7793	13.89311541941896
7794	13.892334187129084
7795	13.891575347876822
7796	13.890748844853821
7797	13.889853569202009
7798	13.888950614697789
7799	13.887821607695196
7800	13.88679573781899
7801	13.88564782458921
7802	13.88429180094894
7803	13.883250226987778
7804	13.882406826435973
7805	13.881670265864287
7806	13.880717541162635
7807	13.87974053031363
7808	13.878983947809429
7809	13.87815416423751
7810	13.877307341847343
7811	13.876514527804781
7812	13.875254409273543
7813	13.87453491784058
7814	13.873365402380532
7815	13.8724649465196
7816	13.871726028732825
7817	13.87091711856687
7818	13.870121941247556
7819	13.869338119097307
7820	13.868546891558497
7821	13.867216687348806
7822	13.866127650534935
7823	13.865001931913671
7824	13.863892742653233
7825	13.862894765983977
7826	13.861384753575903
7827	13.86040735903456
7828	13.859217261173887
7829	13.858462545707653
7830	13.857320022727716
7831	13.856602306677525
7832	13.855845119080241
7833	13.85490646202106
7834	13.854125760277615
7835	13.853376237369346
7836	13.852548528604371
7837	13.851417864525029
7838	13.850674819682151
7839	13.849330885457661
7840	13.848607436505874
7841	13.847653069594113
7842	13.84691796560488
7843	13.846174992984242
7844	13.845313177535465
7845	13.844443703247075
7846	13.843577140183974
7847	13.842621930979622
7848	13.841835467666904
7849	13.841047889109284
7850	13.84022513555457
7851	13.839225147932783
7852	13.838189227212231
7853	13.837266292752163
7854	13.836450816015267
7855	13.835406604341758
7856	13.834566878387344
7857	13.833720443002921
7858	13.832788130334304
7859	13.83199837873915
7860	13.831169790031918
7861	13.83024703132876
7862	13.82930122449992
7863	13.828135876945813
7864	13.827146902160584
7865	13.8263762029396
7866	13.825565594310637
7867	13.824784728493531
7868	13.823921325006918
7869	13.823182210184289
7870	13.821967412130933
7871	13.821071089252886
7872	13.82038895213261
7873	13.81912193179201
7874	13.817934128921225
7875	13.816603914502117
7876	13.81567534559126
7877	13.81450721897254
7878	13.813901285279783
7879	13.813047480791143
7880	13.811883321640256
7881	13.811146458082181
7882	13.81003499148164
7883	13.809260981356143
7884	13.808500963942357
7885	13.807684526727625
7886	13.806935368995608
7887	13.805853788411968
7888	13.804900797957336
7889	13.803697908257853
7890	13.80294114853464
7891	13.802122147043079
7892	13.801303157951821
7893	13.80041832701876
7894	13.799481260738325
7895	13.798668228655925
7896	13.797244254668037
7897	13.796291456855759
7898	13.795150373951342
7899	13.794366782540044
7900	13.793665428861509
7901	13.792564341713797
7902	13.791711864960737
7903	13.791053816649542
7904	13.790327977112918
7905	13.789613974240146
7906	13.788774958781348
7907	13.788010225994638
7908	13.787211587119138
7909	13.786403472673133
7910	13.785836688277412
7911	13.784199045216049
7912	13.783155657174701
7913	13.78225876133481
7914	13.781158728057417
7915	13.78003607821974
7916	13.779259842140833
7917	13.778383745008853
7918	13.777418134524305
7919	13.776572669632781
7920	13.775584863540699
7921	13.774783232555327
7922	13.773554558983717
7923	13.772792940139094
7924	13.77207297788022
7925	13.77107362844356
7926	13.770029346881152
7927	13.769314799039565
7928	13.768547119822722
7929	13.767816987556676
7930	13.766718509766665
7931	13.765658334289146
7932	13.764574282983931
7933	13.763796534756374
7934	13.76298763398385
7935	13.762215804248878
7936	13.761239695669712
7937	13.759846261999197
7938	13.758864302284406
7939	13.758136577892426
7940	13.756959000269383
7941	13.755980349849139
7942	13.754833026837249
7943	13.753731820147344
7944	13.752960032350916
7945	13.751735311228076
7946	13.75091326667304
7947	13.749941638136894
7948	13.748903408744313
7949	13.747748474319248
7950	13.746344488276083
7951	13.745603381353561
7952	13.744750236189818
7953	13.743875532991446
7954	13.74306658597788
7955	13.742187157919208
7956	13.741487065942875
7957	13.740690329976644
7958	13.739848922833
7959	13.738890937448508
7960	13.737978807402863
7961	13.737055259353513
7962	13.736265137248214
7963	13.734999449200968
7964	13.73417316325098
7965	13.732965304101743
7966	13.731754562159614
7967	13.730814355533681
7968	13.729856949976115
7969	13.729126181907855
7970	13.728176131656477
7971	13.72737989265422
7972	13.726462094371048
7973	13.725604583228108
7974	13.725011399267938
7975	13.723837133797767
7976	13.722694069711418
7977	13.721870665832128
7978	13.720965782367589
7979	13.72019351982067
7980	13.718927903179445
7981	13.71809508928813
7982	13.7173915597744
7983	13.716527661153417
7984	13.715731887051684
7985	13.714502875495517
7986	13.71373757813825
7987	13.71307834087266
7988	13.712337669327374
7989	13.71157747780367
7990	13.710480934566412
7991	13.709743109297122
7992	13.708981498768626
7993	13.707876205934456
7994	13.707132624492804
7995	13.706380627901783
7996	13.705412697877291
7997	13.704542902589223
7998	13.703677145812904
7999	13.702914835346057
8000	13.701950955815946
8001	13.700973908662236
8002	13.7001734037392
8003	13.699416617410268
8004	13.698648512337659
8005	13.697738000202262
8006	13.697018568284733
8007	13.695725574150769
8008	13.694813017535864
8009	13.694079640601226
8010	13.693332826194542
8011	13.69246915811011
8012	13.69168124093219
8013	13.69074113375116
8014	13.689884969479067
8015	13.68852012873714
8016	13.68773796719924
8017	13.6866522836324
8018	13.685809416606052
8019	13.684921156781845
8020	13.684023913785767
8021	13.683279646483939
8022	13.682447301673182
8023	13.68106973902112
8024	13.67987433349104
8025	13.678958188110725
8026	13.678236370751359
8027	13.677321304949324
8028	13.67639952669135
8029	13.675694792274045
8030	13.674618063710131
8031	13.673148076925433
8032	13.67233306305376
8033	13.671580875255705
8034	13.670801417227405
8035	13.670079813153205
8036	13.669417082910194
8037	13.668171810520139
8038	13.667551101927163
8039	13.666696407366079
8040	13.666000217111094
8041	13.665212062417503
8042	13.66384081536584
8043	13.663030270163356
8044	13.66226806352774
8045	13.661217545812153
8046	13.660312773600664
8047	13.659598886382419
8048	13.65828470952314
8049	13.65749198641047
8050	13.656740087834478
8051	13.655952990940058
8052	13.655210612090665
8053	13.654329843242902
8054	13.653582580245756
8055	13.652775185774207
8056	13.652063872225588
8057	13.650887741964045
8058	13.650021120635142
8059	13.648677119776542
8060	13.647561797326416
8061	13.646741357335495
8062	13.645968346245535
8063	13.645017276346861
8064	13.644163077298435
8065	13.643384055883471
8066	13.642658019050725
8067	13.641824478458785
8068	13.640384630238263
8069	13.639449211394021
8070	13.637855146392214
8071	13.637170626980659
8072	13.636124676713745
8073	13.635343549286572
8074	13.634519645024184
8075	13.633346829010554
8076	13.63258976951124
8077	13.631886586248012
8078	13.630763562834353
8079	13.629711677522529
8080	13.628961535185002
8081	13.628027562534648
8082	13.626576241576807
8083	13.625731362254093
8084	13.624839974558832
8085	13.624191574851487
8086	13.623441021927519
8087	13.622544078296862
8088	13.621805052585092
8089	13.621150776535359
8090	13.619857068190917
8091	13.618882815386769
8092	13.618087654837392
8093	13.6173768456997
8094	13.616467892602774
8095	13.615566293814558
8096	13.614720736093934
8097	13.613934166202466
8098	13.613146473927289
8099	13.611962226283861
8100	13.61104308319304
8101	13.609888365018614
8102	13.608720119957116
8103	13.607909292246916
8104	13.607074541698085
8105	13.606351823522807
8106	13.605511983790677
8107	13.604602177173547
8108	13.603804840608793
8109	13.603063410814672
8110	13.602310678348859
8111	13.60093680491242
8112	13.600146272465732
8113	13.599214726343336
8114	13.598094523050303
8115	13.597236558237002
8116	13.59634693658394
8117	13.595564569335705
8118	13.594834419369134
8119	13.594070680261396
8120	13.59333201925923
8121	13.592598402152912
8122	13.59189524178691
8123	13.590726928360851
8124	13.589785702205281
8125	13.589015371766711
8126	13.588169681336106
8127	13.587487214635416
8128	13.586771360128736
8129	13.585729541770288
8130	13.584956974263031
8131	13.584183626923588
8132	13.583440592696055
8133	13.58198859253261
8134	13.580873723932735
8135	13.579968797099012
8136	13.579273816107177
8137	13.57838210493072
8138	13.577271924665514
8139	13.576474179899765
8140	13.575735102652184
8141	13.574957354719025
8142	13.573809496875308
8143	13.572890328902142
8144	13.571984537924111
8145	13.57114805819042
8146	13.57056966041452
8147	13.56982229957446
8148	13.568948173667199
8149	13.568181451135098
8150	13.567502625449503
8151	13.566784937213724
8152	13.565678199596707
8153	13.564972999021782
8154	13.564130090450561
8155	13.56319451708628
8156	13.562486194768335
8157	13.561087201633747
8158	13.560250685462131
8159	13.559471941618806
8160	13.558579777208545
8161	13.557760274093019
8162	13.556781584772589
8163	13.555634297963106
8164	13.5543324125642
8165	13.55327543028811
8166	13.552362837528142
8167	13.551670542105505
8168	13.55106424103897
8169	13.550153923152784
8170	13.549073015629455
8171	13.54814827868602
8172	13.547472208361619
8173	13.546716304481809
8174	13.545983918464515
8175	13.545077469922619
8176	13.54435502748129
8177	13.543355826516644
8178	13.542486243325957
8179	13.541752454988892
8180	13.540872976226993
8181	13.540077479187765
8182	13.53921485418141
8183	13.538473043746682
8184	13.53768255688413
8185	13.536875037280833
8186	13.536101523428727
8187	13.535123762582323
8188	13.534423923716016
8189	13.533717646465597
8190	13.533001929483605
8191	13.532316327606479
8192	13.531543639947179
8193	13.53009452235451
8194	13.529100389624745
8195	13.528026084188728
8196	13.526860638668355
8197	13.526172338158387
8198	13.525259369760166
8199	13.52447014887462
8200	13.523264146960292
8201	13.522099115132752
8202	13.521191549513338
8203	13.520538505627963
8204	13.519523524507399
8205	13.51881238942724
8206	13.517862383942868
8207	13.5171955257402
8208	13.516468159451831
8209	13.515269118345461
8210	13.51441626324845
8211	13.51350643997906
8212	13.512428555036148
8213	13.511670242789526
8214	13.510778009300074
8215	13.509979795294049
8216	13.509161834234385
8217	13.508311303281102
8218	13.507536996153156
8219	13.506776308939658
8220	13.505953194805539
8221	13.50508720192725
8222	13.504371060789925
8223	13.503446900025201
8224	13.502583901703245
8225	13.501835251846046
8226	13.501025565152307
8227	13.499725666731859
8228	13.4986487998574
8229	13.49760947529187
8230	13.496925196950913
8231	13.496305976088877
8232	13.49492333464177
8233	13.494138757156142
8234	13.493373369540004
8235	13.492596780480383
8236	13.491862005412663
8237	13.491101390169176
8238	13.490310190633085
8239	13.489103608829527
8240	13.488375330497375
8241	13.48739327122293
8242	13.486680327850184
8243	13.485881441427916
8244	13.485123523409996
8245	13.484424955363764
8246	13.483771130327519
8247	13.482891810052601
8248	13.482072998842568
8249	13.481398141742213
8250	13.480235717785657
8251	13.479126383264623
8252	13.478277533132648
8253	13.477197286885712
8254	13.476158248948563
8255	13.475288938048841
8256	13.474643399688677
8257	13.473956566975216
8258	13.47309021957279
8259	13.472463519268286
8260	13.471411583452186
8261	13.47038092788086
8262	13.469689820725304
8263	13.468815108598733
8264	13.468126189794805
8265	13.467108937877338
8266	13.466423830892513
8267	13.465588775614213
8268	13.464724881969714
8269	13.463949513529142
8270	13.46322816903839
8271	13.462348785887604
8272	13.461684100017159
8273	13.460871148488872
8274	13.459803399851902
8275	13.459063810387763
8276	13.4581381440845
8277	13.457408365419937
8278	13.456488643612033
8279	13.455713463052685
8280	13.454423478022687
8281	13.453715315324432
8282	13.453046958523654
8283	13.451877332487431
8284	13.450782489572616
8285	13.450096458945364
8286	13.448906760615596
8287	13.448149145729182
8288	13.447349013601324
8289	13.446270706462393
8290	13.445131013248997
8291	13.444303155594412
8292	13.443357656055008
8293	13.442446879942416
8294	13.441765976710371
8295	13.440932895611976
8296	13.439766147100448
8297	13.439055964854704
8298	13.438309864763385
8299	13.437658349581445
8300	13.436774674123214
8301	13.43604902585965
8302	13.435266110590623
8303	13.434272366231793
8304	13.433489898737555
8305	13.432740706373355
8306	13.43163157633252
8307	13.430779376279457
8308	13.42988815514448
8309	13.429208383097059
8310	13.428516705567255
8311	13.427623135541289
8312	13.426886115255908
8313	13.425797292883583
8314	13.425159778771842
8315	13.424174370964684
8316	13.42326499436112
8317	13.422482124079755
8318	13.421626306568536
8319	13.42067133597443
8320	13.419590889288443
8321	13.41875529330107
8322	13.41803645295058
8323	13.417152444503868
8324	13.416438029107729
8325	13.415369551977024
8326	13.414740066593318
8327	13.413498860197244
8328	13.412608910178921
8329	13.411733582036293
8330	13.410860842758186
8331	13.41030562312185
8332	13.40946528136259
8333	13.408704258110296
8334	13.407675612848905
8335	13.407004944872249
8336	13.405605458074968
8337	13.404874805721839
8338	13.404168406961986
8339	13.402890799446602
8340	13.402136941150106
8341	13.401459912027468
8342	13.400716458086677
8343	13.400058606138321
8344	13.399219625184015
8345	13.398508565147358
8346	13.397857740084074
8347	13.396955647235965
8348	13.396235104859057
8349	13.395111419263557
8350	13.394302131874321
8351	13.39355326759999
8352	13.392840076380327
8353	13.39212609651535
8354	13.391337677429053
8355	13.390510526628024
8356	13.389732112810151
8357	13.389024346813379
8358	13.388286359321175
8359	13.387612901240589
8360	13.386831741637435
8361	13.385470333601951
8362	13.384726365398528
8363	13.383966147470014
8364	13.383226032680822
8365	13.382605962636514
8366	13.381732425463403
8367	13.381047784907274
8368	13.380298859231491
8369	13.379597390881793
8370	13.3784137621921
8371	13.377526500438183
8372	13.376542700676852
8373	13.37551709299898
8374	13.374613626264733
8375	13.374000345457903
8376	13.373260479452291
8377	13.372327468307045
8378	13.371633618092583
8379	13.370789010690817
8380	13.369830140254123
8381	13.36898499992773
8382	13.368127460193612
8383	13.367462039533306
8384	13.366287762505742
8385	13.365572510929887
8386	13.364726312713149
8387	13.36402050326792
8388	13.363275128563918
8389	13.362374221540728
8390	13.361068810313688
8391	13.360399259817124
8392	13.35914724905681
8393	13.358083831715149
8394	13.357285592123754
8395	13.356472546117507
8396	13.355514757272667
8397	13.354817234379189
8398	13.35391830150158
8399	13.352846456564642
8400	13.352101914501354
8401	13.351092095950733
8402	13.350389817912317
8403	13.349706355067966
8404	13.348790649290411
8405	13.347983654437126
8406	13.34673030728455
8407	13.345831650644051
8408	13.3449576005194
8409	13.344304734954628
8410	13.343420322326747
8411	13.342646699233208
8412	13.341958002830738
8413	13.341186746567175
8414	13.340456591912783
8415	13.339605310807945
8416	13.338471233832973
8417	13.337599314748038
8418	13.336841475160806
8419	13.336088622106153
8420	13.335428937872972
8421	13.334497033038623
8422	13.333717905783827
8423	13.332598686642486
8424	13.331998772470966
8425	13.331338132800893
8426	13.330574031057457
8427	13.329896710359328
8428	13.328731387356628
8429	13.32813766275461
8430	13.327111273908365
8431	13.326401511112445
8432	13.325794528492139
8433	13.324954448255026
8434	13.324239392088314
8435	13.32359370797758
8436	13.322665145122418
8437	13.32149655656541
8438	13.320565199617942
8439	13.319624437253799
8440	13.318966297710276
8441	13.318264231266765
8442	13.31749753372591
8443	13.316799398380997
8444	13.316106803239977
8445	13.315094626479503
8446	13.314363386211392
8447	13.31366143272243
8448	13.3127659615686
8449	13.31204031493279
8450	13.311241467879116
8451	13.310498970981763
8452	13.3095912114441
8453	13.308901421605913
8454	13.307589414075558
8455	13.306733535056045
8456	13.305821777504041
8457	13.304765142710194
8458	13.303888901538219
8459	13.302950637658638
8460	13.302263378195558
8461	13.301473573344541
8462	13.300746581992522
8463	13.300040708741951
8464	13.299296997352267
8465	13.298561778894364
8466	13.297816885931754
8467	13.29715083669691
8468	13.296332852050556
8469	13.295568536797424
8470	13.294867084635973
8471	13.294231741675521
8472	13.293396345944782
8473	13.292299504079955
8474	13.291234079200013
8475	13.290384069048907
8476	13.289451605110797
8477	13.288797389225127
8478	13.287806044498382
8479	13.287061364754924
8480	13.286062011983791
8481	13.285522583927538
8482	13.28488326697865
8483	13.284200561648476
8484	13.28319097945074
8485	13.28242023696528
8486	13.281019696986448
8487	13.280234138557375
8488	13.279540587685656
8489	13.278832299713835
8490	13.277981806080092
8491	13.277311095166596
8492	13.276644702042462
8493	13.275401374080268
8494	13.274727317727267
8495	13.273873925223644
8496	13.273274694504982
8497	13.272525489757824
8498	13.271874590623836
8499	13.27103827839622
8500	13.270262160764759
8501	13.268788913323789
8502	13.267753226698087
8503	13.266890383212464
8504	13.265939389011717
8505	13.265088587275772
8506	13.26433998512966
8507	13.263604458381419
8508	13.262724195280274
8509	13.261709522001343
8510	13.260929377195065
8511	13.260200334518876
8512	13.259410891425512
8513	13.258680387384254
8514	13.257738050479581
8515	13.257038583010191
8516	13.256318144629923
8517	13.255634747640107
8518	13.255100712292197
8519	13.254319102766132
8520	13.253600106297164
8521	13.252642367711974
8522	13.251532446703788
8523	13.25066901983777
8524	13.249640568025777
8525	13.248947049516715
8526	13.248152039419832
8527	13.247124395631365
8528	13.24584002004616
8529	13.24459804294833
8530	13.243816399523674
8531	13.243033705731147
8532	13.242380364336901
8533	13.24169188395107
8534	13.241005918312016
8535	13.240180290282114
8536	13.239158421198734
8537	13.238559383620869
8538	13.237833089530925
8539	13.23697715251975
8540	13.236240237352575
8541	13.235514298153248
8542	13.234425635485817
8543	13.233768152529953
8544	13.233066260314558
8545	13.232014433061423
8546	13.230850625893957
8547	13.229641246337543
8548	13.228755401084715
8549	13.227438141677002
8550	13.226725008320143
8551	13.226029723534046
8552	13.225283321122683
8553	13.224411332725017
8554	13.223310524169872
8555	13.222371022168469
8556	13.221706853533233
8557	13.220955817630893
8558	13.220196537188725
8559	13.219139407689283
8560	13.218495728656688
8561	13.217621224707388
8562	13.216402927581328
8563	13.215092031917875
8564	13.214096422348169
8565	13.213364331350782
8566	13.21230505752799
8567	13.21162040213549
8568	13.210972853854672
8569	13.210328390140267
8570	13.20949829442605
8571	13.208524288999214
8572	13.207812849622172
8573	13.206781056617672
8574	13.206150407944175
8575	13.205473860697024
8576	13.204449239453416
8577	13.203706443661373
8578	13.202762316555736
8579	13.201990581638448
8580	13.200921456686343
8581	13.200243122485599
8582	13.199551529117302
8583	13.198422466885356
8584	13.197690743733856
8585	13.196838843705839
8586	13.195895170842734
8587	13.195029159384417
8588	13.194398059283014
8589	13.193713191921454
8590	13.192847929583422
8591	13.191830760323619
8592	13.19114953157051
8593	13.190503094683487
8594	13.18966942930215
8595	13.188963506455174
8596	13.188185158805988
8597	13.18749162131586
8598	13.18677275787657
8599	13.185983546565593
8600	13.185100290575912
8601	13.184427181447488
8602	13.183611441941776
8603	13.182990878738288
8604	13.18186843012767
8605	13.181163695501887
8606	13.180449506795458
8607	13.179547926436637
8608	13.178403886226741
8609	13.1777368227287
8610	13.177092640965903
8611	13.176436648891386
8612	13.175758574226968
8613	13.175133557389634
8614	13.174485222463314
8615	13.173457200482497
8616	13.172770391867262
8617	13.172055669147447
8618	13.171304877072327
8619	13.170524018413197
8620	13.169857878227534
8621	13.169000075605082
8622	13.16829603693665
8623	13.167551512079653
8624	13.166725897860246
8625	13.166085916207194
8626	13.165064998537167
8627	13.163963067070245
8628	13.163258450606754
8629	13.1624768120462
8630	13.161337765302079
8631	13.160257677028534
8632	13.159341816584893
8633	13.158577638728257
8634	13.157384353381298
8635	13.156760043886841
8636	13.15584898487552
8637	13.155169823558857
8638	13.154461393680817
8639	13.153740674858216
8640	13.153034781755437
8641	13.152349892753422
8642	13.151681841242297
8643	13.150817527694599
8644	13.150130478817816
8645	13.149456237705474
8646	13.148633952324985
8647	13.1480452703519
8648	13.147192332642
8649	13.146450617635638
8650	13.145767798965084
8651	13.144805228729709
8652	13.14396615200684
8653	13.143199750086266
8654	13.14223099691392
8655	13.14140830544217
8656	13.140622290152775
8657	13.139910673681415
8658	13.1391831990686
8659	13.138423416130854
8660	13.137789467987655
8661	13.136981910895093
8662	13.136391008766122
8663	13.13544072462472
8664	13.134519259554253
8665	13.133881216119098
8666	13.132831782470276
8667	13.13225118570482
8668	13.131627425080456
8669	13.13078682205212
8670	13.1297217466176
8671	13.129072090124424
8672	13.128184134738444
8673	13.127378788582842
8674	13.126705178295921
8675	13.12590492090192
8676	13.125077855418025
8677	13.124240517949216
8678	13.123561552714353
8679	13.122333745401052
8680	13.12171492618885
8681	13.120697957247712
8682	13.1197240871497
8683	13.118823831131259
8684	13.118192708615773
8685	13.117380981465008
8686	13.116684776123074
8687	13.1159179704072
8688	13.115131541936268
8689	13.114203845786514
8690	13.113533711975887
8691	13.112488524065514
8692	13.11175092138609
8693	13.111008954239072
8694	13.11025225929927
8695	13.109635347049784
8696	13.108940503275369
8697	13.108271840519889
8698	13.107475038882292
8699	13.10681346099128
8700	13.106004805110057
8701	13.104849695041612
8702	13.104225274470643
8703	13.103271739733215
8704	13.102615102176713
8705	13.101903326369113
8706	13.101159598265546
8707	13.100493542259228
8708	13.099624081784825
8709	13.09877790373882
8710	13.09808377698733
8711	13.097081217400202
8712	13.096405920388955
8713	13.095742101320372
8714	13.094852422076665
8715	13.094136976075607
8716	13.093213439715688
8717	13.092414867089373
8718	13.09144936451145
8719	13.090585069131558
8720	13.089830042327014
8721	13.088861363733617
8722	13.088202736843122
8723	13.087501161373886
8724	13.08680807957964
8725	13.086089186766571
8726	13.085476283708125
8727	13.08441298797674
8728	13.083382717210542
8729	13.08234050220238
8730	13.081544126569117
8731	13.080937200722119
8732	13.080273209693587
8733	13.079629822994848
8734	13.078803909802778
8735	13.077808257963419
8736	13.077091013728916
8737	13.076460890418282
8738	13.075826351181
8739	13.074780458155583
8740	13.074091123763651
8741	13.073466889151701
8742	13.072855706394735
8743	13.072208802395956
8744	13.07140272508822
8745	13.070751096051126
8746	13.070051306186523
8747	13.068889414354862
8748	13.068212883984309
8749	13.067478643546224
8750	13.066808876249832
8751	13.066257887194727
8752	13.065508584195856
8753	13.064848251751606
8754	13.064099995577706
8755	13.063392296881544
8756	13.0626869540538
8757	13.06217948224052
8758	13.061553947614748
8759	13.060764513929074
8760	13.060114931921698
8761	13.059418181797279
8762	13.058595580154293
8763	13.0578851423856
8764	13.05719824932637
8765	13.056544890825133
8766	13.055899882296874
8767	13.05514679509728
8768	13.054539582219665
8769	13.053748248488771
8770	13.052836096434486
8771	13.05193327437943
8772	13.050874162057104
8773	13.050253431136987
8774	13.049429000323526
8775	13.048368823846044
8776	13.047435857873179
8777	13.04664179217379
8778	13.045654639264418
8779	13.045063462476078
8780	13.044055450236453
8781	13.043398514174427
8782	13.04277375474642
8783	13.041604183372348
8784	13.04072881378776
8785	13.039663204238126
8786	13.038915758040977
8787	13.038280019532657
8788	13.03706269440522
8789	13.035983466314773
8790	13.035318030378265
8791	13.034378077725943
8792	13.033522401081045
8793	13.03243487321255
8794	13.031677484608073
8795	13.030546671275092
8796	13.02992765957636
8797	13.029268906756757
8798	13.028576506217608
8799	13.02790760620917
8800	13.026929088805282
8801	13.025967511766478
8802	13.024693627013466
8803	13.023708961209167
8804	13.022841758237332
8805	13.02205382746239
8806	13.021287096975687
8807	13.020637927924348
8808	13.01973119122308
8809	13.019048118377533
8810	13.01821556691653
8811	13.017634527687681
8812	13.017127437779335
8813	13.016523883834134
8814	13.015782025548996
8815	13.01516021473008
8816	13.014533417690892
8817	13.013591909519889
8818	13.012390612318713
8819	13.011747204428485
8820	13.010961536291944
8821	13.010271640215487
8822	13.009716724287665
8823	13.009058966980037
8824	13.008339979552414
8825	13.007642096082945
8826	13.00671188797418
8827	13.006077063012901
8828	13.005398175636136
8829	13.004672892103862
8830	13.0040394484651
8831	13.003504480754398
8832	13.002728843973868
8833	13.001934608778733
8834	13.000972183236073
8835	13.000326378918036
8836	12.999763177269337
8837	12.99874298669986
8838	12.99805507469283
8839	12.996857754518018
8840	12.996119879753916
8841	12.99531034821861
8842	12.99465911704539
8843	12.993441664348381
8844	12.992585874186346
8845	12.99181529725727
8846	12.99115525439495
8847	12.990506080850743
8848	12.98967946218293
8849	12.989051625663915
8850	12.988433761193923
8851	12.98775151092905
8852	12.987065553796777
8853	12.986402543483724
8854	12.985509498752258
8855	12.984708423637192
8856	12.98367591090016
8857	12.982867781497776
8858	12.982255823449485
8859	12.981563463028397
8860	12.980920672527695
8861	12.980235205067293
8862	12.979491782249742
8863	12.978713430704346
8864	12.977921499061388
8865	12.977137905402667
8866	12.976545256329585
8867	12.975848894317924
8868	12.974787854460692
8869	12.97391126875961
8870	12.973336513604679
8871	12.972688808775109
8872	12.972051267049595
8873	12.971147872231185
8874	12.970380957698598
8875	12.969706826634074
8876	12.969109391705093
8877	12.968145105348016
8878	12.967489453247104
8879	12.966519828843248
8880	12.965712827497049
8881	12.964892281685106
8882	12.964246803694266
8883	12.96311069578645
8884	12.96247527471079
8885	12.961709767639816
8886	12.960556447112172
8887	12.959885151127718
8888	12.959167401398714
8889	12.958451407088706
8890	12.9579028626283
8891	12.957218146651556
8892	12.956399612506988
8893	12.955773437635427
8894	12.955215990294711
8895	12.954157691206996
8896	12.953282317051292
8897	12.951981442404739
8898	12.95127415539091
8899	12.950604300426594
8900	12.949833836843377
8901	12.948697706137732
8902	12.94782937802295
8903	12.947145740272086
8904	12.946528782360712
8905	12.945822384518967
8906	12.945115887169084
8907	12.944407256619026
8908	12.943736839496026
8909	12.942968033207888
8910	12.942356452900981
8911	12.94165497819884
8912	12.941032809773297
8913	12.940277883496536
8914	12.93962597264861
8915	12.938704913136842
8916	12.937897537072287
8917	12.937160339617463
8918	12.936472078368006
8919	12.935880139975295
8920	12.935275031478596
8921	12.934598729591292
8922	12.933616802609688
8923	12.932845792506539
8924	12.932249302988236
8925	12.931680546469167
8926	12.931034624460633
8927	12.930254294379907
8928	12.92902879511617
8929	12.92807163232835
8930	12.927276071846892
8931	12.92664099142823
8932	12.925963812134766
8933	12.92519369851608
8934	12.924466157982483
8935	12.923654149222084
8936	12.922600103026042
8937	12.921841869695545
8938	12.921200753194196
8939	12.920405431711487
8940	12.919637010971952
8941	12.918612094696162
8942	12.917937579855826
8943	12.916995433686898
8944	12.916216348649703
8945	12.915587293138074
8946	12.914946550968457
8947	12.91427089614365
8948	12.91344675284375
8949	12.912534213018718
8950	12.911765516325692
8951	12.910984479184975
8952	12.91031155520985
8953	12.909466890067893
8954	12.908863171743262
8955	12.90812051454196
8956	12.90734015501101
8957	12.906469736316561
8958	12.905822224096346
8959	12.905169162546029
8960	12.904245020091237
8961	12.90351769158914
8962	12.902839178693604
8963	12.901979029445052
8964	12.901391891749334
8965	12.90068228898172
8966	12.899857618712826
8967	12.898777257706188
8968	12.897868109639422
8969	12.89681277367588
8970	12.896211940186765
8971	12.895595612538177
8972	12.894608321610654
8973	12.893901726407153
8974	12.893238523202324
8975	12.892602771219167
8976	12.891676419979516
8977	12.891039847020009
8978	12.890413507031203
8979	12.889495956885812
8980	12.888833814737268
8981	12.888146122054623
8982	12.887417917084724
8983	12.886856339883915
8984	12.886258096445973
8985	12.88565418396283
8986	12.885047765417756
8987	12.884361451259867
8988	12.883309745096991
8989	12.882516515384639
8990	12.88161490743988
8991	12.88067607539644
8992	12.880049462679963
8993	12.879259277317551
8994	12.878457070903767
8995	12.877736499861042
8996	12.876981613108757
8997	12.876039538010192
8998	12.87534071849698
8999	12.87429813603702
9000	12.873325215075328
9001	12.872682266026535
9002	12.871801709435813
9003	12.87124281354017
9004	12.870619893426998
9005	12.869859397267689
9006	12.869201228440105
9007	12.868620085404618
9008	12.867910567594585
9009	12.867309389817185
9010	12.866373362241148
9011	12.865744850874396
9012	12.864988367877439
9013	12.864178681822631
9014	12.863518487109575
9015	12.862871525149718
9016	12.862148666427386
9017	12.861167796159442
9018	12.860154216622353
9019	12.859389397436054
9020	12.858811887359165
9021	12.857907028177436
9022	12.857250827713719
9023	12.856135453321569
9024	12.855328090325184
9025	12.854625815687786
9026	12.853724768923463
9027	12.853129068546904
9028	12.852464158835197
9029	12.85183506013901
9030	12.851203916281788
9031	12.850578696648482
9032	12.849968144902256
9033	12.849283794331349
9034	12.848301327616282
9035	12.847204981921886
9036	12.846423364637925
9037	12.845649289663509
9038	12.844647735519656
9039	12.844053616777083
9040	12.843498523989203
9041	12.84301035895981
9042	12.842345345358092
9043	12.841753255805324
9044	12.84088849819192
9045	12.8402326094652
9046	12.839594329836734
9047	12.838865897888457
9048	12.838242951396767
9049	12.837551884933694
9050	12.83666499116956
9051	12.835820255072035
9052	12.834938326840648
9053	12.83382724384034
9054	12.833190227745138
9055	12.832332987076928
9056	12.831600929286877
9057	12.830791728818593
9058	12.829994356505226
9059	12.829280463930285
9060	12.828688825251232
9061	12.82777091426416
9062	12.827175207058646
9063	12.82651450131148
9064	12.825887243524296
9065	12.824733997864122
9066	12.824097321610541
9067	12.823379171679928
9068	12.822728397602546
9069	12.822017189886344
9070	12.821164731054374
9071	12.820530057853954
9072	12.819907197300731
9073	12.819154557502175
9074	12.818237186359502
9075	12.81740420279118
9076	12.816735849393153
9077	12.81607421397803
9078	12.8154224355101
9079	12.814803130605323
9080	12.814094838616777
9081	12.813399686398304
9082	12.81264080447901
9083	12.812063137056589
9084	12.811312312095438
9085	12.810697854730403
9086	12.809374586109787
9087	12.808641667213063
9088	12.808053496417607
9089	12.80742933997507
9090	12.806825977060539
9091	12.806276242694764
9092	12.805683840210985
9093	12.804895257781363
9094	12.804237039447683
9095	12.803372070863286
9096	12.802797600765151
9097	12.802165250947462
9098	12.801579240348017
9099	12.8009479203297
9100	12.799845136241291
9101	12.79916544092844
9102	12.798195483483727
9103	12.797258277455011
9104	12.79657526159437
9105	12.795799595894014
9106	12.795131206438992
9107	12.794515081031715
9108	12.79372596047434
9109	12.7931145168396
9110	12.792409371476625
9111	12.791787978926275
9112	12.791211310738829
9113	12.790187485396178
9114	12.789449215349775
9115	12.78845133321701
9116	12.78770952187005
9117	12.787054240198461
9118	12.786484071477974
9119	12.78580301310145
9120	12.785137757415917
9121	12.784513198128431
9122	12.783772782982325
9123	12.782800684420298
9124	12.781914251191983
9125	12.781260601567242
9126	12.780298385502377
9127	12.779364428133327
9128	12.778711486519024
9129	12.77801241993015
9130	12.777423881116354
9131	12.776419829807631
9132	12.775776015796644
9133	12.77499155951182
9134	12.774287450007165
9135	12.773582831230001
9136	12.773017094588065
9137	12.772232800255802
9138	12.771260871948966
9139	12.770232763082342
9140	12.769622566164264
9141	12.768732658822588
9142	12.767957192111085
9143	12.767316248882512
9144	12.766698430115362
9145	12.765960332155402
9146	12.764934494411746
9147	12.764103709083528
9148	12.76350571129196
9149	12.762893438537775
9150	12.762017616395887
9151	12.761403778277675
9152	12.76049364389219
9153	12.759748134424187
9154	12.759105778969104
9155	12.758412969590736
9156	12.757791839940442
9157	12.757189815057348
9158	12.756504677954368
9159	12.755913512978005
9160	12.75526263505444
9161	12.754368302651056
9162	12.753742663649028
9163	12.752972928531237
9164	12.75229619260173
9165	12.751648102422273
9166	12.751052623777014
9167	12.750102492868322
9168	12.74918660795067
9169	12.748414861899708
9170	12.74724644800804
9171	12.746214531027713
9172	12.745617909256023
9173	12.744701611388582
9174	12.744061185505869
9175	12.743364219637238
9176	12.742798968039214
9177	12.742183872668503
9178	12.741575818298779
9179	12.74053081553282
9180	12.739787924320108
9181	12.739138378907183
9182	12.738209346813171
9183	12.73762502828594
9184	12.736885939449389
9185	12.736269133190513
9186	12.735651443140986
9187	12.735012126000296
9188	12.733961039261594
9189	12.733223716655354
9190	12.732221819864728
9191	12.731609643286262
9192	12.731001767639821
9193	12.730085322523347
9194	12.729009240652303
9195	12.728372308656724
9196	12.727672100280468
9197	12.726724416955182
9198	12.725899441592013
9199	12.72535787717961
9200	12.72445833566931
9201	12.72369584519496
9202	12.72277661084933
9203	12.72189266069692
9204	12.72128521580117
9205	12.720673583501574
9206	12.720051919639891
9207	12.719460042821177
9208	12.718547103415524
9209	12.717485231962993
9210	12.716903596045217
9211	12.716151976421823
9212	12.715379042779885
9213	12.714619449123527
9214	12.713881682300748
9215	12.713246103439447
9216	12.712665233337775
9217	12.712104705014987
9218	12.711374100159501
9219	12.710760084715943
9220	12.710264575133444
9221	12.709604783643508
9222	12.708846636828364
9223	12.708192068896238
9224	12.707514028327896
9225	12.70689176868939
9226	12.706221170894654
9227	12.705616636555016
9228	12.704843021012191
9229	12.704199978025581
9230	12.70348253893024
9231	12.70270210816149
9232	12.702094006073462
9233	12.7014045803326
9234	12.70046493051081
9235	12.699736327972866
9236	12.699157440477066
9237	12.698416246592263
9238	12.697772389611936
9239	12.696990977646708
9240	12.696268078144225
9241	12.69565018225065
9242	12.695018032433023
9243	12.694057008889935
9244	12.693356227766529
9245	12.692238599872404
9246	12.691606092812043
9247	12.690846579463548
9248	12.690083483802225
9249	12.689487173240925
9250	12.688767257962828
9251	12.68803803821306
9252	12.686979384193052
9253	12.686377732638194
9254	12.68555483043102
9255	12.684903730336147
9256	12.684236715663781
9257	12.683677396271518
9258	12.6831539733334
9259	12.682439193352618
9260	12.681614563035266
9261	12.680974565955964
9262	12.679877093521984
9263	12.679301093945966
9264	12.678696276389747
9265	12.677583073025957
9266	12.676947104367812
9267	12.676332406170902
9268	12.675476229610336
9269	12.674889540747955
9270	12.674260670361866
9271	12.673674933686538
9272	12.673095723085213
9273	12.672248538660584
9274	12.67135135502052
9275	12.670547255656551
9276	12.669882320789451
9277	12.669162740114285
9278	12.668588141309202
9279	12.667401925284747
9280	12.666660255367137
9281	12.665701704873493
9282	12.665030673112692
9283	12.664146217575702
9284	12.663634804897166
9285	12.662703156366014
9286	12.661955987108653
9287	12.661403910644513
9288	12.660366203674817
9289	12.659682134209184
9290	12.658574589375986
9291	12.65770525158121
9292	12.656746666915303
9293	12.65615299693016
9294	12.655556358536645
9295	12.654832564954683
9296	12.653884880396028
9297	12.653106703480994
9298	12.65235730287064
9299	12.651721810371324
9300	12.650754610306741
9301	12.649955464403766
9302	12.649123062151837
9303	12.648366425751693
9304	12.647798625877286
9305	12.647172399344068
9306	12.64662133347629
9307	12.646182031064631
9308	12.645571306443182
9309	12.64498619475343
9310	12.644351695535587
9311	12.643688591470214
9312	12.642825041766288
9313	12.642224965322017
9314	12.641244461333883
9315	12.640649059796928
9316	12.640124845990545
9317	12.639446466276924
9318	12.63843653190955
9319	12.637667054320085
9320	12.6369022543247
9321	12.63626959849197
9322	12.635509418102867
9323	12.634939226632644
9324	12.634375682744743
9325	12.633660691569721
9326	12.633045583500174
9327	12.632084009669589
9328	12.631461962784584
9329	12.630882324481556
9330	12.629895404500205
9331	12.6290062904238
9332	12.62834745779725
9333	12.627603634499305
9334	12.62679187823885
9335	12.626189507242934
9336	12.625582300697179
9337	12.624648416498903
9338	12.624093938242417
9339	12.623249005118433
9340	12.62245267486158
9341	12.621734554358186
9342	12.621153336666955
9343	12.620406499057502
9344	12.619770832395266
9345	12.619106603637736
9346	12.618510038269573
9347	12.617841101749454
9348	12.617259146871193
9349	12.616691138246905
9350	12.616014990441776
9351	12.61539230717647
9352	12.614632163017095
9353	12.613671925141796
9354	12.612932441009942
9355	12.612329814943667
9356	12.611519852043193
9357	12.610927988499867
9358	12.610412257919009
9359	12.609658008745413
9360	12.608829738633162
9361	12.608190473841391
9362	12.607266676316735
9363	12.606589675034943
9364	12.606027630382075
9365	12.605347191575845
9366	12.604692363886826
9367	12.604107550183441
9368	12.603428132455452
9369	12.60280027734327
9370	12.602146273079743
9371	12.601618951526412
9372	12.601014958859475
9373	12.60030698842805
9374	12.599713453358115
9375	12.599177158593493
9376	12.59828227931108
9377	12.597518868138021
9378	12.59683925288788
9379	12.596269882141135
9380	12.595637137776361
9381	12.595144308519227
9382	12.594391694670781
9383	12.59374147178878
9384	12.592876414354095
9385	12.592287715913573
9386	12.591707193416825
9387	12.591080398985861
9388	12.590066439900475
9389	12.589325595469722
9390	12.588594383495543
9391	12.587784027740513
9392	12.587224457901813
9393	12.586649831514771
9394	12.586021382984692
9395	12.585374418135297
9396	12.584690161145074
9397	12.584067789221855
9398	12.5834859421395
9399	12.58248963498073
9400	12.581783792426402
9401	12.581159395533012
9402	12.580618102382664
9403	12.57987733431307
9404	12.579239610166253
9405	12.578692642606715
9406	12.577985783302415
9407	12.577385328227743
9408	12.576768772080625
9409	12.576044651900581
9410	12.575374251150475
9411	12.574784448757814
9412	12.574273946979641
9413	12.573687993138297
9414	12.573071477363442
9415	12.571933229239194
9416	12.571279817835817
9417	12.570602011745095
9418	12.569979013218399
9419	12.569356774027272
9420	12.568684181265828
9421	12.56797371627339
9422	12.567380152089779
9423	12.566758852490304
9424	12.566204830746715
9425	12.565631015162928
9426	12.564709174970066
9427	12.56417329565425
9428	12.563022931899786
9429	12.562519164883573
9430	12.561892611092741
9431	12.561318558728566
9432	12.56073111843398
9433	12.560275522987759
9434	12.559622148827884
9435	12.559062444212163
9436	12.55838802735438
9437	12.55745242447575
9438	12.556140044645591
9439	12.555259980931076
9440	12.554612344101132
9441	12.55399561020014
9442	12.553266540309975
9443	12.552469731787252
9444	12.551624245247584
9445	12.550922706891956
9446	12.550355673689488
9447	12.549697889765957
9448	12.54896624716728
9449	12.548338606601916
9450	12.547650138953323
9451	12.547082034167063
9452	12.546499277511803
9453	12.545878498569339
9454	12.545101965517388
9455	12.544647971946638
9456	12.543791632859842
9457	12.542971379046095
9458	12.54202414920489
9459	12.541318747639949
9460	12.540567154396578
9461	12.539658619850112
9462	12.539047857926365
9463	12.53845171702508
9464	12.537712082658794
9465	12.536992868427062
9466	12.536192342711017
9467	12.535449914234281
9468	12.53474546717524
9469	12.534160814433196
9470	12.533446730023096
9471	12.532749691371897
9472	12.53211552678803
9473	12.53145137681991
9474	12.53087101532078
9475	12.530136250851587
9476	12.52939488220809
9477	12.528562003446828
9478	12.527781478316065
9479	12.527079016859501
9480	12.526337643670425
9481	12.525666815495358
9482	12.525058358407087
9483	12.524482148757183
9484	12.523618562473498
9485	12.52296800828247
9486	12.522516731141168
9487	12.52204143296681
9488	12.520864753916893
9489	12.52027141568039
9490	12.51966866073938
9491	12.518820568816352
9492	12.517984289725334
9493	12.517429158661793
9494	12.516646159108163
9495	12.516108230183077
9496	12.515526488066621
9497	12.51483567795912
9498	12.514008420968906
9499	12.513394522424708
9500	12.512788166239806
9501	12.511917560410486
9502	12.511343638990573
9503	12.510706221413772
9504	12.510065965802772
9505	12.509198331372103
9506	12.508354743993019
9507	12.507805570020087
9508	12.507093171606236
9509	12.506294266544172
9510	12.505746159508197
9511	12.505182887601759
9512	12.50448546632219
9513	12.503853805985536
9514	12.503263231901624
9515	12.502751683234036
9516	12.502011572735901
9517	12.500944854669195
9518	12.500031656205927
9519	12.499500750958592
9520	12.498668315418568
9521	12.498093376147892
9522	12.49751438425381
9523	12.496660388272732
9524	12.495841693597919
9525	12.49488761742391
9526	12.493784830610402
9527	12.4932301914022
9528	12.492619916431751
9529	12.491961551777143
9530	12.491350862017162
9531	12.490747759183678
9532	12.490164951200416
9533	12.489088703354227
9534	12.488444449973786
9535	12.487717397745861
9536	12.487204456512453
9537	12.486609603851916
9538	12.486045186819759
9539	12.485326047430583
9540	12.484550133139166
9541	12.483526764056347
9542	12.48288257104872
9543	12.482022717128338
9544	12.481109809312702
9545	12.480421482896542
9546	12.47985899746176
9547	12.479145552034462
9548	12.47867056130628
9549	12.478046743237561
9550	12.47747285588786
9551	12.476868183684731
9552	12.475811085487507
9553	12.47477994717187
9554	12.473847728799477
9555	12.47314114345707
9556	12.472554184216293
9557	12.471978439819239
9558	12.47137472456536
9559	12.470657089526716
9560	12.46987861545263
9561	12.468923637726755
9562	12.468244199578656
9563	12.467634545219784
9564	12.467075837694175
9565	12.466531182465545
9566	12.466007664817683
9567	12.46537312053086
9568	12.464662594372319
9569	12.463945821558307
9570	12.463315935287554
9571	12.462704398464968
9572	12.462155849153962
9573	12.461598943534293
9574	12.460576715097288
9575	12.459796372819804
9576	12.459052755965597
9577	12.458363931067323
9578	12.457284261157701
9579	12.456659282885013
9580	12.456127446070584
9581	12.455575526438968
9582	12.45496968721659
9583	12.454347051957951
9584	12.453780394765934
9585	12.453002127397186
9586	12.452310904327465
9587	12.451581809922848
9588	12.450852287706597
9589	12.450166074064896
9590	12.449513661571968
9591	12.44888257928507
9592	12.448345072994744
9593	12.447502956467606
9594	12.446886710482836
9595	12.44583556125449
9596	12.445289556540697
9597	12.444651468112754
9598	12.444119926910618
9599	12.443304063876303
9600	12.44242077488429
9601	12.441782886866628
9602	12.441164022857391
9603	12.440581461473718
9604	12.439864558760547
9605	12.438943613654814
9606	12.438288386287706
9607	12.437640930240187
9608	12.437024919669739
9609	12.436183202898457
9610	12.435362003604213
9611	12.434821496201309
9612	12.434253495165803
9613	12.433400743548685
9614	12.432797505572402
9615	12.432226811750862
9616	12.431663685906146
9617	12.431069321187591
9618	12.430243605537068
9619	12.429649191574295
9620	12.429121491957575
9621	12.428101796821823
9622	12.42729215831978
9623	12.426712089159077
9624	12.425884972334469
9625	12.425090708874553
9626	12.424016327575856
9627	12.423465510951742
9628	12.422736647575213
9629	12.422181367694566
9630	12.42148094032153
9631	12.42051794630297
9632	12.419918684338816
9633	12.419368581384242
9634	12.41868515408623
9635	12.418119625677303
9636	12.417396437069007
9637	12.41680991257314
9638	12.416132912323702
9639	12.415436071315716
9640	12.414840766403577
9641	12.414028052820429
9642	12.413537670575598
9643	12.413000195604393
9644	12.412140891710589
9645	12.411203579806722
9646	12.410603121672244
9647	12.409786864229163
9648	12.409116555541368
9649	12.408515537410869
9650	12.40794517606803
9651	12.407384799406326
9652	12.40670126904127
9653	12.405991485119154
9654	12.40542836464637
9655	12.404596341671141
9656	12.404076626373447
9657	12.403130143939507
9658	12.402498546453117
9659	12.401924214068174
9660	12.400845637206201
9661	12.399722953824098
9662	12.399056452862174
9663	12.39826266152131
9664	12.39769560982856
9665	12.397067377235148
9666	12.396490923766908
9667	12.395899331209128
9668	12.395191058161817
9669	12.394097956602211
9670	12.393337064695697
9671	12.392656311558838
9672	12.391972515412025
9673	12.39143270668613
9674	12.390796921253605
9675	12.390017984898329
9676	12.389173124924977
9677	12.388712448889523
9678	12.387787512413611
9679	12.387198852904078
9680	12.386548813574807
9681	12.386005888961021
9682	12.385285250665412
9683	12.384736014574367
9684	12.384048362041804
9685	12.383361063846074
9686	12.382739120390994
9687	12.382112758090933
9688	12.381239410383754
9689	12.380589616094388
9690	12.380044076317585
9691	12.379447880823552
9692	12.378784007280348
9693	12.3781996110799
9694	12.3776209815782
9695	12.37693603839675
9696	12.376213657968748
9697	12.375436130954188
9698	12.374837564596673
9699	12.37403883376445
9700	12.373294625760543
9701	12.372576446416046
9702	12.371996236011777
9703	12.371385172141697
9704	12.370843968402095
9705	12.370056441364044
9706	12.369492877776576
9707	12.368899604607373
9708	12.368353965797324
9709	12.36776893001833
9710	12.367231807176696
9711	12.366545391514286
9712	12.365906205297946
9713	12.365183868942038
9714	12.364213682891258
9715	12.363641652134636
9716	12.362799633342732
9717	12.362027437122372
9718	12.361324441115622
9719	12.360765476628071
9720	12.360140080354068
9721	12.359213015847384
9722	12.358627213184459
9723	12.357868655890579
9724	12.357154350148534
9725	12.356600265363177
9726	12.356065405655368
9727	12.355071692828869
9728	12.35447938200904
9729	12.353312375137314
9730	12.35242145906187
9731	12.351829142718678
9732	12.351116781723775
9733	12.35040605909281
9734	12.34976021858969
9735	12.349204101943258
9736	12.348513841170622
9737	12.34781924660825
9738	12.346835611653827
9739	12.346067681060832
9740	12.34547038217157
9741	12.344941939981899
9742	12.344407959431425
9743	12.343815137340712
9744	12.343258837955414
9745	12.342588975223652
9746	12.341989498569072
9747	12.341448413153277
9748	12.340647120959243
9749	12.340038657518127
9750	12.33947391486484
9751	12.33857461851716
9752	12.338057499799715
9753	12.337254022680062
9754	12.336714655019284
9755	12.336225480986599
9756	12.335506643954844
9757	12.334840997786008
9758	12.333992309253857
9759	12.333389935510567
9760	12.332822113290167
9761	12.332177635752393
9762	12.33155826123457
9763	12.331023794504768
9764	12.330423718184939
9765	12.329863904167244
9766	12.329179485908604
9767	12.328545847695842
9768	12.327963940534373
9769	12.327171440530082
9770	12.326307996723397
9771	12.32544576120791
9772	12.324753681362314
9773	12.324199969239109
9774	12.32363388433138
9775	12.32282794792967
9776	12.32193512575879
9777	12.321377134141992
9778	12.320794683034393
9779	12.320111007727382
9780	12.319222001557806
9781	12.318385384157018
9782	12.317509170540376
9783	12.316843622317
9784	12.31610040936931
9785	12.31557031182389
9786	12.31476159042905
9787	12.314255749662054
9788	12.31346918321259
9789	12.312776154548352
9790	12.312141094594612
9791	12.311443402803889
9792	12.310421739947556
9793	12.309865871973983
9794	12.30906515891258
9795	12.308526844093505
9796	12.308018132371409
9797	12.30728433855136
9798	12.306714297328739
9799	12.306102636298327
9800	12.305273923880721
9801	12.304699613146717
9802	12.304171187126734
9803	12.303456168036645
9804	12.302788819807766
9805	12.301971407014364
9806	12.301435183813417
9807	12.300451375762488
9808	12.299997485679372
9809	12.299339214853637
9810	12.298729847252412
9811	12.298059305160471
9812	12.297573829917235
9813	12.29705208345941
9814	12.29634764946552
9815	12.295691262311127
9816	12.295106616260075
9817	12.294543944869373
9818	12.293792300273864
9819	12.293280138439235
9820	12.292663874434316
9821	12.29191279499967
9822	12.291350445418876
9823	12.290766269250577
9824	12.290188488180787
9825	12.289661928035446
9826	12.28903379691748
9827	12.288457677872278
9828	12.28776467021159
9829	12.287160258682778
9830	12.286466709192583
9831	12.285918125138538
9832	12.285135943281608
9833	12.284552683777362
9834	12.28388987375268
9835	12.283308679208005
9836	12.282537124210586
9837	12.281984926577335
9838	12.281281762118953
9839	12.28072147422095
9840	12.280097571970243
9841	12.279396644261235
9842	12.278876150262388
9843	12.278288213428445
9844	12.277412129415332
9845	12.276846885426073
9846	12.276241511554282
9847	12.27481595521337
9848	12.274331838393476
9849	12.273707485941161
9850	12.273134743129441
9851	12.272593588400076
9852	12.271805723895696
9853	12.271259814864553
9854	12.27038339611467
9855	12.2698492160334
9856	12.269373752100833
9857	12.26869051062272
9858	12.268096345726956
9859	12.267435871757263
9860	12.2669269383707
9861	12.26640389719072
9862	12.265773548990964
9863	12.265192668630506
9864	12.264676441126973
9865	12.26401598017964
9866	12.263484056390995
9867	12.262934438824203
9868	12.262417643718665
9869	12.261757755562659
9870	12.261293188606873
9871	12.260739926040156
9872	12.260093559992676
9873	12.259433164058528
9874	12.258822547145536
9875	12.258109194458736
9876	12.257447997239208
9877	12.25634452393564
9878	12.255765437805074
9879	12.255208736210891
9880	12.254701695290771
9881	12.254009030821063
9882	12.253438182164208
9883	12.252815399349496
9884	12.252268448920502
9885	12.251697909710774
9886	12.251172793864532
9887	12.25054733138561
9888	12.249802525117403
9889	12.2489450029805
9890	12.248522689702021
9891	12.247620742615704
9892	12.247048232807465
9893	12.246270603483067
9894	12.24575019142921
9895	12.24515827512207
9896	12.244363320149072
9897	12.243719284058578
9898	12.243131528141246
9899	12.242515779403123
9900	12.241555368905134
9901	12.240994607453377
9902	12.240174388350667
9903	12.239136442711322
9904	12.238345667096416
9905	12.237775810582576
9906	12.236723279574068
9907	12.236044060320186
9908	12.235493917547537
9909	12.234948324606554
9910	12.234381164535149
9911	12.233511251966972
9912	12.232709894051363
9913	12.231918388687191
9914	12.231039091488395
9915	12.230356034629299
9916	12.22957820252059
9917	12.22903640399952
9918	12.228537883488803
9919	12.227865557843753
9920	12.227192437440497
9921	12.226691802711539
9922	12.225699215061242
9923	12.224888716600775
9924	12.224467273614582
9925	12.223705831832826
9926	12.223138180831178
9927	12.222540541086394
9928	12.221686118459013
9929	12.221158700626205
9930	12.220507902386846
9931	12.219865411813087
9932	12.21936229457891
9933	12.218809721139134
9934	12.218117857222438
9935	12.217537872745165
9936	12.21693287787901
9937	12.216141467499522
9938	12.215561245893134
9939	12.215101937614508
9940	12.214527677590606
9941	12.213742854960474
9942	12.213178651713044
9943	12.212661385607094
9944	12.21208904691728
9945	12.211516605954847
9946	12.210899260944322
9947	12.210333667677666
9948	12.209798712816713
9949	12.209146987927811
9950	12.20859652048729
9951	12.208040618555005
9952	12.207222276344003
9953	12.206676624005679
9954	12.206032274222169
9955	12.205183930240873
9956	12.2044667857946
9957	12.20397807765575
9958	12.20332317097852
9959	12.202803662989975
9960	12.202015071599913
9961	12.20147324611841
9962	12.200936455247833
9963	12.200264201610448
9964	12.199669111315684
9965	12.199048447063962
9966	12.198468464874427
9967	12.197401855826556
9968	12.196433215915016
9969	12.195900150966693
9970	12.195132183329823
9971	12.19453879438603
9972	12.19388675843027
9973	12.193263815335733
9974	12.192553069591442
9975	12.191923241104313
9976	12.191443384738347
9977	12.190669506610913
9978	12.189896628986402
9979	12.189222380186543
9980	12.188702087779827
9981	12.188191966555667
9982	12.187479172788542
9983	12.186749603507023
9984	12.186179543538728
9985	12.1855457414961
9986	12.185024092182248
9987	12.184510477044643
9988	12.183992692312165
9989	12.183407383055982
9990	12.182745848183995
9991	12.181933592126494
9992	12.18134984321178
9993	12.180802456754686
9994	12.180154010240829
9995	12.179615109608113
9996	12.179046390967054
9997	12.178506362802766
9998	12.177849480959935
9999	12.177250450178326
10000	12.176376815147348

# METHOD: ShadowBucket
# Nshots: 10000
1	225.97943623213897
2	205.9872925062973
3	219.11309240264
4	227.48511830719897
5	235.4893478309492
6	240.3939897582472
7	248.56359811262033
8	251.82338552437307
9	256.4758273632921
10	262.436652370687
11	267.0290640866419
12	242.9211213706383
13	245.58619336913355
14	247.24655211651108
15	250.1726453812269
16	238.87572121743932
17	241.84762493114886
18	245.6195793700826
19	246.63161669869945
20	248.51333596858066
21	249.3617146741424
22	250.9083451169015
23	252.71395066183644
24	254.15688642720968
25	256.70239988030363
26	259.4965617665128
27	261.2815276095265
28	263.10913105233607
29	263.8417838683631
30	264.36372591030295
31	265.62130568432934
32	266.3925460497879
33	267.68309186662043
34	268.37200870844106
35	268.69749133366753
36	269.8010674708559
37	270.8737567451647
38	271.6822303300294
39	272.5555812268966
40	272.28349021098165
41	272.3858165028064
42	264.57844291839024
43	264.7791864241989
44	264.9317488847908
45	259.5826179134104
46	259.3288732167289
47	259.53187012830625
48	260.06745716283564
49	260.5566948406071
50	256.56457407846676
51	256.778306917948
52	254.33091017341317
53	254.76119427294861
54	251.41266641802042
55	251.10096806845397
56	251.2676808690828
57	251.25830057313124
58	250.484605854183
59	249.5557582074977
60	249.6009476527593
61	249.5512802882093
62	250.08468503989505
63	246.93209742909528
64	244.6448668854472
65	243.9277077470209
66	243.99507814141424
67	243.88744004702735
68	243.37804163968445
69	240.98396162072132
70	240.98244150783668
71	240.83138110055816
72	240.73429786140127
73	241.0373681047278
74	240.97973641767027
75	240.82884971375609
76	240.21655981368545
77	240.3309844905777
78	238.5358189066546
79	238.70030569345613
80	238.64777826277648
81	238.63329190638794
82	237.15130011493386
83	236.95833306327714
84	237.19226181138265
85	237.23711987981227
86	237.356499075497
87	236.7022685106819
88	236.32633220547064
89	235.808514803259
90	234.38709859507912
91	233.1464701644497
92	232.87240452524318
93	232.88082473896705
94	231.85601811734566
95	231.82061108690507
96	230.65546617827428
97	229.95098092526743
98	229.8538069046982
99	228.97184850936696
100	228.9594026379342
101	228.07782700485959
102	228.02302850336463
103	228.01843406549264
104	227.89647950576736
105	227.85119027779163
106	227.5874595292802
107	226.2388001013319
108	226.24141173701878
109	225.52786789774623
110	225.3353945264433
111	224.70419356533185
112	224.5126401443069
113	224.34319800679913
114	223.75812803747752
115	223.76363783705864
116	221.98002316334916
117	221.63239522288688
118	221.4943673684869
119	220.74956784526077
120	220.73120527542642
121	220.5718464307847
122	220.50023518894187
123	220.37919658758264
124	220.1944446741313
125	220.021595579308
126	219.8130522520579
127	219.17040221489154
128	218.07432834227953
129	215.97399550952815
130	215.8603813242304
131	215.83265686200377
132	215.64164808424326
133	215.00672149508378
134	214.62148530178953
135	214.30502321822826
136	213.70642115531493
137	213.3731962002249
138	213.07062063177634
139	212.444448241742
140	211.73831750583471
141	211.5998383829802
142	211.33643727950474
143	210.69239011029336
144	210.65073274534112
145	210.35442244374028
146	208.82700644858483
147	208.7789192136291
148	208.2286846369884
149	207.5913779667576
150	206.98159814664086
151	206.1515849201335
152	204.81675434904597
153	204.34513893359363
154	203.7878865383739
155	202.82269096769835
156	202.4084869358363
157	202.33822433600406
158	191.54818726591648
159	191.33462488038992
160	190.6831373178289
161	190.47519280849886
162	190.1232407579596
163	189.97974582267986
164	189.61741578903343
165	189.16068241790995
166	188.48339818548456
167	188.1873236614036
168	187.57666897343427
169	186.90635379046856
170	186.24661283220067
171	174.5720289233631
172	169.67407074304145
173	164.8353619687008
174	161.96116221408363
175	159.0500491582296
176	156.94441137887554
177	154.92511588073236
178	153.30745050755073
179	151.8058066128492
180	150.54361714630863
181	149.3061516153217
182	148.07739677250578
183	146.86094988200082
184	145.69707319812133
185	144.6471142597135
186	143.6119238166133
187	142.5772176797415
188	141.59143781612335
189	140.67628871465004
190	139.76489166868873
191	138.87729488213807
192	137.99791525115901
193	137.11905131679967
194	136.27584243416268
195	135.28760026629786
196	134.45703307364664
197	133.63404267065673
198	132.85626008077662
199	132.16283432089205
200	131.46956901303483
201	130.78007769399403
202	130.09149093795725
203	129.41899320197328
204	128.28394734179437
205	127.61910487447892
206	126.97466450083002
207	126.35885916827652
208	125.75207527932731
209	124.99936694075683
210	124.2546149436042
211	123.62936868841823
212	123.07702714008269
213	122.410829905392
214	121.83246272243713
215	121.28027332451549
216	120.76155848791026
217	120.26024979367295
218	119.76205405976519
219	119.26966364060661
220	118.77852296383386
221	118.29296783940386
222	117.83989708151285
223	117.38769023722212
224	116.93622478183592
225	116.48682343660793
226	116.03831596504702
227	115.59280972545287
228	115.08558551026933
229	114.64529136477525
230	114.20778917753724
231	113.7837730348268
232	113.36174051821328
233	112.94186337347878
234	112.5269177976718
235	112.11713565166855
236	111.71940567891421
237	111.329659301024
238	110.94269594568907
239	110.56020100042235
240	110.18740460559255
241	109.81899952014307
242	109.45702014084812
243	109.09671702857409
244	108.73830379301083
245	108.38177451250802
246	108.02585780478651
247	107.67388632526736
248	107.32773723444066
249	106.98465336616515
250	106.64199327964313
251	106.3063847358785
252	105.98278226127151
253	105.6640272356345
254	105.3528274847957
255	105.04309117413378
256	104.73534745943948
257	104.42993328675138
258	104.12770694950733
259	103.82622728862977
260	103.5284082203829
261	103.23328935866118
262	102.938715695162
263	102.64614031480457
264	102.35749332581769
265	102.06994925120446
266	101.63936837831228
267	101.30343235209857
268	101.00986426199023
269	100.72707688972997
270	100.44550206640612
271	100.16419694842804
272	99.7674047467954
273	99.47414995913624
274	99.1784511959027
275	98.90581447873392
276	98.62548953337071
277	98.35452227334848
278	98.09278866697608
279	97.83410360798318
280	97.57741691468615
281	97.32149428901258
282	97.0665490586003
283	96.8142503291971
284	96.5629630266167
285	96.31547340804809
286	96.06868925546742
287	95.82562525502254
288	95.58299417177625
289	95.34227500959584
290	95.10849672460004
291	94.80089110628596
292	94.56822894437259
293	94.33817976010798
294	94.10875654183955
295	93.88266618909091
296	93.65855752696272
297	93.41648557187612
298	93.19691226535959
299	92.98111560225968
300	92.76740267310625
301	92.55546061167725
302	92.34684589869129
303	92.14014570566769
304	91.93500937462824
305	91.73096066215142
306	91.52693389370276
307	91.32337468911439
308	91.12010888962803
309	90.91705593966918
310	90.71607441319176
311	90.51612153821623
312	90.31717997603147
313	90.11881887982884
314	89.92354184194812
315	89.72890308371561
316	89.5357753903088
317	89.34405236326833
318	89.15285378310675
319	88.96483999797522
320	88.77692250511791
321	88.58965841675727
322	88.40244566570479
323	88.21542494175438
324	88.03329255054706
325	87.8531193096907
326	87.67479669845306
327	87.49767007101616
328	87.3216361400209
329	87.14621140160745
330	86.97150670983332
331	86.79692849560598
332	86.62253932617672
333	86.4498138709657
334	86.27884017814804
335	86.10986123066432
336	85.94117514969672
337	85.77452140499884
338	85.6094214656929
339	85.44444132109287
340	85.27958783770066
341	85.11512884214993
342	84.95076853974705
343	84.78718017383063
344	84.62435607740542
345	84.46211581512159
346	84.29991833803284
347	84.14032388225502
348	83.98139792805755
349	83.82284706149008
350	83.66486228643193
351	83.50764420999404
352	83.35062015685865
353	83.19503367750661
354	83.04011385766393
355	82.88578798327906
356	82.731931408759
357	82.57850033952928
358	82.42540356729091
359	82.27323929810213
360	82.1088207320911
361	81.93487393534971
362	81.70021828586837
363	81.54863545128089
364	81.39768262842867
365	81.247733458168
366	81.10062032597469
367	80.95430206716098
368	80.80906743129157
369	80.62189049247854
370	80.41520184344053
371	80.26860689725208
372	80.0972006698052
373	79.95229298506469
374	79.81004479437789
375	79.67012683769705
376	79.53062030986113
377	79.39195557544755
378	79.25369332937458
379	79.11648160596914
380	78.97943466683986
381	78.84372833007751
382	78.70860562177293
383	78.57549573182014
384	78.44301559178724
385	78.31074415289653
386	78.1787426953491
387	78.04730772542848
388	77.9168752787325
389	77.78655989119298
390	77.65667756410372
391	77.5269169999839
392	77.39728943169811
393	77.26774178189143
394	77.13919019678173
395	77.01274064317306
396	76.88637199078964
397	76.76040413091943
398	76.63600316942856
399	76.51244388583697
400	76.38951187747354
401	76.26714718098668
402	76.14573275737841
403	76.02459999767063
404	75.90417659196278
405	75.78414510782767
406	75.66413451722727
407	75.54439479401569
408	75.42475683028741
409	75.30632847316768
410	75.188137003776
411	75.07083234698926
412	74.9537583565958
413	74.83668503007497
414	74.72018986740399
415	74.60432182498236
416	74.48978248843588
417	74.37561192618196
418	74.26146087189939
419	74.148107850418
420	74.03482124580403
421	73.92192644513436
422	73.80910878099542
423	73.69720370712628
424	73.5862918632091
425	73.47621528717805
426	73.36659962461337
427	73.25709637499628
428	73.14809267170926
429	73.03923891089897
430	72.93166974332418
431	72.77791744711281
432	72.65557631496975
433	72.54837794028441
434	72.4414592962626
435	72.33477732273619
436	72.22848223176354
437	72.12243423144477
438	72.01686972137641
439	71.91232908084423
440	71.80792363131964
441	71.70369070486983
442	71.59984282781248
443	71.4964417967798
444	71.39325847079972
445	71.29058973552806
446	71.18833388374487
447	71.08731481849695
448	70.98635703710708
449	70.88596095866508
450	70.78566160089841
451	70.68698385314839
452	70.58848031662959
453	70.49045913954347
454	70.39286335617055
455	70.29633250372547
456	70.19990481122827
457	70.10407204137027
458	70.00829021218131
459	69.91279539827957
460	69.81774814105718
461	69.7229531485407
462	69.6284499815222
463	69.53399294049044
464	69.4406020375556
465	69.34811959382236
466	69.25658558668879
467	69.16562569331172
468	69.07487052993677
469	68.9846875498926
470	68.89492953026563
471	68.80528008449174
472	68.7157547732744
473	68.62624602790247
474	68.53709797434614
475	68.44805183712062
476	68.35918797765754
477	68.2705294421588
478	68.18264243720265
479	68.09501501269193
480	68.00788292346513
481	67.92081321307836
482	67.83382687932684
483	67.74744733515055
484	67.66143897087237
485	67.57572492238286
486	67.49031360767921
487	67.40498641168224
488	67.31979039544302
489	67.23502509979257
490	67.15028267646186
491	67.0656513161189
492	66.98105098657672
493	66.89708133167727
494	66.8131454444392
495	66.72986466405636
496	66.64681539917586
497	66.56407639660952
498	66.48137260861819
499	66.39883714034654
500	66.31667955406559
501	66.23455704503355
502	66.15297228344828
503	66.07163977523032
504	65.99041157099676
505	65.90977128220047
506	65.82925724696408
507	65.74938794623964
508	65.66962670554909
509	65.59014719373434
510	65.51104770356434
511	65.43217474060643
512	65.35413419530192
513	65.27633499613218
514	65.1989300192011
515	65.12203235033206
516	65.01623438128254
517	64.87652435161331
518	64.77674777593943
519	64.69835948562294
520	64.62070629451019
521	64.54480984178969
522	64.46931642627882
523	64.39391965412932
524	64.31909531270664
525	64.24492146112499
526	64.17092061668012
527	64.09706912291692
528	64.0233199085979
529	63.94958569736419
530	63.87595634468785
531	63.80236856811566
532	63.72902366444136
533	63.655717020139576
534	63.58262509231826
535	63.509906452292974
536	63.437372555814925
537	63.36497350227603
538	63.292736942027375
539	63.2207135891894
540	63.148917414608015
541	63.07732246563826
542	63.006328138667314
543	62.9356150246283
544	62.86505186125046
545	62.79454353777434
546	62.724269287161
547	62.6543236679885
548	62.58449488969241
549	62.51467932574319
550	62.44528384558745
551	62.37605255352133
552	62.30725339876365
553	62.23879007220251
554	62.17047427631241
555	62.10247693639197
556	62.03459013849733
557	61.96692001580487
558	61.8995148143164
559	61.83221429130453
560	61.765010589084135
561	61.69782661909788
562	61.63079649791068
563	61.56381740442526
564	61.497078215353895
565	61.43113730733957
566	61.36524670007081
567	61.29962040096003
568	61.23435058928155
569	61.16926720146638
570	61.10438529072816
571	61.03969867312251
572	60.975067532697146
573	60.91068882207488
574	60.846536746820654
575	60.78241101354242
576	60.71857379695983
577	60.65488396746455
578	60.59148895982779
579	60.52825905005422
580	60.46508061817966
581	60.40192748968631
582	60.33885975607925
583	60.275853848390376
584	60.21326919982997
585	60.150727351674206
586	60.08852597840963
587	60.02645688453611
588	59.96442073421042
589	59.902528720794855
590	59.84067736463726
591	59.778865020138724
592	59.717097748199365
593	59.6555368818108
594	59.59406425049439
595	59.532670449533406
596	59.47141026240816
597	59.4101763283254
598	59.348998485075214
599	59.28820803816972
600	59.22780885006715
601	59.16752332536841
602	59.107359921074895
603	59.047514083424126
604	58.988178323942705
605	58.929330979838184
606	58.87060160937282
607	58.8119677628467
608	58.7535948663434
609	58.6956589965313
610	58.6379443564337
611	58.5804555872558
612	58.52338010801718
613	58.46660155330334
614	58.40982881779736
615	58.35318367047368
616	58.296592100630605
617	58.240012523315855
618	58.18347407280734
619	58.12720053055781
620	58.070964346669506
621	58.01472944324024
622	57.94131904976715
623	57.88515175379619
624	57.829383877163245
625	57.77369682321665
626	57.71806056148389
627	57.66260611733696
628	57.60749273114799
629	57.55242496192116
630	57.49740152757183
631	57.44258153736374
632	57.387946546287715
633	57.333409810618356
634	57.27902822114521
635	57.22473271077813
636	57.170461079163836
637	57.116301425500836
638	57.06218868550156
639	57.008372052623415
640	56.95468589362547
641	56.901033064327514
642	56.847402962618276
643	56.79386122303862
644	56.74034515444628
645	56.68738438516057
646	56.634506898856465
647	56.58170691875468
648	56.528934760235956
649	56.476196845893696
650	56.42374700387697
651	56.371351513068454
652	56.31904937272596
653	56.266848653119496
654	56.21482383549412
655	56.16281810848453
656	56.11097988345132
657	56.05916849582778
658	56.00771221904907
659	55.95627291701811
660	55.905237039274176
661	55.85423683112113
662	55.80325430460182
663	55.75256933269168
664	55.70222587660443
665	55.651965538922965
666	55.60173086745668
667	55.55163287149157
668	55.50171272549441
669	55.4520656684926
670	55.40248702045177
671	55.35296288666891
672	55.30347456721777
673	55.254380204559155
674	55.20568707245018
675	55.15709360109939
676	55.10851656916088
677	55.060032120548584
678	55.01160423359356
679	54.96319460273838
680	54.91489521263716
681	54.866664197153284
682	54.8185842025792
683	54.77051206702818
684	54.72255034289579
685	54.67464385361017
686	54.62675789309705
687	54.57910055120222
688	54.53169202167908
689	54.4845489978902
690	54.4374753503625
691	54.390447027794835
692	54.343509471117365
693	54.296650037894196
694	54.24979583794862
695	54.20305842836059
696	54.15645866879201
697	54.109934383335656
698	54.06348424782936
699	54.017077531023425
700	53.97079591942388
701	53.92460529074053
702	53.87858751939165
703	53.832621666531644
704	53.78676073382194
705	53.740909183245286
706	53.695272518088004
707	53.649756317420994
708	53.60430721074272
709	53.558877827785764
710	53.513537438984805
711	53.46845364817896
712	53.42342765643501
713	53.378494952971195
714	53.3335810592386
715	53.28875358802321
716	53.244148835684534
717	53.19962567114968
718	53.155284292221516
719	53.110985665074885
720	53.06681879481185
721	53.02272493596541
722	52.978750816146295
723	52.93499693126829
724	52.891412684154645
725	52.84804083667017
726	52.804757837725006
727	52.761548034952405
728	52.71857188026623
729	52.67576247398887
730	52.63306714666598
731	52.59039752056234
732	52.54796114377846
733	52.50570650839656
734	52.463613954695674
735	52.42156513424477
736	52.379650228885325
737	52.33786853693708
738	52.29623750314015
739	52.25473669900312
740	52.2133241167371
741	52.17193080614759
742	52.130710813056155
743	52.08972287353954
744	52.04877258541918
745	52.00804487204513
746	51.96732896254957
747	51.92676873682892
748	51.88621658137467
749	51.84567354739581
750	51.805147695678514
751	51.76473860424795
752	51.724547019192315
753	51.68436462605248
754	51.644191976771396
755	51.604073220152245
756	51.563987359738356
757	51.5240690474921
758	51.48423224196159
759	51.444432561199356
760	51.40480412896575
761	51.36519561719987
762	51.32561062934826
763	51.28608702035964
764	51.24669266162466
765	51.20737757617863
766	51.168111971161586
767	51.12892218144884
768	51.08977326752126
769	51.05068565950393
770	51.01163700740513
771	50.97265690315382
772	50.93409903079668
773	50.89562630532876
774	50.8572911013843
775	50.81901174955991
776	50.78075233459562
777	50.74250288903606
778	50.704302180512386
779	50.666153334607266
780	50.62807399120753
781	50.59003566444284
782	50.55206531473123
783	50.5141060921885
784	50.47616246750371
785	50.43829690634803
786	50.40048918307986
787	50.36278823105192
788	50.32513020623779
789	50.28747935635241
790	50.249873798273
791	50.21231279119854
792	50.17477770692092
793	50.137313838384735
794	50.09986877404428
795	50.062429050843164
796	50.02503823194262
797	49.98797886023416
798	49.951006550237096
799	49.91405599893226
800	49.87715124092157
801	49.84034416677216
802	49.80359009875909
803	49.76696367712671
804	49.73043911809136
805	49.69392752010821
806	49.65759618576325
807	49.62129193722292
808	49.585060404098535
809	49.54895318209339
810	49.51291519844677
811	49.476906725271526
812	49.44097538722194
813	49.40519217865877
814	49.36949890992716
815	49.33383260958537
816	49.29818921439893
817	49.26267471583036
818	49.22725320979868
819	49.19189190269901
820	49.15661394779098
821	49.121392433236565
822	49.08628726106923
823	49.05129048185422
824	49.01631455752415
825	48.981417132450524
826	48.94655437337383
827	48.91170491323332
828	48.877059436787505
829	48.842506990109996
830	48.80799316660042
831	48.773509101493964
832	48.739163744299354
833	48.704979252803035
834	48.67081222441885
835	48.63678386133494
836	48.60279935122741
837	48.5689024932355
838	48.535112904554765
839	48.50140829893874
840	48.46771494234913
841	48.43408252677981
842	48.400479674085474
843	48.366897357071274
844	48.33335627783411
845	48.299888215024836
846	48.26651777476408
847	48.233152451711064
848	48.19983661516701
849	48.16666805749112
850	48.133548983363
851	48.100491390194925
852	48.067477421948084
853	48.03447586022081
854	48.00147963354254
855	47.968607359391015
856	47.935799805709884
857	47.90305254106192
858	47.87039445494871
859	47.83779112567498
860	47.80529278818468
861	47.77279749691221
862	47.74033505457033
863	47.70792311744918
864	47.675524552643196
865	47.64318599157878
866	47.61086481058084
867	47.578571509089436
868	47.5463453877841
869	47.514137129376195
870	47.48199614933372
871	47.44989544111256
872	47.41782223400189
873	47.38576660056969
874	47.353827469885175
875	47.32191644544789
876	47.290023136738974
877	47.258262464593344
878	47.226542867591846
879	47.194898262673945
880	47.163255922020156
881	47.13183213073641
882	47.10055888046722
883	47.06931113034925
884	47.038083009377374
885	47.00692282469204
886	46.9758361399053
887	46.944886967604354
888	46.91394112884553
889	46.88306154001273
890	46.85224348418586
891	46.821433860991355
892	46.790626318747385
893	46.75992945196363
894	46.7294434138504
895	46.69900828384793
896	46.668639772417265
897	46.63835161484347
898	46.608117502687996
899	46.57798920776047
900	46.54788729497902
901	46.51780931467794
902	46.487758406507425
903	46.45781113273017
904	46.42788883148902
905	46.3980300662253
906	46.36818402098559
907	46.338503813751494
908	46.30895964164782
909	46.27945527143354
910	46.2499551118264
911	46.22046057477365
912	46.19100748190475
913	46.161570847264905
914	46.132168056038175
915	46.102833080828184
916	46.0735130710826
917	46.04421528582775
918	46.015076710381166
919	45.985974338861645
920	45.95691710864157
921	45.927888874872586
922	45.898908250379236
923	45.869928250496756
924	45.84095973004772
925	45.81209170605311
926	45.78337543006125
927	45.754660232190275
928	45.72596493802889
929	45.697364508872944
930	45.66885882253381
931	45.64040145119655
932	45.611951150989334
933	45.58351241897828
934	45.55519535696586
935	45.526929463904324
936	45.498797952098876
937	45.470721530256476
938	45.44267685742084
939	45.4146339571084
940	45.38663715145178
941	45.358647088187205
942	45.330710137949914
943	45.30277731265781
944	45.27486626456664
945	45.24700589342272
946	45.21930881280028
947	45.191717621854266
948	45.16415831482916
949	45.13663895465866
950	45.1091986072655
951	45.0818151124334
952	45.05447459873782
953	45.02715513158345
954	44.999876991936645
955	44.97263525618271
956	44.94541008685988
957	44.918216506591506
958	44.89107917256768
959	44.863986195503145
960	44.836954069222415
961	44.810036329969364
962	44.78314539994264
963	44.75628301053646
964	44.72948768939743
965	44.70271152737367
966	44.67605105237415
967	44.6494978798373
968	44.62300904606035
969	44.596530762811774
970	44.57012298960909
971	44.543750880493505
972	44.517420500487745
973	44.4910999228757
974	44.46479745087444
975	44.43852072064192
976	44.41226214722599
977	44.38601201982328
978	44.359816531402366
979	44.33362286882326
980	44.30752647150882
981	44.28147057148267
982	44.25543848646461
983	44.22940640241158
984	44.203423639372524
985	44.17748697325201
986	44.151578831803384
987	44.12569791901737
988	44.09985060049485
989	44.07400535939332
990	44.04821513392312
991	44.02255966829608
992	43.99694084649798
993	43.97134307407808
994	43.94575611515748
995	43.92019350901447
996	43.894633628458564
997	43.86916487627598
998	43.84375316600241
999	43.818361161263894
1000	43.7929905885146
1001	43.76767788106484
1002	43.74245303179556
1003	43.71723483845892
1004	43.69202700064779
1005	43.66684342190438
1006	43.64181104382971
1007	43.61681598929596
1008	43.59184722469201
1009	43.56695318585379
1010	43.542174556847584
1011	43.51747245493729
1012	43.49277668757675
1013	43.468091364391256
1014	43.44349519572785
1015	43.41896741404848
1016	43.394506950792774
1017	43.370050285843796
1018	43.34563008069355
1019	43.3212346047438
1020	43.29684161653969
1021	43.27245642364413
1022	43.248099280689814
1023	43.223777660111196
1024	43.19946021227469
1025	43.175182665950246
1026	43.15092767499961
1027	43.12676851315673
1028	43.10274953772154
1029	43.07877677533312
1030	43.0548466774526
1031	43.03096446582999
1032	43.007135542585175
1033	42.983378913224996
1034	42.95967022603691
1035	42.93597013626936
1036	42.91229648806092
1037	42.88864626450476
1038	42.86503473856402
1039	42.84144968050303
1040	42.81787635678202
1041	42.7944344230498
1042	42.77100781696453
1043	42.74760667185571
1044	42.72424266115442
1045	42.700904948808464
1046	42.67757772045285
1047	42.654283972127665
1048	42.63100980208332
1049	42.60775834478201
1050	42.58455523247894
1051	42.561361886158664
1052	42.538173780139026
1053	42.51498654945581
1054	42.491814658229785
1055	42.46868101661004
1056	42.44558550220388
1057	42.42256319120815
1058	42.399560004600986
1059	42.37656716891722
1060	42.353596481788855
1061	42.33064796715525
1062	42.30777063035514
1063	42.28494875978818
1064	42.262139896748735
1065	42.23933614416064
1066	42.21654896493118
1067	42.19381334834806
1068	42.17109649318859
1069	42.148402046075994
1070	42.12575342197862
1071	42.10311610798939
1072	42.0804892493252
1073	42.057905455874256
1074	42.03532605560346
1075	42.012772066678316
1076	41.99031524537826
1077	41.96795556309482
1078	41.94561786636927
1079	41.92329517228901
1080	41.901021738268284
1081	41.87877070244842
1082	41.856574763378944
1083	41.83441807841719
1084	41.81229559462912
1085	41.79021965376111
1086	41.76814909967203
1087	41.74609820018519
1088	41.72409196390238
1089	41.70210898997608
1090	41.680131608947946
1091	41.658226286935594
1092	41.63632637452343
1093	41.61449593561116
1094	41.592697331412666
1095	41.570908350323485
1096	41.54912280702716
1097	41.527394343125806
1098	41.50566813413926
1099	41.483975329155385
1100	41.462302112239435
1101	41.44064778488026
1102	41.419017742987926
1103	41.39741796631142
1104	41.3758416964225
1105	41.35426884587886
1106	41.33269834249004
1107	41.311199095512656
1108	41.289725040780525
1109	41.268286920207544
1110	41.246895682919046
1111	41.225533422606446
1112	41.20432368342648
1113	41.183135559629335
1114	41.16196720669282
1115	41.140823558370315
1116	41.11970209112938
1117	41.09859120165504
1118	41.07753165899165
1119	41.05650548911259
1120	41.03550338996329
1121	41.014526229992384
1122	40.99359972153924
1123	40.97269140929382
1124	40.9518261659394
1125	40.93097870459583
1126	40.91016632577097
1127	40.88947580710324
1128	40.86882880119289
1129	40.848197961527056
1130	40.82757036217821
1131	40.806981094684495
1132	40.78642409568259
1133	40.765901391165926
1134	40.7453799454875
1135	40.72486275799045
1136	40.70439752853029
1137	40.68394648174133
1138	40.663530960755445
1139	40.64319908904791
1140	40.622877143095195
1141	40.602568062280355
1142	40.58229939836798
1143	40.562064739263676
1144	40.54186661069847
1145	40.521673319069265
1146	40.501522943545936
1147	40.48137829467517
1148	40.46125518017422
1149	40.44119366584775
1150	40.4211644420954
1151	40.40114009236995
1152	40.38115460034145
1153	40.361176141189915
1154	40.34124941070807
1155	40.32136213619917
1156	40.3015293144493
1157	40.281696623380704
1158	40.261941070378356
1159	40.24220455886423
1160	40.22254093406048
1161	40.202927796569234
1162	40.18334531772012
1163	40.163800777510545
1164	40.14426529103226
1165	40.12476458316866
1166	40.10527180341127
1167	40.08581198962437
1168	40.06635918923939
1169	40.04691196334995
1170	40.027481329820205
1171	40.008097929790836
1172	39.988724608389525
1173	39.96935660116472
1174	39.9500043469433
1175	39.930661176562744
1176	39.911384622488406
1177	39.89213103365734
1178	39.87291893343752
1179	39.853743159751446
1180	39.83458538960417
1181	39.81546561365235
1182	39.7963467576977
1183	39.777238344730236
1184	39.75813273684349
1185	39.739049021334814
1186	39.71997180822509
1187	39.70096919226711
1188	39.681972206474086
1189	39.662992864220236
1190	39.64402365360198
1191	39.625103308897586
1192	39.60624120357077
1193	39.587393786529844
1194	39.56860815543893
1195	39.54985275380854
1196	39.5311210191291
1197	39.51240801540989
1198	39.493723869217995
1199	39.47504513999857
1200	39.456405667396695
1201	39.4377906026163
1202	39.419199802274804
1203	39.400626409362935
1204	39.38206599769061
1205	39.363551787350254
1206	39.34504370714092
1207	39.32657828556876
1208	39.3081589637575
1209	39.289751427808184
1210	39.271372246103006
1211	39.25300509946251
1212	39.23464526026461
1213	39.21631510139979
1214	39.197990370213816
1215	39.17968786484701
1216	39.16139054631903
1217	39.143123877368176
1218	39.12487173922101
1219	39.10662279483576
1220	39.08841322733666
1221	39.07021603249572
1222	39.05205166902659
1223	39.0339029037101
1224	39.01575438778176
1225	38.99764999933116
1226	38.97962265640276
1227	38.96160399924072
1228	38.94359648534091
1229	38.92561303398845
1230	38.90763804029452
1231	38.88968436360055
1232	38.871733902785195
1233	38.85380631796226
1234	38.83589549265726
1235	38.817987880337384
1236	38.80010416080723
1237	38.78223913875856
1238	38.7643933667073
1239	38.746602317379455
1240	38.728825538386666
1241	38.711065189312606
1242	38.69331401623367
1243	38.67560299005346
1244	38.65792970821173
1245	38.64026423981168
1246	38.622648264719004
1247	38.60505876355346
1248	38.58747271211021
1249	38.56990892943933
1250	38.55235287048037
1251	38.534799823394835
1252	38.517279169362205
1253	38.499796389281755
1254	38.4823231032899
1255	38.46486019980469
1256	38.447424301291676
1257	38.429992588517514
1258	38.41261595468205
1259	38.39527895516417
1260	38.37795545528854
1261	38.360653201305446
1262	38.34338314423872
1263	38.32611706695729
1264	38.30888668612318
1265	38.29165766748883
1266	38.2744530641542
1267	38.25725916557655
1268	38.24008466100435
1269	38.222916643621666
1270	38.205751090182886
1271	38.18859525413325
1272	38.1714469746047
1273	38.15432483654592
1274	38.137222341279106
1275	38.12015329820788
1276	38.103089860108696
1277	38.08602724550987
1278	38.069009314911156
1279	38.0520248360278
1280	38.03507515987931
1281	38.01814876101877
1282	38.00122425136346
1283	37.98430491360854
1284	37.96738974271952
1285	37.9505290444149
1286	37.93369831154451
1287	37.91696193613997
1288	37.9002427899892
1289	37.88352508300644
1290	37.86682032954426
1291	37.85015067735904
1292	37.83348569201504
1293	37.81685367295399
1294	37.80025837248416
1295	37.78367228685927
1296	37.7671133692275
1297	37.75056407886449
1298	37.73407144638249
1299	37.71761617241381
1300	37.701200742062284
1301	37.68478651774954
1302	37.668396329185796
1303	37.652009514960135
1304	37.63562703594229
1305	37.61925994546948
1306	37.60289446159084
1307	37.5865709826358
1308	37.57025338121872
1309	37.55394981046129
1310	37.53765538268493
1311	37.521413748592344
1312	37.505186525960724
1313	37.48901807529971
1314	37.47286344184095
1315	37.45671975421636
1316	37.44058281546578
1317	37.42448898178366
1318	37.40841538548215
1319	37.392381058167885
1320	37.376347485867605
1321	37.36032394123366
1322	37.34430864045906
1323	37.32830118909989
1324	37.31232407826789
1325	37.296361998460206
1326	37.28041552026918
1327	37.26447418269678
1328	37.24855287281588
1329	37.23267712250866
1330	37.21682171569666
1331	37.20098327103524
1332	37.185155776832694
1333	37.16933719770458
1334	37.15357962006086
1335	37.137832194048066
1336	37.122092744956184
1337	37.10636425306118
1338	37.09066909391533
1339	37.07498869507525
1340	37.05932547259228
1341	37.0436660864496
1342	37.02801374193274
1343	37.01236293795374
1344	36.99677159408713
1345	36.98119986843273
1346	36.965634208787606
1347	36.95007221649602
1348	36.93452476531846
1349	36.91900285461932
1350	36.90349835043509
1351	36.888004630102785
1352	36.87251187825189
1353	36.857036645015214
1354	36.84156252370748
1355	36.8261276542408
1356	36.81069778439468
1357	36.795310799732476
1358	36.7799544910609
1359	36.76460602038101
1360	36.74926381627885
1361	36.73394729860364
1362	36.71863456542429
1363	36.703355449471815
1364	36.68811905600746
1365	36.672891382423906
1366	36.65767599668614
1367	36.64248343896923
1368	36.62732046526447
1369	36.612167908044555
1370	36.59703450042533
1371	36.58193749306813
1372	36.56685753510231
1373	36.55179926040754
1374	36.536776648351854
1375	36.52175937440539
1376	36.50675051271166
1377	36.49175388358876
1378	36.47675825876751
1379	36.461772406830036
1380	36.44678676241775
1381	36.43183426272513
1382	36.416885977108215
1383	36.40194060008817
1384	36.38701288034421
1385	36.37211407299772
1386	36.35723062902922
1387	36.34236147445981
1388	36.3275127443955
1389	36.3126810400879
1390	36.29787919950711
1391	36.28311113959157
1392	36.26839599980451
1393	36.25368502390385
1394	36.23898566733592
1395	36.22429277220921
1396	36.209610106580854
1397	36.194933234846616
1398	36.18027992929633
1399	36.16563165937697
1400	36.15101398924384
1401	36.13641256721655
1402	36.1218243261967
1403	36.10724460485846
1404	36.09267303661672
1405	36.07815208161648
1406	36.063649898586924
1407	36.04915292148922
1408	36.034672917428765
1409	36.02020078388838
1410	36.00574783973384
1411	35.99129872330134
1412	35.97688170690588
1413	35.96246794037114
1414	35.94809280830671
1415	35.933741180210326
1416	35.91940659020442
1417	35.90507886001409
1418	35.89080888947094
1419	35.8765603412882
1420	35.86233511395019
1421	35.84814409732194
1422	35.8339575208913
1423	35.81977514942047
1424	35.80560689169454
1425	35.79144039980533
1426	35.7772927491974
1427	35.763154725181224
1428	35.749035242919994
1429	35.734921963520264
1430	35.72084308749969
1431	35.706774771634855
1432	35.69273241831581
1433	35.67870222062882
1434	35.66468996250382
1435	35.65068978243654
1436	35.63669722186912
1437	35.622728867739774
1438	35.608775850316746
1439	35.59483190316432
1440	35.58089441535329
1441	35.56696137500517
1442	35.55305995962181
1443	35.539187389832676
1444	35.52532368086334
1445	35.51146877049342
1446	35.49763282753182
1447	35.483800006800834
1448	35.46997606594109
1449	35.45615998449259
1450	35.44235354369135
1451	35.42855659512503
1452	35.41479649210716
1453	35.401043128483124
1454	35.387295402856445
1455	35.373568918595126
1456	35.35985424111514
1457	35.346175064149925
1458	35.33250793463433
1459	35.31884838232421
1460	35.30519238098594
1461	35.29155674633647
1462	35.277940477276076
1463	35.264329818003766
1464	35.250744935590944
1465	35.237164899989914
1466	35.22359360055756
1467	35.21002854147665
1468	35.19648066537523
1469	35.182992839327255
1470	35.1695054183524
1471	35.156043918743364
1472	35.142583727489715
1473	35.12913406703583
1474	35.115699046514706
1475	35.10229732693193
1476	35.08890075129124
1477	35.07553962068379
1478	35.062192767515505
1479	35.04885159760784
1480	35.035534730574305
1481	35.022261371817805
1482	35.00899486735868
1483	34.995733324444444
1484	34.98248017657462
1485	34.96925876161793
1486	34.95606323414363
1487	34.942874941023355
1488	34.929696262731824
1489	34.91652109306072
1490	34.903353954628635
1491	34.89020181693051
1492	34.87706033225587
1493	34.86393129746089
1494	34.85082555578292
1495	34.837726368703564
1496	34.82466537939385
1497	34.81161793885755
1498	34.79860789418484
1499	34.78561561284134
1500	34.77262635165092
1501	34.759647060915
1502	34.74668668129532
1503	34.733727046294874
1504	34.72078282650514
1505	34.70784060900268
1506	34.69491099825459
1507	34.68198614988311
1508	34.669073445932774
1509	34.65616448671088
1510	34.64325580307522
1511	34.63036318940006
1512	34.61747441045703
1513	34.604593660030325
1514	34.59171694873651
1515	34.578840492313276
1516	34.56597175546826
1517	34.553131406801846
1518	34.54030068130775
1519	34.527486511841126
1520	34.51467379373089
1521	34.50186457969801
1522	34.48908622664696
1523	34.47632689114205
1524	34.46360323106382
1525	34.45088407773902
1526	34.43819496991857
1527	34.42550787868338
1528	34.41283390874347
1529	34.40017017385225
1530	34.387519932791626
1531	34.37487000401215
1532	34.36222187581164
1533	34.349631507858064
1534	34.337043243374225
1535	34.324467528341486
1536	34.311896502900446
1537	34.29934693293865
1538	34.28682747201803
1539	34.274310868998185
1540	34.261807762529465
1541	34.249320031078454
1542	34.236848370553425
1543	34.224384346771146
1544	34.211938935994006
1545	34.19951361936147
1546	34.18711414444418
1547	34.1747204375755
1548	34.16233856250607
1549	34.149958122276026
1550	34.13759453971813
1551	34.1252329834879
1552	34.112875644005065
1553	34.10054317097591
1554	34.08822071610075
1555	34.075908073419754
1556	34.06360502921213
1557	34.05131690825284
1558	34.039048008548306
1559	34.02681406375394
1560	34.01458540847474
1561	34.00236568495455
1562	33.990157993139135
1563	33.97796766507781
1564	33.965783958408174
1565	33.95360164636145
1566	33.94143003765009
1567	33.92927198532044
1568	33.91712314838498
1569	33.90497487168777
1570	33.892829368079234
1571	33.88069936965969
1572	33.86857837792522
1573	33.85649794236211
1574	33.84442887498083
1575	33.832371277502446
1576	33.82033801346359
1577	33.80830824460758
1578	33.796295184167136
1579	33.784285720419206
1580	33.77228292142002
1581	33.760281263011755
1582	33.748282717570525
1583	33.736297652035226
1584	33.72431907531724
1585	33.712359050468656
1586	33.700413391717234
1587	33.688507216617154
1588	33.676614154631125
1589	33.66473849009291
1590	33.652868759692986
1591	33.6410025315582
1592	33.62915676816358
1593	33.61731625253101
1594	33.60548181974854
1595	33.593654601534574
1596	33.58182828274909
1597	33.57003079416162
1598	33.55824062363397
1599	33.546464363102174
1600	33.53471064193481
1601	33.522976269033606
1602	33.51126458454877
1603	33.49957180172048
1604	33.48788673050693
1605	33.47620657783005
1606	33.46453142476525
1607	33.4528743119816
1608	33.44123353364256
1609	33.42959277527044
1610	33.4179772276481
1611	33.40636699493536
1612	33.39476839309236
1613	33.38317797622398
1614	33.37160385552549
1615	33.360037441474496
1616	33.348478023921174
1617	33.3369232052704
1618	33.32538658775996
1619	33.31385431417261
1620	33.302349884887896
1621	33.29085866307436
1622	33.27937406440447
1623	33.26789079335947
1624	33.256411006188095
1625	33.24495182904945
1626	33.233498293468955
1627	33.22204740233225
1628	33.21060482087789
1629	33.19916838284574
1630	33.18774654697495
1631	33.17633169459417
1632	33.16494131867171
1633	33.153552689519394
1634	33.142178813302344
1635	33.13081267674799
1636	33.11946098914469
1637	33.10811020608717
1638	33.09677336142265
1639	33.085446566430186
1640	33.074123406999355
1641	33.062829337896375
1642	33.05155019300538
1643	33.04028108951213
1644	33.029013676683036
1645	33.01776377818279
1646	33.00652525757134
1647	32.99530065109439
1648	32.984081303542624
1649	32.97287056971978
1650	32.96167104334661
1651	32.950478514413405
1652	32.93929545354097
1653	32.92811914766281
1654	32.91695809811886
1655	32.90579715959708
1656	32.8946478508561
1657	32.88351205132893
1658	32.87239289673768
1659	32.86130673304249
1660	32.85023026116454
1661	32.839179383069364
1662	32.828153054642755
1663	32.81713148585241
1664	32.80612081012088
1665	32.79511842046104
1666	32.784116196859024
1667	32.77312289434465
1668	32.762136907125345
1669	32.75115283639376
1670	32.740181818723
1671	32.72921423601608
1672	32.71827058670922
1673	32.707345662511116
1674	32.69643155186419
1675	32.6855190961714
1676	32.67462648243304
1677	32.663746564072426
1678	32.65288433210865
1679	32.64202516815347
1680	32.63117079836348
1681	32.62032450090052
1682	32.60949111571751
1683	32.59867321528925
1684	32.58785948589563
1685	32.57704901057249
1686	32.56626547807248
1687	32.555491808057035
1688	32.54471899766376
1689	32.533961230568984
1690	32.523206479284056
1691	32.51245932318231
1692	32.50172338686052
1693	32.490988678181154
1694	32.48026387397735
1695	32.469547077573054
1696	32.45885866037547
1697	32.44817453916803
1698	32.43750052221604
1699	32.42684741105707
1700	32.41622617570382
1701	32.405609025055256
1702	32.395009344475774
1703	32.38441584565782
1704	32.37382728559569
1705	32.36324172295158
1706	32.35268921651629
1707	32.342147847730345
1708	32.3316232969303
1709	32.321105648840366
1710	32.31059221272548
1711	32.30008718427224
1712	32.28959619260707
1713	32.2791090995048
1714	32.268646811702055
1715	32.258192847700464
1716	32.24774368834128
1717	32.237300361384506
1718	32.22686498483246
1719	32.21644565532609
1720	32.20603094643382
1721	32.19562583019386
1722	32.18522315762015
1723	32.17482199458611
1724	32.164420998586586
1725	32.1540427142578
1726	32.14366698677669
1727	32.133297542081046
1728	32.122942104777486
1729	32.11259845522459
1730	32.10226637611526
1731	32.09193444458723
1732	32.081604573250516
1733	32.071280989099485
1734	32.06096017199673
1735	32.050648741128896
1736	32.04034723335673
1737	32.030047043033186
1738	32.019754927030185
1739	32.009472773223685
1740	31.99920400206412
1741	31.988939718270483
1742	31.97868135094089
1743	31.968438259417063
1744	31.95820413812747
1745	31.947972745616852
1746	31.937759729500048
1747	31.92754967060463
1748	31.91735604511067
1749	31.90716752560351
1750	31.896986617642234
1751	31.88681318252627
1752	31.876641201131065
1753	31.866480508152666
1754	31.856332212166514
1755	31.84619254075077
1756	31.83605778788892
1757	31.825932232134683
1758	31.81580874406917
1759	31.805688046142034
1760	31.795585500258937
1761	31.785512940358625
1762	31.775457422304765
1763	31.765410879791578
1764	31.75537026959254
1765	31.745332559307702
1766	31.73529967360032
1767	31.725284602020928
1768	31.715283018195166
1769	31.70528164300503
1770	31.695282891039575
1771	31.685295804524184
1772	31.675313947314947
1773	31.665344777984693
1774	31.65537889564603
1775	31.64542429683614
1776	31.635475424394993
1777	31.62553897553345
1778	31.615608222924884
1779	31.605701870812563
1780	31.59579673389664
1781	31.58589594238126
1782	31.576000089676178
1783	31.566125135344688
1784	31.55625983330623
1785	31.54639903688799
1786	31.5365454642882
1787	31.526696244544468
1788	31.51685117062677
1789	31.50702008675014
1790	31.497191976949196
1791	31.487378367970116
1792	31.477571131749933
1793	31.46776581729893
1794	31.45798321020873
1795	31.448214592121566
1796	31.438448255797297
1797	31.42868920032723
1798	31.418937732542428
1799	31.409193604442066
1800	31.399449768851337
1801	31.389713280690717
1802	31.379981144530685
1803	31.3702694486359
1804	31.360570799237113
1805	31.350893790218702
1806	31.341227618899953
1807	31.331576905043946
1808	31.321950375632824
1809	31.312331627074645
1810	31.302715545153422
1811	31.293102569561228
1812	31.283506410932205
1813	31.273914806183146
1814	31.26433556152336
1815	31.25475840701178
1816	31.245197299106604
1817	31.235640553411287
1818	31.226103890864334
1819	31.216579421273558
1820	31.20706059877267
1821	31.1975522322468
1822	31.188052309104876
1823	31.17856352249037
1824	31.1690763953769
1825	31.15960349081029
1826	31.150135628869744
1827	31.14067472233106
1828	31.13121950972084
1829	31.12177121151951
1830	31.112323713164088
1831	31.1028981072324
1832	31.093473002817163
1833	31.08405417413507
1834	31.07463762664612
1835	31.065225664754852
1836	31.0558310765532
1837	31.04643763573658
1838	31.037052277540205
1839	31.027680702706157
1840	31.01831932672765
1841	31.00896336985115
1842	30.999612160394943
1843	30.990274190906288
1844	30.980938387475874
1845	30.97161577195857
1846	30.962311738459984
1847	30.95300855830055
1848	30.943715032691365
1849	30.934426505446723
1850	30.925149357168564
1851	30.915879107838315
1852	30.906610304735903
1853	30.897344883797288
1854	30.888080930619616
1855	30.87882027760921
1856	30.869570082677896
1857	30.860332859069096
1858	30.851100053859774
1859	30.84187819854064
1860	30.832669506910435
1861	30.82347382885142
1862	30.814285835710614
1863	30.80509899297283
1864	30.795913711249618
1865	30.78673714959414
1866	30.777578834190543
1867	30.768421753657986
1868	30.75926983451361
1869	30.750126696492153
1870	30.74098445704903
1871	30.73185615624032
1872	30.72273062864509
1873	30.713609341359174
1874	30.70448976753847
1875	30.69538931656294
1876	30.686289928327223
1877	30.677193430443783
1878	30.668107850259492
1879	30.65903726900559
1880	30.64997350877205
1881	30.640916914764034
1882	30.6318658196865
1883	30.622822725361832
1884	30.61378099043478
1885	30.604751405926294
1886	30.595726761733005
1887	30.58671828124886
1888	30.577710700215825
1889	30.568712506541743
1890	30.559720537089486
1891	30.55074153622352
1892	30.541763452704824
1893	30.53278986811918
1894	30.523827499780783
1895	30.51486707534707
1896	30.505911903066337
1897	30.49696373139623
1898	30.488017191142404
1899	30.479074650754974
1900	30.47016424351164
1901	30.461260677678368
1902	30.452359720152373
1903	30.44346162469358
1904	30.43458594320759
1905	30.4257145965598
1906	30.416858069545476
1907	30.40801360683981
1908	30.39917568109496
1909	30.390347598410827
1910	30.381524257426772
1911	30.372703280649766
1912	30.3638880963793
1913	30.35507511279818
1914	30.346267609151354
1915	30.337468977278604
1916	30.32868048538836
1917	30.31989900502756
1918	30.311120516274016
1919	30.302345848357042
1920	30.29357865173492
1921	30.28481545027223
1922	30.2760553753058
1923	30.267310323347484
1924	30.25856562196196
1925	30.249829014035676
1926	30.241098493318695
1927	30.23237024247176
1928	30.223654118746666
1929	30.21495040932733
1930	30.20625843263134
1931	30.19756659997254
1932	30.188877305026406
1933	30.18018867244753
1934	30.171515077471895
1935	30.162842876566238
1936	30.1541842812255
1937	30.145528201993205
1938	30.1368845517733
1939	30.128253259754658
1940	30.11962348093906
1941	30.110998281122956
1942	30.102377660106583
1943	30.09376009508227
1944	30.08514344024689
1945	30.076546748548672
1946	30.067962010713746
1947	30.059381877009205
1948	30.05080278304365
1949	30.042233451076793
1950	30.033668420211463
1951	30.02510489024622
1952	30.016543071325252
1953	30.008004773830937
1954	29.999467959916323
1955	29.99094459338014
1956	29.982422436980965
1957	29.973908499928346
1958	29.965395919868424
1959	29.95689356090017
1960	29.94840646178583
1961	29.939922485544173
1962	29.931445905539874
1963	29.922981046148106
1964	29.914521856284438
1965	29.906074701504895
1966	29.897629204012183
1967	29.889192414832532
1968	29.88075955878398
1969	29.872337432690173
1970	29.86391777107854
1971	29.8555010742675
1972	29.847097022614317
1973	29.838693452039976
1974	29.830308131507667
1975	29.82192421515126
1976	29.81354210121384
1977	29.80516386626741
1978	29.796791530250186
1979	29.788424690366696
1980	29.780069088265513
1981	29.771719134512516
1982	29.763370535055227
1983	29.755025092918515
1984	29.74669456590821
1985	29.738370619504842
1986	29.730047853306303
1987	29.721730204655902
1988	29.71341457294467
1989	29.70510565913399
1990	29.696800729226503
1991	29.688496655728052
1992	29.680201139625485
1993	29.6719076312611
1994	29.66362168801411
1995	29.655372276621552
1996	29.64712504319988
1997	29.638883487341083
1998	29.630649529050864
1999	29.622424664903757
2000	29.61420374208051
2001	29.605993967664062
2002	29.59778875911633
2003	29.589584828364472
2004	29.58138955670926
2005	29.573196717873426
2006	29.56500716712695
2007	29.556829236458885
2008	29.548655480929924
2009	29.540487247793575
2010	29.532321797108253
2011	29.52416099773412
2012	29.516007088751046
2013	29.507867516376535
2014	29.499732355499138
2015	29.491603551621434
2016	29.483488793949558
2017	29.475378675000396
2018	29.46727044252691
2019	29.459163558270877
2020	29.4510597910908
2021	29.44295639725698
2022	29.434858999382392
2023	29.426761896685356
2024	29.418680914506357
2025	29.410602100177396
2026	29.402529838524348
2027	29.394458090530488
2028	29.386398440031837
2029	29.37835213053198
2030	29.370309072694653
2031	29.362268773533803
2032	29.35423312822683
2033	29.34620060148005
2034	29.338185031475746
2035	29.330174516841428
2036	29.32217179970327
2037	29.31417684613077
2038	29.30618517511769
2039	29.29819557279108
2040	29.290206977116412
2041	29.282227080287598
2042	29.274264713673233
2043	29.26630755713684
2044	29.258357130327973
2045	29.25040773754382
2046	29.242468808098028
2047	29.23454219359017
2048	29.22661875798567
2049	29.218696563029326
2050	29.2107770413349
2051	29.20285918389354
2052	29.19495130241399
2053	29.187045173491086
2054	29.179143332375425
2055	29.17124849463052
2056	29.163356430905345
2057	29.155483681726736
2058	29.147617838103077
2059	29.13975747337922
2060	29.13189851912214
2061	29.124050473370755
2062	29.116211553061948
2063	29.108378779120432
2064	29.100546546339565
2065	29.092722613748773
2066	29.08490493566635
2067	29.077096611416415
2068	29.069288513003002
2069	29.06148173335248
2070	29.05369037273302
2071	29.045899458674427
2072	29.038112159590003
2073	29.030329955846028
2074	29.02255803738382
2075	29.01478619630027
2076	29.007029167608213
2077	28.99928419079179
2078	28.99155852333594
2079	28.983851913440205
2080	28.97614844117064
2081	28.968446310394068
2082	28.960748703086725
2083	28.95305455211548
2084	28.945371847147737
2085	28.937690237116843
2086	28.9300106453286
2087	28.922333256148786
2088	28.914661619183725
2089	28.906991450221604
2090	28.899327212939433
2091	28.891665448172773
2092	28.8840107498065
2093	28.87635646028895
2094	28.868713497275028
2095	28.861071932102973
2096	28.853435321607932
2097	28.845808413049884
2098	28.83818412576492
2099	28.830565332250146
2100	28.822954933498426
2101	28.81535592200212
2102	28.807761342007616
2103	28.800173865708828
2104	28.792597011007544
2105	28.78502064892283
2106	28.77745255772096
2107	28.7698856661759
2108	28.76232196206534
2109	28.75476014317631
2110	28.747199265380647
2111	28.739644214905695
2112	28.73209081069398
2113	28.724560007275443
2114	28.717035042240752
2115	28.70951662432902
2116	28.70200222070192
2117	28.69449980630789
2118	28.686999377844867
2119	28.679504952852792
2120	28.672013411230967
2121	28.664540330723746
2122	28.657070275697436
2123	28.64960848786918
2124	28.642148537378887
2125	28.63469026380482
2126	28.627250049292346
2127	28.619813120453117
2128	28.612380790061827
2129	28.604950890055683
2130	28.59752782174316
2131	28.590104989352202
2132	28.582685419575103
2133	28.57527026332893
2134	28.567865639417402
2135	28.560468918766663
2136	28.55307860030326
2137	28.545693087258073
2138	28.538312301635916
2139	28.530934820005335
2140	28.523563799693296
2141	28.516194404374307
2142	28.508829879187864
2143	28.501472826636025
2144	28.494116910836613
2145	28.48676229702506
2146	28.479411211412433
2147	28.472063298847324
2148	28.464721955324112
2149	28.457387369774903
2150	28.4500690943621
2151	28.44275462577562
2152	28.4354462414538
2153	28.42814782111053
2154	28.42085495899683
2155	28.41356631503992
2156	28.406289895233297
2157	28.399015930434384
2158	28.391743831028837
2159	28.3844762637649
2160	28.37721228720418
2161	28.369951246683296
2162	28.36269536724288
2163	28.355441665010922
2164	28.348193340290415
2165	28.340945757646008
2166	28.33370832139826
2167	28.326474591184304
2168	28.319246945107828
2169	28.31202994866836
2170	28.30481481433806
2171	28.29760957586276
2172	28.290411022437063
2173	28.2832135716148
2174	28.276024281821833
2175	28.268841649610366
2176	28.261660332890724
2177	28.254486504145305
2178	28.247316455742993
2179	28.240156054967912
2180	28.232995886332652
2181	28.225841162952033
2182	28.21868657732118
2183	28.211550944475576
2184	28.204418420180406
2185	28.197291256309803
2186	28.190168462562696
2187	28.183049505777966
2188	28.17593202999127
2189	28.168818589213476
2190	28.16170710650088
2191	28.154599792298594
2192	28.147500148262758
2193	28.140408250278195
2194	28.13331726359235
2195	28.126226872535405
2196	28.11915078375617
2197	28.11207829544464
2198	28.10500884749895
2199	28.097946421072802
2200	28.090889336598877
2201	28.083836600004947
2202	28.076786373731856
2203	28.069742697295318
2204	28.062709267545166
2205	28.055680578964697
2206	28.048655205018278
2207	28.041642268873712
2208	28.03464673556173
2209	28.02765563492507
2210	28.020669175683906
2211	28.013684436368997
2212	28.006700806396086
2213	27.999720904272834
2214	27.992742318855992
2215	27.98576994908166
2216	27.978797726450665
2217	27.97183480478418
2218	27.964881445005613
2219	27.95793012797836
2220	27.950987395701876
2221	27.944051921663867
2222	27.937118189907178
2223	27.930186366353922
2224	27.92325813643485
2225	27.916333643803267
2226	27.909410233932974
2227	27.902488295946355
2228	27.895566743657042
2229	27.888657234943334
2230	27.88175187407572
2231	27.874849948059303
2232	27.86794827636204
2233	27.86106209163797
2234	27.85417753455236
2235	27.847293904081386
2236	27.840415689084352
2237	27.83353894169714
2238	27.82666883354928
2239	27.819799942669384
2240	27.812933950940177
2241	27.80607324181133
2242	27.799230236961073
2243	27.79239455264577
2244	27.78556010415692
2245	27.778730930114747
2246	27.771911308686647
2247	27.765092862012402
2248	27.75827632561826
2249	27.751464315324522
2250	27.744659480796795
2251	27.737856456564945
2252	27.731063763221968
2253	27.724273717518695
2254	27.717491589380906
2255	27.71071487281792
2256	27.70394671097647
2257	27.69718105672304
2258	27.69041710246198
2259	27.68365612218713
2260	27.676900750190384
2261	27.670148728290812
2262	27.663401541575308
2263	27.656658344257675
2264	27.64992198839274
2265	27.643186335003442
2266	27.63645267270224
2267	27.629722754393054
2268	27.62299680314632
2269	27.616272263956684
2270	27.609548368274705
2271	27.602837508541143
2272	27.596128334686462
2273	27.589424223985073
2274	27.582731388396432
2275	27.57603865365163
2276	27.56935368289284
2277	27.562674934688594
2278	27.556001127024377
2279	27.549338907608885
2280	27.542680848582894
2281	27.536023435471446
2282	27.529368871121857
2283	27.522716070576543
2284	27.516065477418895
2285	27.509418697050073
2286	27.50278258852138
2287	27.496149122070005
2288	27.48952452892002
2289	27.48290028192826
2290	27.47628289171889
2291	27.469672235328613
2292	27.463064004596383
2293	27.456474293558163
2294	27.44988775717197
2295	27.443304614304864
2296	27.436723406911366
2297	27.430142840823283
2298	27.423563860417133
2299	27.41698596298171
2300	27.410412022998578
2301	27.40384631071666
2302	27.397284949684163
2303	27.39073057004512
2304	27.38418201673101
2305	27.377641523737026
2306	27.3711028642897
2307	27.36457184804732
2308	27.358041299821547
2309	27.3515221802397
2310	27.34500749144898
2311	27.3384969781315
2312	27.331992727478177
2313	27.32548911488206
2314	27.318990517609425
2315	27.312493387988805
2316	27.306007383007916
2317	27.299522503292863
2318	27.293038259360596
2319	27.28655781341034
2320	27.28008525280488
2321	27.273613476388764
2322	27.267142611165195
2323	27.2606725324076
2324	27.254202856678173
2325	27.24773967133481
2326	27.241286032529594
2327	27.234833125636396
2328	27.228385619912707
2329	27.221943184272057
2330	27.215501587097148
2331	27.209060699229823
2332	27.202628649048698
2333	27.19620686271352
2334	27.189787104393083
2335	27.183369168972916
2336	27.176955525697473
2337	27.17054974017921
2338	27.164151003246463
2339	27.157761688960527
2340	27.151375525198915
2341	27.14499461122835
2342	27.13861548198564
2343	27.132240353096066
2344	27.1258684044607
2345	27.11949866869224
2346	27.11313861326844
2347	27.106779677654885
2348	27.100421893698808
2349	27.09406802923525
2350	27.08771748781038
2351	27.08136960211224
2352	27.075023266067067
2353	27.068678033295548
2354	27.062338915314513
2355	27.056011489400515
2356	27.049699304345758
2357	27.043390303134792
2358	27.037083831087685
2359	27.03078163780818
2360	27.024479913522605
2361	27.018178685048724
2362	27.011889673395704
2363	27.00561274258789
2364	26.99933721679354
2365	26.993067454259947
2366	26.986799490704986
2367	26.98053319618341
2368	26.9742692376683
2369	26.96801022297805
2370	26.961756439732415
2371	26.95550329501205
2372	26.949258119368075
2373	26.943014286924964
2374	26.936773795625392
2375	26.930537232630197
2376	26.9243044454411
2377	26.918074653509077
2378	26.91184545984429
2379	26.905618981869086
2380	26.899401255673375
2381	26.893188975935196
2382	26.886980243716884
2383	26.8807730835275
2384	26.874566899487824
2385	26.868364752106597
2386	26.86216646010928
2387	26.855970485289056
2388	26.849777930178686
2389	26.843586132256632
2390	26.837396166467045
2391	26.83122295301738
2392	26.825057425810016
2393	26.818897426587046
2394	26.8127380677351
2395	26.806581526649403
2396	26.800427488256943
2397	26.79427922452946
2398	26.788131921939318
2399	26.781987712308418
2400	26.775846373059142
2401	26.769710386283517
2402	26.763582298613734
2403	26.75745659652039
2404	26.751333907073903
2405	26.745218801802586
2406	26.739105941011942
2407	26.733004207251252
2408	26.726903128017874
2409	26.720802337868733
2410	26.714707346126893
2411	26.708612547695246
2412	26.702518357456206
2413	26.69642814341917
2414	26.690339294120335
2415	26.684254015515148
2416	26.678171275558327
2417	26.672092707693466
2418	26.666019652526256
2419	26.65995178053228
2420	26.653890301418674
2421	26.64783488097154
2422	26.641781214350917
2423	26.635728716876876
2424	26.629676444484538
2425	26.623624975416963
2426	26.617576482261036
2427	26.61153557410993
2428	26.605495647636157
2429	26.59946058150522
2430	26.59342657055858
2431	26.587398120520533
2432	26.581379057718085
2433	26.57536393063626
2434	26.569352635307528
2435	26.56334596227214
2436	26.557345501263555
2437	26.55134748424765
2438	26.545351152346704
2439	26.539355119126146
2440	26.533362650565238
2441	26.52737338888977
2442	26.52139571578059
2443	26.515421324840272
2444	26.509447359048938
2445	26.50347541789568
2446	26.497512178661555
2447	26.49155388547951
2448	26.485597146585775
2449	26.479644145074882
2450	26.473698160368286
2451	26.46775334449515
2452	26.461809493515823
2453	26.455868418041018
2454	26.449928412505805
2455	26.44399732531334
2456	26.438067182669425
2457	26.432142438131887
2458	26.426222225214165
2459	26.42030582110619
2460	26.41439001277012
2461	26.408475199411125
2462	26.40256311408655
2463	26.396652770410057
2464	26.390747949162243
2465	26.384843449334536
2466	26.37895058428954
2467	26.37305990392081
2468	26.367170082052358
2469	26.361290436326247
2470	26.35541338437955
2471	26.349543765496964
2472	26.343676263646948
2473	26.33781062378512
2474	26.331950823449713
2475	26.32609187434128
2476	26.32023346787245
2477	26.31438692170795
2478	26.308541069836757
2479	26.302698787256137
2480	26.29685817139047
2481	26.291027312378688
2482	26.28520212022591
2483	26.27938518012327
2484	26.273571985018844
2485	26.267760500799593
2486	26.261951192918445
2487	26.25614568994121
2488	26.25034758152989
2489	26.244556908615284
2490	26.238769290151495
2491	26.232983715128814
2492	26.227199295420206
2493	26.221415971695503
2494	26.215634319169098
2495	26.209858966736117
2496	26.204088749005606
2497	26.19832190104176
2498	26.19256222827585
2499	26.186803841628883
2500	26.18104622278015
2501	26.175294400548722
2502	26.169546385742137
2503	26.1638024881811
2504	26.158064090143586
2505	26.152328548232433
2506	26.146595283456378
2507	26.140862998852096
2508	26.135133900742726
2509	26.129406116019695
2510	26.12368612025493
2511	26.117969679360723
2512	26.11225868455493
2513	26.10654842464802
2514	26.100845400493885
2515	26.09514280956058
2516	26.089440702006076
2517	26.083740129241857
2518	26.078041108991904
2519	26.072350548289208
2520	26.06666252309656
2521	26.06097925818277
2522	26.05530519388971
2523	26.049633847607865
2524	26.04396340538675
2525	26.038300146251835
2526	26.032648338493942
2527	26.02699794608331
2528	26.021351681219127
2529	26.015706112993644
2530	26.01007117648025
2531	26.004437115819783
2532	25.998813153241986
2533	25.99319182860727
2534	25.987572463514557
2535	25.981955332871024
2536	25.97634212758659
2537	25.970733809328348
2538	25.965129288247255
2539	25.959527141548342
2540	25.953929582119198
2541	25.948332300043543
2542	25.94273708959841
2543	25.937143919202395
2544	25.93155874401048
2545	25.925978278130994
2546	25.92040057407797
2547	25.914825798109536
2548	25.909255429884038
2549	25.903685647524473
2550	25.89812322178418
2551	25.892561494897254
2552	25.88700414729277
2553	25.88144822438785
2554	25.875897514243924
2555	25.870355275869926
2556	25.864814236893256
2557	25.85927622352009
2558	25.85374362187391
2559	25.848212489855243
2560	25.84268241344776
2561	25.83078273548477
2562	25.820643292341494
2563	25.81171036106544
2564	25.803659303966455
2565	25.7962831065136
2566	25.7894414268538
2567	25.783034569675642
2568	25.77698905199149
2569	25.771249070080252
2570	25.765719242837346
2571	25.760193153322756
2572	25.75467379780859
2573	25.749154671933823
2574	25.743642071637453
2575	25.73813586216587
2576	25.732631757431243
2577	25.72713164339818
2578	25.72163156002177
2579	25.7161333898539
2580	25.71063827539383
2581	25.7051531854263
2582	25.699671295492635
2583	25.69419001031408
2584	25.68871731005844
2585	25.683247530636166
2586	25.67778143483624
2587	25.672316755567287
2588	25.666854354529544
2589	25.661392580992377
2590	25.65593787601614
2591	25.650483813954065
2592	25.645034846148924
2593	25.63958921268182
2594	25.634148805638315
2595	25.628709639606797
2596	25.623278133308894
2597	25.61784749111894
2598	25.61241824945715
2599	25.60699151812795
2600	25.60156750528313
2601	25.59614871247612
2602	25.5907328686487
2603	25.585318917868612
2604	25.579913375485926
2605	25.57450983720329
2606	25.56910911483419
2607	25.5637096133349
2608	25.558315103077792
2609	25.552922372734322
2610	25.547530194247397
2611	25.542142583676775
2612	25.536755112848702
2613	25.531368382029065
2614	25.525982095391168
2615	25.52059870545078
2616	25.515222331168815
2617	25.509848887406047
2618	25.504475642147842
2619	25.499113107511423
2620	25.493758005232745
2621	25.48841212354708
2622	25.483068190106096
2623	25.477726626034023
2624	25.472391240582176
2625	25.467062707307207
2626	25.461735344222657
2627	25.45640983255993
2628	25.451086905103665
2629	25.445764424628422
2630	25.440443291274182
2631	25.435123649927966
2632	25.429810035485406
2633	25.42449985380776
2634	25.419196507116748
2635	25.413893278424453
2636	25.408599381038204
2637	25.403308453512746
2638	25.39802171499258
2639	25.39273607676374
2640	25.387451475284543
2641	25.382169273246582
2642	25.376887672250128
2643	25.37161395071443
2644	25.366342404773775
2645	25.36107094988194
2646	25.355800098448437
2647	25.350537904052356
2648	25.34528013709764
2649	25.340024464520017
2650	25.334771886253858
2651	25.329522147568593
2652	25.324275206623074
2653	25.319032551132185
2654	25.31379003193592
2655	25.308548453415725
2656	25.3033106409235
2657	25.298073845322133
2658	25.292839058724518
2659	25.287607102069593
2660	25.28237642444898
2661	25.2771493101008
2662	25.27192245650785
2663	25.266695914465803
2664	25.261470911123464
2665	25.256247870829085
2666	25.251025646624903
2667	25.245809653211218
2668	25.24059646285951
2669	25.235385740266373
2670	25.230183767201893
2671	25.22498697511387
2672	25.21979662328778
2673	25.21460791878348
2674	25.20942330800186
2675	25.20424452446271
2676	25.199066946034502
2677	25.193896193710884
2678	25.188726972163508
2679	25.18355809230743
2680	25.17839153907672
2681	25.17323352598245
2682	25.168080254812484
2683	25.162929514925995
2684	25.15778042750668
2685	25.15263205040763
2686	25.147483895472586
2687	25.14233708494814
2688	25.13719351949467
2689	25.13205175510225
2690	25.12691422815194
2691	25.121781448677815
2692	25.1166489994006
2693	25.111521961703215
2694	25.106397196287404
2695	25.101279002183297
2696	25.096166760614846
2697	25.091056179841182
2698	25.085948934045845
2699	25.080846318818537
2700	25.075744198491154
2701	25.070645729782004
2702	25.065547664162683
2703	25.060455485939464
2704	25.05536728125411
2705	25.05028089196775
2706	25.04519959194088
2707	25.040124448779846
2708	25.035052414662168
2709	25.029981029250163
2710	25.024913991244805
2711	25.01984967819521
2712	25.014788510771314
2713	25.009728186338787
2714	25.00466892458284
2715	24.999610366039597
2716	24.9945537346938
2717	24.989499767566116
2718	24.98444748492604
2719	24.979402471794234
2720	24.97436166500177
2721	24.9693260756051
2722	24.96429520513354
2723	24.959264901395514
2724	24.95424261821474
2725	24.94922395880109
2726	24.94420565282934
2727	24.939188543434657
2728	24.93417448982559
2729	24.929162095374554
2730	24.924152260516287
2731	24.919144251758237
2732	24.91413741597869
2733	24.909133568214894
2734	24.904129730510913
2735	24.899133690029423
2736	24.89414083988155
2737	24.889157196187757
2738	24.884174850505826
2739	24.879193376052505
2740	24.874211921083976
2741	24.869235805928476
2742	24.864259893422165
2743	24.859290699662836
2744	24.854322669810195
2745	24.849358065889124
2746	24.844396048582265
2747	24.83943928915171
2748	24.834482617267174
2749	24.829527178860463
2750	24.82457408877764
2751	24.819622646941976
2752	24.81467292677115
2753	24.80972566541755
2754	24.804779413578117
2755	24.799834780051953
2756	24.7943594815905
2757	24.78919059531389
2758	24.781622355705263
2759	24.774876463664903
2760	24.76876177050611
2761	24.763149266354073
2762	24.75794775493412
2763	24.753006287075223
2764	24.748068677352872
2765	24.74313394825576
2766	24.7381993077706
2767	24.733271228080326
2768	24.72834724822641
2769	24.72342683744001
2770	24.7185121471068
2771	24.713600428743703
2772	24.70869013280012
2773	24.703780991230403
2774	24.698876325773007
2775	24.693972762644286
2776	24.689072499560112
2777	24.684174878963
2778	24.67928026682817
2779	24.6743867404682
2780	24.669494617465325
2781	24.66460671053425
2782	24.659726375476552
2783	24.654847689301565
2784	24.64997573469556
2785	24.645105014049612
2786	24.640234928868868
2787	24.63536668333124
2788	24.630499028044138
2789	24.625632462397043
2790	24.620767706951295
2791	24.61590812117248
2792	24.61104972284574
2793	24.606193645423343
2794	24.60134015345749
2795	24.596487428772164
2796	24.59163669576733
2797	24.586793795817098
2798	24.581957015953147
2799	24.577122124439875
2800	24.572292764928427
2801	24.567467284533553
2802	24.562644657291976
2803	24.557823000448877
2804	24.553001821390904
2805	24.548182025732327
2806	24.543362349064765
2807	24.538542855431576
2808	24.53372609684473
2809	24.52891000400455
2810	24.524101636180305
2811	24.51929422112268
2812	24.5144907679605
2813	24.509690413125128
2814	24.50489087333464
2815	24.50009452422157
2816	24.49530247379046
2817	24.490516013675904
2818	24.485729830256147
2819	24.480945228994663
2820	24.476165403463426
2821	24.471386893087367
2822	24.466612479642862
2823	24.46184251986255
2824	24.4570758678832
2825	24.452310052881344
2826	24.447546445177
2827	24.442794226866678
2828	24.438044233963957
2829	24.43329509044393
2830	24.4285462475868
2831	24.423797982612
2832	24.41905257643305
2833	24.41431276098912
2834	24.409573939073358
2835	24.404839523801662
2836	24.40010861478027
2837	24.39537810900046
2838	24.39064935980489
2839	24.38592593356133
2840	24.38120349420542
2841	24.376482731923495
2842	24.371766572767946
2843	24.36705081748682
2844	24.36233866505833
2845	24.357628964248555
2846	24.35292149408835
2847	24.348216343063044
2848	24.343512939313914
2849	24.338811903682128
2850	24.334113365296474
2851	24.329419393483757
2852	24.324727493911023
2853	24.32004297025103
2854	24.31536041830035
2855	24.310678175585146
2856	24.305998523646217
2857	24.301319359017278
2858	24.296642368777768
2859	24.29196743267282
2860	24.28729328236885
2861	24.28262187983729
2862	24.277955029853292
2863	24.2732895477361
2864	24.26863776997996
2865	24.263986429762873
2866	24.25933628747495
2867	24.25468672742492
2868	24.250040034429432
2869	24.245393563404814
2870	24.240749470336215
2871	24.236107978402025
2872	24.231468682522916
2873	24.226834056410254
2874	24.222204572333137
2875	24.217577498169135
2876	24.212952832052004
2877	24.208328842235364
2878	24.203706337381753
2879	24.19908480311038
2880	24.194465640319176
2881	24.18985177570766
2882	24.185238621234962
2883	24.180629664024327
2884	24.176022205807378
2885	24.17141515737803
2886	24.16681335090817
2887	24.162217605296675
2888	24.157623051474765
2889	24.153029288835018
2890	24.14843793096163
2891	24.143848935704455
2892	24.139263658071872
2893	24.134678894491383
2894	24.130095190978032
2895	24.125512367333798
2896	24.120932149649867
2897	24.11635246559335
2898	24.11177927709645
2899	24.10720775165868
2900	24.102639871017825
2901	24.09807423783671
2902	24.09350874818121
2903	24.088944866878403
2904	24.0843824500458
2905	24.079822349219832
2906	24.075268423648392
2907	24.07071658459999
2908	24.066167018567622
2909	24.0616239014943
2910	24.05708240528344
2911	24.05254417266173
2912	24.048008104252197
2913	24.043475732359802
2914	24.038945228818235
2915	24.034415924286414
2916	24.02989184155886
2917	24.025370415210677
2918	24.02084900217354
2919	24.01633118439583
2920	24.01181525639824
2921	24.007303949568204
2922	24.002795583080303
2923	23.99828748205912
2924	23.993779489419225
2925	23.989273366635643
2926	23.98476966320969
2927	23.98026888778445
2928	23.975771571262793
2929	23.971275232224116
2930	23.966785074907186
2931	23.962296203162577
2932	23.957809350537207
2933	23.953323690128634
2934	23.94884321912197
2935	23.94436465039327
2936	23.939888201472776
2937	23.935413033105945
2938	23.930939231098733
2939	23.92646935962245
2940	23.922002607404693
2941	23.91753786257423
2942	23.913073133844573
2943	23.908610917615086
2944	23.90415121802165
2945	23.899692238511903
2946	23.89523665916409
2947	23.890784787009025
2948	23.88633793829751
2949	23.88189134239096
2950	23.877450584971513
2951	23.873013317863762
2952	23.868576080579643
2953	23.864141265860408
2954	23.85971418454851
2955	23.8552877013266
2956	23.85086407547746
2957	23.846444878884217
2958	23.842025823674415
2959	23.8376087583551
2960	23.83319408520933
2961	23.828779797148897
2962	23.82436970344922
2963	23.81996119949149
2964	23.815556251253454
2965	23.811152583292824
2966	23.806750152752063
2967	23.802351025001826
2968	23.79795542315321
2969	23.793559922663476
2970	23.78916938580348
2971	23.784781349842042
2972	23.78039464942379
2973	23.776009165021012
2974	23.771627105338535
2975	23.767247344197372
2976	23.762868277733578
2977	23.75849311373887
2978	23.754120004361468
2979	23.749752592374218
2980	23.74538689944928
2981	23.74102672222093
2982	23.736666852428062
2983	23.732307530949743
2984	23.727953765545852
2985	23.72360338010914
2986	23.71925798568375
2987	23.714914077628183
2988	23.710571731149948
2989	23.706229909820994
2990	23.70189211611632
2991	23.69755666631136
2992	23.693221588826752
2993	23.688890853483827
2994	23.684564252946466
2995	23.680240361401797
2996	23.67592169317191
2997	23.67160320062636
2998	23.667286290323975
2999	23.6629714771147
3000	23.658659022237813
3001	23.654351501719237
3002	23.650044001654674
3003	23.64573757445084
3004	23.641435550103
3005	23.637138051365078
3006	23.63284560114175
3007	23.628553824332577
3008	23.62426558879031
3009	23.619977841144678
3010	23.6156952257941
3011	23.61141334804861
3012	23.607133471264852
3013	23.6028563128156
3014	23.598579835746822
3015	23.594305701096104
3016	23.59003372196373
3017	23.58576405776042
3018	23.581495289953068
3019	23.577227577450085
3020	23.572965644613102
3021	23.56870515519687
3022	23.56444761885285
3023	23.56019233346297
3024	23.555939360119872
3025	23.551688200523657
3026	23.54743834649217
3027	23.543192367677616
3028	23.53894700946499
3029	23.534702125236052
3030	23.53045893510162
3031	23.526218167093138
3032	23.52198517225241
3033	23.5177552503546
3034	23.51352545942585
3035	23.509296619569433
3036	23.505067960951045
3037	23.50084291793017
3038	23.496619024371636
3039	23.492397986147495
3040	23.488178947455825
3041	23.48396075809542
3042	23.479743880213555
3043	23.475529996660583
3044	23.471318149804432
3045	23.467107771518535
3046	23.46290276829241
3047	23.4586981277644
3048	23.45449380800739
3049	23.450290772749522
3050	23.44608945242428
3051	23.44188985515766
3052	23.437690425432308
3053	23.433493046981873
3054	23.42929634504846
3055	23.425102707495583
3056	23.420910449196086
3057	23.416721155170677
3058	23.412533704892606
3059	23.40834726498462
3060	23.404161324563887
3061	23.39997864389275
3062	23.395798794271926
3063	23.391620927583553
3064	23.387446355025737
3065	23.383273649207656
3066	23.379103384506152
3067	23.374933682638417
3068	23.37076875217619
3069	23.36660702377993
3070	23.362447494043103
3071	23.358289177427704
3072	23.35413188282983
3073	23.349976959680006
3074	23.345822671100468
3075	23.34166970013524
3076	23.337517240948664
3077	23.333366897326144
3078	23.329219932350526
3079	23.32507395350269
3080	23.32093040138236
3081	23.316787916279445
3082	23.31264871785528
3083	23.308511436136712
3084	23.304374889182295
3085	23.300243793445315
3086	23.296114754953724
3087	23.291989482962308
3088	23.287866716423512
3089	23.283744344342026
3090	23.27962719130789
3091	23.275510552265136
3092	23.271393982913576
3093	23.26727957524182
3094	23.263170144544038
3095	23.25906228793401
3096	23.254954605098753
3097	23.250849103218297
3098	23.246745209404885
3099	23.242643571915725
3100	23.238544698261222
3101	23.234445944702724
3102	23.230347980656113
3103	23.226251791794294
3104	23.22215591115639
3105	23.21806268970935
3106	23.213977332189028
3107	23.209894361646292
3108	23.205811595816474
3109	23.201733397766542
3110	23.197656460720065
3111	23.193582000797996
3112	23.1895089274324
3113	23.185438331294236
3114	23.181370412147945
3115	23.174202862232523
3116	23.16822224007775
3117	23.16309119543297
3118	23.15859472165781
3119	23.154527560995394
3120	23.150465462416264
3121	23.146405304944462
3122	23.142346545702548
3123	23.1382894682349
3124	23.134233822605925
3125	23.130182267734792
3126	23.126137312335675
3127	23.122094991338273
3128	23.118056449685085
3129	23.114018266115686
3130	23.10998221208407
3131	23.10594700371951
3132	23.101914064187334
3133	23.097883386691713
3134	23.093855661115292
3135	23.089830549492987
3136	23.085806720907293
3137	23.081782918271724
3138	23.077761645736206
3139	23.07374093577297
3140	23.069720887723776
3141	23.065703347158326
3142	23.061691059301644
3143	23.057679322529857
3144	23.05366940259391
3145	23.049659889059612
3146	23.045655353107005
3147	23.04165140973052
3148	23.03764797941459
3149	23.033647501064326
3150	23.029648801708937
3151	23.025653368538208
3152	23.02165984576566
3153	23.017667858222573
3154	23.013675943801843
3155	23.00968501107942
3156	23.005694326818258
3157	23.001708020588925
3158	22.997722460721192
3159	22.99373757700086
3160	22.989755202635344
3161	22.985780489055678
3162	22.98180739054488
3163	22.97783689872403
3164	22.97386853856789
3165	22.969903375774074
3166	22.965938733609267
3167	22.961975450866703
3168	22.958013814730975
3169	22.954057339636925
3170	22.950106434875813
3171	22.94615660219158
3172	22.942208850631623
3173	22.938263349487944
3174	22.934319763925448
3175	22.93037852205861
3176	22.926438096649356
3177	22.922500248626733
3178	22.918565350552214
3179	22.91463088164457
3180	22.910696555715464
3181	22.90676672354041
3182	22.902837319125286
3183	22.898910737566293
3184	22.894988186772157
3185	22.891067711941638
3186	22.887151522692573
3187	22.883235673224966
3188	22.879321327732242
3189	22.875407749786593
3190	22.871497149514838
3191	22.867587001344685
3192	22.86368105352995
3193	22.85977763925016
3194	22.855876031055743
3195	22.851975805194233
3196	22.848076037031976
3197	22.84417682053608
3198	22.840278149397957
3199	22.836379534067518
3200	22.832481238186126
3201	22.828583634335534
3202	22.82468791231708
3203	22.82079640694035
3204	22.816907130826365
3205	22.813019172285376
3206	22.809131536160212
3207	22.80524666707576
3208	22.80136186024939
3209	22.797477835415926
3210	22.79359847702973
3211	22.78972000874578
3212	22.785843596080085
3213	22.781968632471557
3214	22.778096376584088
3215	22.77422475374162
3216	22.770353992563955
3217	22.766484632010894
3218	22.762617113643188
3219	22.758749994627312
3220	22.754883488658322
3221	22.751019174163705
3222	22.747159299168345
3223	22.743301445614993
3224	22.739443617719314
3225	22.735586819435273
3226	22.731732096784178
3227	22.727880225431836
3228	22.72403071738938
3229	22.72018568782599
3230	22.716345885293133
3231	22.712508085878227
3232	22.70867286505344
3233	22.704838352570956
3234	22.70100668288962
3235	22.69717521079691
3236	22.693344419953068
3237	22.68951603502836
3238	22.685690617107923
3239	22.681867536022253
3240	22.67805443001089
3241	22.674242369864924
3242	22.67043075415308
3243	22.666619306006417
3244	22.66280805785398
3245	22.658997720891037
3246	22.65519231564041
3247	22.651389551549983
3248	22.647587103066734
3249	22.64378568896877
3250	22.639984522436528
3251	22.63618475641041
3252	22.632389252649958
3253	22.628594227485628
3254	22.624804330068372
3255	22.621015622313188
3256	22.617227131450647
3257	22.613439910487177
3258	22.60965282456401
3259	22.60586985359726
3260	22.602087085602193
3261	22.598305137283905
3262	22.594523646594123
3263	22.590744598912263
3264	22.586966691943363
3265	22.583190723017566
3266	22.579417833194015
3267	22.575645244032565
3268	22.571875490878796
3269	22.56810653367799
3270	22.564338682708634
3271	22.560577522984044
3272	22.556818483056666
3273	22.5530601679467
3274	22.549303866980463
3275	22.545550115472444
3276	22.541799959675284
3277	22.538050463305783
3278	22.5343024033941
3279	22.530556943244584
3280	22.526812135583135
3281	22.52306866491746
3282	22.519325550907308
3283	22.51558502217943
3284	22.51184613576434
3285	22.50811102196202
3286	22.50437852418998
3287	22.50064787633641
3288	22.496918872949045
3289	22.49319045929144
3290	22.489466325061777
3291	22.485742300836197
3292	22.48201991305957
3293	22.47829761096737
3294	22.474578435862544
3295	22.47086130536458
3296	22.467145870491375
3297	22.4634311498433
3298	22.45972057567224
3299	22.45601227802245
3300	22.452304218201586
3301	22.448597093873925
3302	22.444892590618366
3303	22.44118873680736
3304	22.437486666443135
3305	22.4337907349789
3306	22.43009533666739
3307	22.426403690955574
3308	22.422712649778898
3309	22.419024957254443
3310	22.415340517698787
3311	22.411656668750766
3312	22.40797833190333
3313	22.404302508138393
3314	22.400628423405134
3315	22.39695548865055
3316	22.393282557859404
3317	22.389611488114422
3318	22.38594092498961
3319	22.382271797289903
3320	22.37860290341821
3321	22.374938156245868
3322	22.371275655160765
3323	22.367615447679075
3324	22.36395569351346
3325	22.36029632599022
3326	22.356641271956427
3327	22.352987498266984
3328	22.34933400797399
3329	22.34568186921763
3330	22.342030322233512
3331	22.338380677445212
3332	22.3347321844828
3333	22.33108540515043
3334	22.327440285369406
3335	22.32379631287396
3336	22.32015630003377
3337	22.316518822530412
3338	22.312881989116605
3339	22.309246260535875
3340	22.305610951271984
3341	22.30197587140876
3342	22.29834207914998
3343	22.294709267243153
3344	22.29107847869721
3345	22.287447732517123
3346	22.283820741567247
3347	22.28019483363902
3348	22.276570076136835
3349	22.272948785061907
3350	22.269328214318886
3351	22.26570933118671
3352	22.262091731740885
3353	22.258474978288568
3354	22.254859124869483
3355	22.251246498235115
3356	22.247634421738613
3357	22.24402601001451
3358	22.24041810295233
3359	22.2368103224091
3360	22.23320331411378
3361	22.22959710155647
3362	22.22599362115062
3363	22.22239257294844
3364	22.21879461292926
3365	22.215197140141758
3366	22.211600478428842
3367	22.20800762376787
3368	22.20441590337169
3369	22.20082423893358
3370	22.197233439242712
3371	22.193643731341673
3372	22.19005648455011
3373	22.186469559857223
3374	22.18288556860239
3375	22.17930344912727
3376	22.175727693024438
3377	22.172155265466287
3378	22.168583565073828
3379	22.16501450493589
3380	22.161446334827296
3381	22.157880199303342
3382	22.154315567961387
3383	22.150751257966405
3384	22.147187973268558
3385	22.143625833061613
3386	22.140065377563513
3387	22.136506249542226
3388	22.13294884924082
3389	22.12939163924451
3390	22.125835045617357
3391	22.122280339282067
3392	22.118730485843297
3393	22.11518149224039
3394	22.111633791425955
3395	22.10808708185465
3396	22.10454040367434
3397	22.10099470992295
3398	22.097450164657616
3399	22.093906716961342
3400	22.090368451511804
3401	22.08494098140721
3402	22.08068182948012
3403	22.07708015250127
3404	22.073542321304327
3405	22.070007418772384
3406	22.06647513806049
3407	22.062947790432137
3408	22.05942093522659
3409	22.055894787623288
3410	22.052368790001665
3411	22.048844219078
3412	22.04532160290394
3413	22.041800431646244
3414	22.03827999376387
3415	22.034760150531305
3416	22.031241044541364
3417	22.02772422954417
3418	22.02420843153815
3419	22.02069434975012
3420	22.01718420742099
3421	22.013675701621843
3422	22.010167914822496
3423	22.006660526500667
3424	22.003156978676664
3425	21.999655244522224
3426	21.996154023291567
3427	21.992654676724133
3428	21.989155716744428
3429	21.985657089053017
3430	21.98216190478326
3431	21.978667820209495
3432	21.97517923707336
3433	21.97169277993358
3434	21.968207866201887
3435	21.964723474221145
3436	21.96123928483904
3437	21.95775599308892
3438	21.954275644844643
3439	21.95079635801583
3440	21.94731749873867
3441	21.943839480716903
3442	21.940364434389334
3443	21.936892846734878
3444	21.93342160677157
3445	21.929950554976205
3446	21.92648096509142
3447	21.923012104940153
3448	21.919543530726454
3449	21.916076961419314
3450	21.912613526031112
3451	21.909150793178124
3452	21.905688605900544
3453	21.902229210886727
3454	21.898772478273823
3455	21.895317496997375
3456	21.89186276396203
3457	21.888412456839067
3458	21.8849652643392
3459	21.8815187874676
3460	21.878074158241507
3461	21.87463125286111
3462	21.871190209649004
3463	21.86775063441902
3464	21.86431184268962
3465	21.860873960999612
3466	21.857436354388337
3467	21.853999796008768
3468	21.850564510653438
3469	21.84713071289875
3470	21.84369694062808
3471	21.840266414672868
3472	21.836837052191047
3473	21.833411588260493
3474	21.829987595428854
3475	21.82656376810484
3476	21.823140999444508
3477	21.819719554638525
3478	21.816300695203825
3479	21.812881924389803
3480	21.809464206901957
3481	21.80604808475461
3482	21.802633079412814
3483	21.799219877242198
3484	21.795808466000516
3485	21.792398270161698
3486	21.788990226923417
3487	21.785584005588554
3488	21.78217864834195
3489	21.77877334673456
3490	21.77537027267336
3491	21.77196739155979
3492	21.768565877467022
3493	21.765166024518294
3494	21.761766208636924
3495	21.758367882215392
3496	21.75497359701142
3497	21.751580068520504
3498	21.748189384360796
3499	21.744798897493066
3500	21.741412777121305
3501	21.738028788349766
3502	21.73464513743023
3503	21.731263548525543
3504	21.72788296444981
3505	21.724503000095147
3506	21.721124252221124
3507	21.717747818713697
3508	21.71437345236775
3509	21.710999876445943
3510	21.70762696016461
3511	21.704255886952403
3512	21.700885812141603
3513	21.697520833396606
3514	21.694156563429182
3515	21.690795024582034
3516	21.68743606682851
3517	21.684077212280428
3518	21.680719589377304
3519	21.677363930578114
3520	21.674011604876682
3521	21.67066056190276
3522	21.667309581550324
3523	21.663958820583087
3524	21.660611275114732
3525	21.65726399251625
3526	21.65391814606997
3527	21.650577093598518
3528	21.64723819326636
3529	21.643900864536974
3530	21.64056375273142
3531	21.63722780427166
3532	21.63389283693648
3533	21.630558647987893
3534	21.627226002281258
3535	21.623894800811932
3536	21.620564912097702
3537	21.61723603922378
3538	21.61390865441095
3539	21.61058294505312
3540	21.607258018378158
3541	21.603933392945144
3542	21.60060973340343
3543	21.597289018071717
3544	21.593970044066662
3545	21.590651497246323
3546	21.58733434870352
3547	21.584019338544262
3548	21.580704802419117
3549	21.57739087372659
3550	21.57407886157062
3551	21.57076715586018
3552	21.567456695797972
3553	21.564147427614344
3554	21.560840670606268
3555	21.557536582969487
3556	21.554233157957704
3557	21.550931690410856
3558	21.547630791307355
3559	21.544333928508454
3560	21.54103892678185
3561	21.537744163812363
3562	21.53445400357165
3563	21.531165302856476
3564	21.52787831795947
3565	21.524591820472498
3566	21.521308677999006
3567	21.518027570786447
3568	21.514746763576635
3569	21.511466924226898
3570	21.50818754763852
3571	21.504910109901495
3572	21.50163388373404
3573	21.498359342821075
3574	21.49508727781774
3575	21.49181768207091
3576	21.488549796702618
3577	21.48528380333524
3578	21.482019343463588
3579	21.478756280260512
3580	21.475494055053137
3581	21.472233967076487
3582	21.46897628500527
3583	21.465721246997553
3584	21.462467110434385
3585	21.459215439552853
3586	21.455965369976585
3587	21.452716913950894
3588	21.44946901857708
3589	21.446221923232386
3590	21.44297483983263
3591	21.439729138923365
3592	21.436483968092507
3593	21.433241336755415
3594	21.429999668610964
3595	21.426760840464343
3596	21.42352223837251
3597	21.420285403261545
3598	21.417049964583274
3599	21.413814690841434
3600	21.410580720618437
3601	21.40734819992438
3602	21.40411642040387
3603	21.400887503284487
3604	21.39765929618652
3605	21.39249108149665
3606	21.388182726673058
3607	21.38442179836836
3608	21.381039681005916
3609	21.377812989062566
3610	21.37459034159592
3611	21.371367747005703
3612	21.36814804301842
3613	21.364929070712
3614	21.361710220901664
3615	21.358497005044125
3616	21.355284894410683
3617	21.35207476878494
3618	21.348866352442364
3619	21.345658097314036
3620	21.34245186234757
3621	21.339245840278704
3622	21.33604123387733
3623	21.33283922660151
3624	21.329639486635703
3625	21.326439869262984
3626	21.323241614917322
3627	21.32004376029742
3628	21.316846223062683
3629	21.313651688911353
3630	21.310461055552466
3631	21.307273248403384
3632	21.304086049446312
3633	21.300899695596655
3634	21.297714716743187
3635	21.294531179385164
3636	21.29134937525952
3637	21.288167808303953
3638	21.2849883270543
3639	21.281810788902053
3640	21.278635734588597
3641	21.27546087595434
3642	21.272286226577506
3643	21.269113351058767
3644	21.265941217880183
3645	21.262770073851172
3646	21.25959966965728
3647	21.256432067285168
3648	21.253264588471154
3649	21.250098411724842
3650	21.246934732281495
3651	21.24377119014436
3652	21.240608608852423
3653	21.237448599752618
3654	21.234291817173315
3655	21.23113590898901
3656	21.22798115223935
3657	21.2248268362063
3658	21.221674587471405
3659	21.21852305269038
3660	21.215373226927156
3661	21.21222401930639
3662	21.209075480779397
3663	21.205927559183795
3664	21.20278296094854
3665	21.199638585679995
3666	21.196494926738904
3667	21.193351677240578
3668	21.190209696135774
3669	21.187068795248127
3670	21.18393126080198
3671	21.18079569401387
3672	21.177661040954433
3673	21.174526644264326
3674	21.17139583664344
3675	21.168265768670683
3676	21.16513698356493
3677	21.162008871174226
3678	21.158882988746956
3679	21.15575754026065
3680	21.152633237482963
3681	21.14951042850266
3682	21.146387746139
3683	21.14326623561965
3684	21.14014555841489
3685	21.1370272504462
3686	21.133909476723126
3687	21.130793885481562
3688	21.127679449977286
3689	21.12456619142347
3690	21.121454293035942
3691	21.118344098143783
3692	21.115238748853866
3693	21.112135566094196
3694	21.109032614314934
3695	21.105930677197122
3696	21.102830459735387
3697	21.09973250338121
3698	21.09663540852248
3699	21.0935389557732
3700	21.090445271532626
3701	21.087352425995284
3702	21.084261081655086
3703	21.081169892209207
3704	21.07807936906026
3705	21.07498984183383
3706	21.071900804394208
3707	21.06881241028723
3708	21.06572561862474
3709	21.062639801487464
3710	21.059555309188667
3711	21.056471528037
3712	21.053389655843624
3713	21.05030792505688
3714	21.047226912310244
3715	21.044147776779152
3716	21.041070042425197
3717	21.037993357384195
3718	21.034917713743873
3719	21.03184340462129
3720	21.02877030935844
3721	21.02569897783686
3722	21.02262816549932
3723	21.019558043688505
3724	21.01648952305342
3725	21.01342160006487
3726	21.010356613365683
3727	21.007293859880384
3728	21.004232399433956
3729	21.001171211150734
3730	20.99811143072048
3731	20.995052045314992
3732	20.991994021466258
3733	20.988936018185495
3734	20.98587840359162
3735	20.98282127681319
3736	20.979768157874886
3737	20.976715648353938
3738	20.973665886276123
3739	20.970616685733425
3740	20.96757005025622
3741	20.96452473746557
3742	20.961479572140743
3743	20.958436655210445
3744	20.955393741353397
3745	20.952351791625794
3746	20.949311311285708
3747	20.946271782558178
3748	20.943233130277868
3749	20.940195025368542
3750	20.93715740845361
3751	20.934124138745315
3752	20.93109166004067
3753	20.92805932664358
3754	20.925029116198623
3755	20.92200257062607
3756	20.918976807344905
3757	20.91595336667215
3758	20.912929992861184
3759	20.90990851723509
3760	20.906887905125025
3761	20.903870007196836
3762	20.90085229093758
3763	20.89783493627625
3764	20.894817806558343
3765	20.891800806539198
3766	20.888783989347665
3767	20.885770007014596
3768	20.882757216731513
3769	20.87974729096865
3770	20.876737508657566
3771	20.8737297212039
3772	20.87072209758281
3773	20.86771783879925
3774	20.864716329292715
3775	20.861715153345507
3776	20.85871515384441
3777	20.855715811074838
3778	20.85271698774496
3779	20.849718517166746
3780	20.846722153891044
3781	20.84372676628265
3782	20.84073369945191
3783	20.837741880914027
3784	20.834750264355183
3785	20.831759525988442
3786	20.82877080157321
3787	20.825784405364832
3788	20.822798399243588
3789	20.819814329521662
3790	20.81683364625478
3791	20.81385575756303
3792	20.8108783286508
3793	20.80790154384949
3794	20.804926170970116
3795	20.80195173083014
3796	20.79897901689394
3797	20.796006897965214
3798	20.793035358918836
3799	20.790066058269506
3800	20.78709861924645
3801	20.784133342708174
3802	20.781168718067804
3803	20.778204223032652
3804	20.775240935804806
3805	20.772278525999223
3806	20.7693179682663
3807	20.766359186945813
3808	20.76340103278092
3809	20.76044435857485
3810	20.757488648573414
3811	20.754533659346063
3812	20.751580809210886
3813	20.74862944778445
3814	20.745679254367047
3815	20.742729649748078
3816	20.739781190330778
3817	20.73683299846988
3818	20.733887393753687
3819	20.73094280674718
3820	20.72799909215633
3821	20.725057438970474
3822	20.722115939660437
3823	20.719176496639204
3824	20.716238044405728
3825	20.71330001502792
3826	20.71036309780913
3827	20.70742677277233
3828	20.704494110720518
3829	20.70156184624183
3830	20.698630964292793
3831	20.69570091817362
3832	20.69277311119674
3833	20.689845620832443
3834	20.686919317723387
3835	20.68399341231992
3836	20.68106908677114
3837	20.67814589230493
3838	20.675223900737336
3839	20.672302573128917
3840	20.669381971530846
3841	20.666461393176267
3842	20.6635409472246
3843	20.660622027932366
3844	20.65770429422363
3845	20.654786913406813
3846	20.651870967470487
3847	20.648956160060923
3848	20.64604144196609
3849	20.643127529499555
3850	20.640218204038312
3851	20.637309863668655
3852	20.63440225407367
3853	20.631495379129028
3854	20.62859150942385
3855	20.625690359805056
3856	20.622789420614595
3857	20.619890641970276
3858	20.616992144414098
3859	20.61409437544205
3860	20.61119846464759
3861	20.608302911950844
3862	20.605408368313103
3863	20.602514089460087
3864	20.59962270992439
3865	20.596734655611545
3866	20.593846705352036
3867	20.590959255260007
3868	20.58807286797947
3869	20.585189451514122
3870	20.5823081047525
3871	20.579427935425933
3872	20.576548071866814
3873	20.57367031838745
3874	20.570793636018422
3875	20.5679174788206
3876	20.56504354721099
3877	20.56217115569239
3878	20.55929935282325
3879	20.556428674750407
3880	20.553558149699928
3881	20.550688100531964
3882	20.547818880702145
3883	20.544950130527766
3884	20.542081608733408
3885	20.53921374327093
3886	20.536346647670513
3887	20.53348069305792
3888	20.53061554516094
3889	20.52775068871496
3890	20.524889632670604
3891	20.522028688400127
3892	20.519168096155926
3893	20.51630765383675
3894	20.5134484148145
3895	20.51059127678615
3896	20.50773453478072
3897	20.504878353082496
3898	20.502025443571636
3899	20.49917325190635
3900	20.496321667992774
3901	20.49347055308007
3902	20.490620144040573
3903	20.48777154889232
3904	20.48492391651241
3905	20.482079662191406
3906	20.479236499108907
3907	20.476394777456584
3908	20.473553404631552
3909	20.470713103279923
3910	20.46787340328905
3911	20.465034622652148
3912	20.462199609324752
3913	20.459364774608638
3914	20.456532040395352
3915	20.453700790799722
3916	20.450870740961733
3917	20.448042491608028
3918	20.445214901580076
3919	20.44238763711112
3920	20.43956110871608
3921	20.436737150903348
3922	20.43391379658768
3923	20.431091131706754
3924	20.42826861128251
3925	20.425447523857816
3926	20.422627308972757
3927	20.419807618193733
3928	20.41698941392586
3929	20.414173580652978
3930	20.411357826652434
3931	20.408542706899667
3932	20.40573012842247
3933	20.402917690973066
3934	20.400105413878393
3935	20.397295052740755
3936	20.39448495493418
3937	20.39167697824832
3938	20.388869903196966
3939	20.386062968076992
3940	20.383257264655718
3941	20.380451601215256
3942	20.377646572795364
3943	20.37484300560126
3944	20.37204081531826
3945	20.36923903781253
3946	20.366441071001386
3947	20.363645001191262
3948	20.360849031552068
3949	20.358054657311367
3950	20.35526122466655
3951	20.352469396616446
3952	20.349678575729143
3953	20.34688989954337
3954	20.344101967105935
3955	20.341316547357053
3956	20.33853159364655
3957	20.33575037781436
3958	20.332970295596095
3959	20.330191067990164
3960	20.327413384810804
3961	20.324638124628624
3962	20.321863545075303
3963	20.31908945222857
3964	20.31631629330903
3965	20.313545304771417
3966	20.310775364185904
3967	20.30800567528634
3968	20.30523619382763
3969	20.302467745209952
3970	20.299700915310545
3971	20.296935422206595
3972	20.294171742840277
3973	20.291408214192106
3974	20.2886450463998
3975	20.28588304441236
3976	20.283121643959042
3977	20.280360665241023
3978	20.277603032481906
3979	20.274846511365794
3980	20.27209014207247
3981	20.269334048879607
3982	20.266578378895307
3983	20.26382334286577
3984	20.26106923359863
3985	20.25831611312906
3986	20.255564245451293
3987	20.252812452835386
3988	20.250062467603037
3989	20.247313739211265
3990	20.244565602839742
3991	20.241819612635826
3992	20.23907405933541
3993	20.236330303022
3994	20.23358735960985
3995	20.230844713780613
3996	20.22810252824992
3997	20.225361581155404
3998	20.222621198658825
3999	20.219882868809844
4000	20.217144899242356
4001	20.214407770955056
4002	20.21167189273619
4003	20.20893721842577
4004	20.20620437585854
4005	20.203471896411934
4006	20.200739483990297
4007	20.198007355677234
4008	20.19527586146338
4009	20.192545057912035
4010	20.189815436053003
4011	20.18708824708313
4012	20.184363250736375
4013	20.18163889731337
4014	20.17891510037552
4015	20.176192037374
4016	20.173469766721468
4017	20.170747686553067
4018	20.168026494652146
4019	20.165306829628644
4020	20.162588582295
4021	20.159870852088403
4022	20.157155246008394
4023	20.154441418878648
4024	20.151728256886358
4025	20.14901747814805
4026	20.14630886448413
4027	20.14360156781442
4028	20.14089452661468
4029	20.13818854369746
4030	20.135483032064972
4031	20.132777648433613
4032	20.130072775845967
4033	20.12736880676753
4034	20.12466491417622
4035	20.12196166753978
4036	20.11925979600255
4037	20.116559532577405
4038	20.113859617440482
4039	20.111160887175114
4040	20.108463237468197
4041	20.10576889523501
4042	20.103076816734905
4043	20.10038501743169
4044	20.097693381579916
4045	20.095002119395534
4046	20.092312198796364
4047	20.08962279530639
4048	20.086934093037783
4049	20.084245468404614
4050	20.081557326784747
4051	20.07886980143994
4052	20.076183682155108
4053	20.073498725064766
4054	20.070814778919317
4055	20.0681314195129
4056	20.065450102725734
4057	20.062770597899128
4058	20.06009248890118
4059	20.057415632609246
4060	20.054739086404105
4061	20.052063413856793
4062	20.049391832335544
4063	20.046721409010388
4064	20.04405154290607
4065	20.041382095534672
4066	20.038712922932117
4067	20.036044065958457
4068	20.033376393883987
4069	20.030710513925133
4070	20.028046225675777
4071	20.02538197719141
4072	20.0227187416872
4073	20.020055821746144
4074	20.017393523972586
4075	20.014732827866418
4076	20.01207231689406
4077	20.009413137592507
4078	20.006756048048388
4079	20.00410038134989
4080	20.001444890951163
4081	19.99879116837262
4082	19.996138201451718
4083	19.993485399570353
4084	19.990834952355335
4085	19.988185581313537
4086	19.98553648364142
4087	19.982888684056945
4088	19.98024209987221
4089	19.97759777940816
4090	19.974954025017734
4091	19.972311210946803
4092	19.969670027410743
4093	19.96703078762284
4094	19.964391784471534
4095	19.961754937525075
4096	19.959119031659206
4097	19.956483456642054
4098	19.953849259473433
4099	19.951217455635764
4100	19.94858636982178
4101	19.94595590851618
4102	19.94332761823634
4103	19.940700391315296
4104	19.938074845249176
4105	19.935449944916574
4106	19.932825194358905
4107	19.930202170073336
4108	19.927580836406833
4109	19.92495969915742
4110	19.922338992224095
4111	19.9197201965718
4112	19.917102452646905
4113	19.91448564014768
4114	19.911869651490186
4115	19.90925493084021
4116	19.906641028789597
4117	19.90402776331519
4118	19.901414501076943
4119	19.8988020255286
4120	19.89619002114169
4121	19.893578500064947
4122	19.890967214381423
4123	19.888356755450822
4124	19.88574787390357
4125	19.883139930633558
4126	19.8805325954895
4127	19.877926639181933
4128	19.87532217853661
4129	19.872718159523195
4130	19.87011536738837
4131	19.86751371578084
4132	19.864912787455946
4133	19.862312049345356
4134	19.85971268966669
4135	19.85711435216493
4136	19.85451762224098
4137	19.851921930971493
4138	19.8493264762559
4139	19.84673138445509
4140	19.844136933627265
4141	19.841542669279907
4142	19.838951677983502
4143	19.836362345108437
4144	19.833773063634887
4145	19.831184882299432
4146	19.828596934987818
4147	19.82601147652006
4148	19.82342636086383
4149	19.820842293964184
4150	19.818258579498707
4151	19.815675667069033
4152	19.813094035397683
4153	19.810512449136617
4154	19.80793225472413
4155	19.805353040306507
4156	19.802778417703074
4157	19.800204026433555
4158	19.797629844655923
4159	19.79505757346331
4160	19.792486228974102
4161	19.789916287121766
4162	19.787348021592017
4163	19.7847812825402
4164	19.782215265777882
4165	19.77965022273997
4166	19.777086909824476
4167	19.774525533302597
4168	19.771964379834557
4169	19.76940437522881
4170	19.76684645652744
4171	19.76429044493602
4172	19.761735506602346
4173	19.75918065556356
4174	19.756626279539034
4175	19.75407235095723
4176	19.751520943897425
4177	19.748970857948173
4178	19.74642080323639
4179	19.74387223407188
4180	19.74132509944607
4181	19.738778948258563
4182	19.73623285013708
4183	19.733686960369813
4184	19.731141117090665
4185	19.728595959919527
4186	19.726051156918366
4187	19.723506722685453
4188	19.720963400581173
4189	19.718422031262293
4190	19.715880682904423
4191	19.71334079216061
4192	19.71080142593697
4193	19.708263553749187
4194	19.705726370200765
4195	19.703189975711247
4196	19.700656431042788
4197	19.69812296635459
4198	19.695590901174548
4199	19.693059491765577
4200	19.690528322527463
4201	19.687997580038825
4202	19.685467604712287
4203	19.682938912647437
4204	19.680412363967985
4205	19.677886697002712
4206	19.67536123800882
4207	19.672836026074826
4208	19.670312002882724
4209	19.667789404232433
4210	19.665267685524082
4211	19.662747523223125
4212	19.66022794252483
4213	19.65771067421822
4214	19.655194527529083
4215	19.65267852654408
4216	19.650162597129196
4217	19.647647386836297
4218	19.645133205387694
4219	19.642620290784294
4220	19.640108336059935
4221	19.637596843584067
4222	19.63508596510595
4223	19.632575573571245
4224	19.630067768923606
4225	19.627560922095828
4226	19.625054314958778
4227	19.622549093550752
4228	19.620044383874642
4229	19.6175410120508
4230	19.615038357212033
4231	19.612535740469372
4232	19.610033761044175
4233	19.607533078910127
4234	19.605033381002453
4235	19.602534425780487
4236	19.60003634909841
4237	19.597538525890606
4238	19.59504195326098
4239	19.592545959136768
4240	19.590051292059933
4241	19.58755714288819
4242	19.58506302496042
4243	19.58256917218888
4244	19.580076555396275
4245	19.577584438126372
4246	19.575093980149983
4247	19.572605055684743
4248	19.570117508775134
4249	19.567630219380863
4250	19.565143031430857
4251	19.56265613761194
4252	19.56017178261309
4253	19.55768924086476
4254	19.55520910526485
4255	19.55273024641407
4256	19.55025195076766
4257	19.547774990483056
4258	19.545298169674652
4259	19.542822338139995
4260	19.54034712739877
4261	19.53787228377617
4262	19.53539806833377
4263	19.532924390097627
4264	19.530452200100505
4265	19.527980456633895
4266	19.525509429386627
4267	19.523038954508834
4268	19.520568649332454
4269	19.518098762684275
4270	19.51562946773029
4271	19.513160619477535
4272	19.5106922653209
4273	19.508225850218114
4274	19.505759889195875
4275	19.503294843336192
4276	19.500830204550052
4277	19.498367277207258
4278	19.49590448987196
4279	19.493443789558672
4280	19.490983215266276
4281	19.488523586370757
4282	19.486064268377085
4283	19.483605548316998
4284	19.48114870969699
4285	19.478692182073257
4286	19.47623656433302
4287	19.47378175321483
4288	19.47132820464334
4289	19.468875091269616
4290	19.466422476220902
4291	19.46397176243998
4292	19.461524904101346
4293	19.45907852820535
4294	19.45663223248059
4295	19.454186294073722
4296	19.451740960334764
4297	19.449295786534567
4298	19.446852018107936
4299	19.444409989486562
4300	19.44196865627866
4301	19.43952810915997
4302	19.43708853515913
4303	19.43464963308182
4304	19.432210835815535
4305	19.429773934909694
4306	19.42733838590474
4307	19.424903203039023
4308	19.422468566510776
4309	19.42003400844702
4310	19.417600473971934
4311	19.41516767045477
4312	19.412735033744134
4313	19.410302805387612
4314	19.407872146381465
4315	19.40544233906736
4316	19.403013387855893
4317	19.40058474255231
4318	19.39815840711561
4319	19.395733294296857
4320	19.393309152803226
4321	19.390887350047468
4322	19.388467852487164
4323	19.386048942969417
4324	19.383630527124918
4325	19.38121371942498
4326	19.378797329714086
4327	19.376381197355467
4328	19.373965325994558
4329	19.37155035368588
4330	19.369135562553218
4331	19.366722136482597
4332	19.364311314176
4333	19.361901290605367
4334	19.35949224544909
4335	19.357084642562867
4336	19.35467715552738
4337	19.352269956546287
4338	19.34986308725098
4339	19.347457243287955
4340	19.34505161295516
4341	19.342646602593362
4342	19.34024322532791
4343	19.337841664136292
4344	19.335441226419306
4345	19.333041379037134
4346	19.33064161089034
4347	19.328241879186695
4348	19.32584236558495
4349	19.323444326160672
4350	19.32104646894419
4351	19.318650383357514
4352	19.31625464626509
4353	19.3138603254058
4354	19.31146605541232
4355	19.309072313025602
4356	19.30667932677069
4357	19.304287136378655
4358	19.301897026690117
4359	19.299507099976292
4360	19.297117420174153
4361	19.294728623719077
4362	19.292340669268217
4363	19.28995377094025
4364	19.28756726281231
4365	19.285182073607587
4366	19.28279703736009
4367	19.280412594495207
4368	19.2780294591183
4369	19.275647067014297
4370	19.273265563969197
4371	19.270885038396568
4372	19.268506423751205
4373	19.266128413195773
4374	19.2637513504201
4375	19.26137604184179
4376	19.25900086338164
4377	19.25662620649505
4378	19.254253122681764
4379	19.251880341365897
4380	19.249508005531315
4381	19.247135707329402
4382	19.24476459582022
4383	19.242394597137764
4384	19.2400248760191
4385	19.237655416601925
4386	19.235287689525055
4387	19.23292194320742
4388	19.230556494935957
4389	19.228191265728483
4390	19.225826997924262
4391	19.223463063340414
4392	19.221102287386604
4393	19.21874197315393
4394	19.216382100224287
4395	19.214022492587368
4396	19.21166430044599
4397	19.209306748769325
4398	19.206949370003557
4399	19.204592742381525
4400	19.202238937573494
4401	19.199886519984997
4402	19.197535934742596
4403	19.195186129231466
4404	19.1928369600318
4405	19.190488875250544
4406	19.188141205198338
4407	19.18579395876941
4408	19.183447955732905
4409	19.18110265412728
4410	19.178757648397106
4411	19.17641338194241
4412	19.174069659027012
4413	19.171727287066442
4414	19.169385483538914
4415	19.16704443440456
4416	19.164703712333417
4417	19.16236358268261
4418	19.160023974328446
4419	19.1576850592323
4420	19.155346795861917
4421	19.153009478331008
4422	19.15067238037307
4423	19.148338260118873
4424	19.14600544969654
4425	19.143672757400317
4426	19.14134116756984
4427	19.13901048650971
4428	19.13667985993045
4429	19.134350884208317
4430	19.132022004436106
4431	19.129693913094247
4432	19.12736586566575
4433	19.12503876104367
4434	19.122711715065417
4435	19.12038601190837
4436	19.118060620011015
4437	19.115735289452477
4438	19.11341113950324
4439	19.11108708739932
4440	19.108764100120236
4441	19.106441895888935
4442	19.104119695662213
4443	19.1017984962743
4444	19.099477422131685
4445	19.097157176760703
4446	19.094840524504782
4447	19.092525065051635
4448	19.090210156293754
4449	19.087897404030485
4450	19.08558527446166
4451	19.08327385003759
4452	19.08096497494762
4453	19.078656262952297
4454	19.07634897046095
4455	19.074042945598542
4456	19.071737353370747
4457	19.06943261930523
4458	19.06712804730662
4459	19.064824142154688
4460	19.062520646508464
4461	19.060217559742675
4462	19.057916633394246
4463	19.055615796257992
4464	19.05331529623278
4465	19.051015562549726
4466	19.048716005954034
4467	19.046417726717397
4468	19.0441203429892
4469	19.04182417530816
4470	19.039528155538427
4471	19.03723253821999
4472	19.034938168012044
4473	19.03264472555827
4474	19.030352395144803
4475	19.028060183718416
4476	19.0257683291018
4477	19.02347708430732
4478	19.02118706289724
4479	19.018897059960494
4480	19.016607835588278
4481	19.014319395312008
4482	19.012032699221905
4483	19.009747683269026
4484	19.00746325660421
4485	19.005178863695985
4486	19.00289478686404
4487	19.00061143785808
4488	18.9983303222322
4489	18.9960492628436
4490	18.993769777711595
4491	18.991490816358176
4492	18.98921361542245
4493	18.986936503482898
4494	18.98466050193748
4495	18.982385039682967
4496	18.980110401222685
4497	18.977836797294568
4498	18.975563258959816
4499	18.97329054632408
4500	18.97101909357729
4501	18.968748857987563
4502	18.966480180332915
4503	18.96421177241176
4504	18.961944248828658
4505	18.959676752561766
4506	18.95741019694437
4507	18.95514458582077
4508	18.952879141948536
4509	18.950614437205644
4510	18.948350994567914
4511	18.946087840768733
4512	18.943824689889762
4513	18.941562879732132
4514	18.93930176562408
4515	18.937041434209167
4516	18.934782147475044
4517	18.932524151278574
4518	18.930267716331795
4519	18.928012138403098
4520	18.925757233517395
4521	18.92350326705623
4522	18.921249794407093
4523	18.918997484847065
4524	18.916745557728156
4525	18.914494087857495
4526	18.912243854923098
4527	18.90999381632505
4528	18.90774427404481
4529	18.905497331851024
4530	18.903250736526147
4531	18.901005304964
4532	18.898760085998294
4533	18.896514940742446
4534	18.894270995896743
4535	18.89202725311697
4536	18.889784239577935
4537	18.887542499223258
4538	18.885301034221104
4539	18.883060194418725
4540	18.880820215395296
4541	18.87858095770793
4542	18.87634192720717
4543	18.874103577115484
4544	18.87186606341775
4545	18.869631971009166
4546	18.867397899423842
4547	18.865164423936736
4548	18.862931527915446
4549	18.860698752260532
4550	18.858467013983955
4551	18.856236376164873
4552	18.85400613065188
4553	18.851776970940833
4554	18.84954842761422
4555	18.847320901166416
4556	18.84509362171217
4557	18.842868148921955
4558	18.840643185046066
4559	18.8384188124937
4560	18.836195512434863
4561	18.833973847387536
4562	18.831752256994626
4563	18.829531344337113
4564	18.82731116565404
4565	18.825091150926575
4566	18.822872724334143
4567	18.82065494643225
4568	18.81843855975519
4569	18.816222968738746
4570	18.81400779564813
4571	18.81179346379231
4572	18.809580597634756
4573	18.80736784205663
4574	18.805155091224883
4575	18.802944202337628
4576	18.800734896870043
4577	18.798526090392365
4578	18.796317417678228
4579	18.794111119943004
4580	18.791904841733473
4581	18.789699494261807
4582	18.787494973936287
4583	18.78529050083597
4584	18.783086163842874
4585	18.780882357782495
4586	18.7786808726271
4587	18.776479985185333
4588	18.774279318192704
4589	18.772079327996924
4590	18.769880152306754
4591	18.767682581707795
4592	18.765485174493982
4593	18.76328881024325
4594	18.761093084085733
4595	18.75889770042471
4596	18.756702535809612
4597	18.754508118133316
4598	18.752315184185647
4599	18.75012269466752
4600	18.74793100150373
4601	18.74573965948279
4602	18.743548465562462
4603	18.74135820938874
4604	18.739169270710434
4605	18.736980495147623
4606	18.734792107146163
4607	18.73260551551508
4608	18.73041924143695
4609	18.7282339033221
4610	18.726048889241824
4611	18.723864561382275
4612	18.721681313263137
4613	18.71949881079299
4614	18.717316957829876
4615	18.71513539205713
4616	18.71295432930892
4617	18.71077368749511
4618	18.708593206113328
4619	18.706413816182913
4620	18.704235563877926
4621	18.70205837230261
4622	18.699881786836972
4623	18.697705334502906
4624	18.69552908856797
4625	18.69335288336958
4626	18.6911768828056
4627	18.6890010871387
4628	18.686825421622665
4629	18.684650138985834
4630	18.68247655799256
4631	18.68030400973587
4632	18.678131865020433
4633	18.67596100400297
4634	18.673790279310946
4635	18.67162035253337
4636	18.669451219919708
4637	18.66728213324532
4638	18.665114230030927
4639	18.662946334948604
4640	18.66077925798402
4641	18.65861257822986
4642	18.656446583370027
4643	18.65428111111797
4644	18.652116718008386
4645	18.64995311919823
4646	18.647790812552714
4647	18.645629750691274
4648	18.64346884067106
4649	18.64130907004294
4650	18.63915041323521
4651	18.63699598244199
4652	18.63484182009693
4653	18.63268772861181
4654	18.630534181780856
4655	18.6283818633474
4656	18.62623076876904
4657	18.624080272925685
4658	18.621929927555428
4659	18.619779646443142
4660	18.6176294999132
4661	18.61548028315886
4662	18.613331228282636
4663	18.61118355224703
4664	18.609038111106116
4665	18.60689363834934
4666	18.60474924126493
4667	18.602606100580008
4668	18.600463391858845
4669	18.59832080131447
4670	18.596178973649874
4671	18.594037524529316
4672	18.591896559627738
4673	18.589755612700763
4674	18.587615845159206
4675	18.585476770265412
4676	18.583338883352333
4677	18.581202323642902
4678	18.579067683635245
4679	18.57693380038024
4680	18.574800012289444
4681	18.57266648536314
4682	18.570534036749695
4683	18.568401830722117
4684	18.566270328739847
4685	18.564138879239323
4686	18.562007587324487
4687	18.5598764913452
4688	18.55774558299105
4689	18.555615031354805
4690	18.553485753174286
4691	18.5513592419718
4692	18.549233087027964
4693	18.54710737015591
4694	18.544982050254717
4695	18.54285715896205
4696	18.540732614252754
4697	18.538608820303374
4698	18.53648506485082
4699	18.534362890480967
4700	18.53224229887564
4701	18.530122525341618
4702	18.52800290028331
4703	18.525883564389048
4704	18.523764996801038
4705	18.52164647554659
4706	18.519528298668384
4707	18.517410569625547
4708	18.51529370667288
4709	18.51317754123163
4710	18.511062777186023
4711	18.508948167212925
4712	18.50683567292469
4713	18.504724312756952
4714	18.502614508754657
4715	18.500505395420642
4716	18.498397381743896
4717	18.49628965050944
4718	18.49418259062662
4719	18.492076613261776
4720	18.489970637804877
4721	18.487864924243564
4722	18.485759502122676
4723	18.483655115057616
4724	18.481550765934855
4725	18.479446844986665
4726	18.477344235161745
4727	18.475241830749347
4728	18.473140937382734
4729	18.471040073697694
4730	18.468939843481333
4731	18.466840947186377
4732	18.464742436444467
4733	18.462644556767263
4734	18.460546892188646
4735	18.45844999394226
4736	18.456354107633203
4737	18.45425920870106
4738	18.452165114643254
4739	18.450072491229573
4740	18.447980259625563
4741	18.44588828403503
4742	18.44379677249212
4743	18.441705379334266
4744	18.439615957311727
4745	18.437527366815576
4746	18.43543910515173
4747	18.43335211369405
4748	18.431265830741822
4749	18.429181037120344
4750	18.427096280293664
4751	18.425011543097813
4752	18.422926991752945
4753	18.420843190026954
4754	18.418760475154684
4755	18.41667823024249
4756	18.414596316501644
4757	18.412515601166913
4758	18.410435506916706
4759	18.40835551190435
4760	18.40627590513993
4761	18.404197494015683
4762	18.402119272639464
4763	18.400041264557178
4764	18.397963319629838
4765	18.395886871983937
4766	18.39381085983964
4767	18.39173572584337
4768	18.389661509083393
4769	18.387587779907395
4770	18.38551449036142
4771	18.38344178258768
4772	18.381369760246677
4773	18.37930024334423
4774	18.377231092026012
4775	18.375162828555098
4776	18.37309477537128
4777	18.37102686553409
4778	18.36895927834725
4779	18.36689217994404
4780	18.36482529485371
4781	18.362759364193714
4782	18.360694779353036
4783	18.35863162967837
4784	18.356568668566293
4785	18.354505948324917
4786	18.352444278409056
4787	18.35038331939908
4788	18.34832274985091
4789	18.346262379327868
4790	18.344202208834822
4791	18.34214341406487
4792	18.340085335302266
4793	18.338027854687304
4794	18.33597088627156
4795	18.333914902749953
4796	18.331859140534355
4797	18.32980468547508
4798	18.32775037224303
4799	18.325696353173168
4800	18.32364339966026
4801	18.321591158950138
4802	18.319539019167472
4803	18.317487754042578
4804	18.315436660322057
4805	18.31338559322055
4806	18.31133468275753
4807	18.309284050913426
4808	18.307234764374105
4809	18.305185673033446
4810	18.30313830097825
4811	18.301091145913425
4812	18.299045416885164
4813	18.297000011152136
4814	18.29495546823268
4815	18.292911643283993
4816	18.290868554641293
4817	18.28882628042133
4818	18.286784951444254
4819	18.284743765649424
4820	18.282702974455592
4821	18.28066468125413
4822	18.27862670960805
4823	18.276589016575436
4824	18.274553114514852
4825	18.272518472751003
4826	18.27048408418456
4827	18.268449942378847
4828	18.266417023155977
4829	18.264384937088014
4830	18.262353409380488
4831	18.26032245318008
4832	18.258291917342635
4833	18.25626152463428
4834	18.2542313971981
4835	18.25220237072037
4836	18.250173672963193
4837	18.248145970514873
4838	18.246118465313447
4839	18.24409218856676
4840	18.242067155192697
4841	18.240042185767006
4842	18.23801732178018
4843	18.23599326970202
4844	18.233969229709587
4845	18.231946104636414
4846	18.229923983226595
4847	18.227902583881065
4848	18.225881460647663
4849	18.223860862266324
4850	18.221841580342048
4851	18.219822606537857
4852	18.217804238823497
4853	18.215786803268312
4854	18.21376965380879
4855	18.211753451695976
4856	18.209737693325366
4857	18.20772220832524
4858	18.20570675655594
4859	18.203692384827498
4860	18.201678184743297
4861	18.19966470267288
4862	18.19765245209293
4863	18.195640423824248
4864	18.193630147989637
4865	18.191620164778836
4866	18.189611974235373
4867	18.187603953947864
4868	18.1855960560206
4869	18.183588232044155
4870	18.181580548410132
4871	18.17957400999347
4872	18.177567585284983
4873	18.175561182523122
4874	18.173555590673505
4875	18.171550572973377
4876	18.169546187325317
4877	18.16754279490632
4878	18.16553968753414
4879	18.163537279044593
4880	18.161535259246214
4881	18.159533441961926
4882	18.157531972325117
4883	18.15553139589135
4884	18.15353113730205
4885	18.151531857543475
4886	18.149532699114392
4887	18.147533810068357
4888	18.14553611538536
4889	18.14353959855539
4890	18.141544816311374
4891	18.139550340829164
4892	18.137556502998294
4893	18.13556327758185
4894	18.13357026528014
4895	18.13157823805802
4896	18.129586801042503
4897	18.12759548142976
4898	18.125604990770253
4899	18.123616176671476
4900	18.12162918571528
4901	18.11964254309903
4902	18.117657162740425
4903	18.11567241489155
4904	18.113688131020552
4905	18.11170390022949
4906	18.109720208476887
4907	18.107736654189196
4908	18.105753480063527
4909	18.103770621712524
4910	18.101788044824005
4911	18.09980827568899
4912	18.097829057791294
4913	18.09585010449402
4914	18.09387206406458
4915	18.091894874848855
4916	18.08991783583317
4917	18.087941150529637
4918	18.08596454248142
4919	18.08398878612607
4920	18.082013874431762
4921	18.08003996014571
4922	18.078066710296316
4923	18.07609464466146
4924	18.07412308977954
4925	18.072151781553977
4926	18.070181128386817
4927	18.068211152152063
4928	18.06624138912754
4929	18.0642720367656
4930	18.062303351290353
4931	18.06033516214429
4932	18.058367444669912
4933	18.056400398206193
4934	18.05443471590446
4935	18.052469240311602
4936	18.0505043526161
4937	18.04854002517984
4938	18.046576851277422
4939	18.044614851928667
4940	18.04265321353117
4941	18.040692402859808
4942	18.038731713511716
4943	18.03677192535384
4944	18.034813091017387
4945	18.032854483342664
4946	18.030896379300817
4947	18.02893859701677
4948	18.026981404424166
4949	18.025024984049832
4950	18.023068684770294
4951	18.02111308463371
4952	18.019158318810945
4953	18.017204863350695
4954	18.015251824293912
4955	18.013299104733626
4956	18.011347940477805
4957	18.009397044507708
4958	18.00744796542318
4959	18.005499583789312
4960	18.00355240665163
4961	18.001606401768893
4962	17.999661169482152
4963	17.997718593172223
4964	17.995776599769084
4965	17.993834687043297
4966	17.991893415024897
4967	17.989952850013278
4968	17.98801265520252
4969	17.98607261501865
4970	17.98413276009597
4971	17.98219427094566
4972	17.98025584200017
4973	17.978317599988294
4974	17.976379767806602
4975	17.974442592179216
4976	17.972505953491083
4977	17.97056976031187
4978	17.96863396950151
4979	17.966698620867092
4980	17.96476558518675
4981	17.962833274186846
4982	17.960901797992978
4983	17.95897039806895
4984	17.95703923007282
4985	17.955108214434418
4986	17.95317747079234
4987	17.951246888105647
4988	17.9493167471793
4989	17.947386656279587
4990	17.945457323569673
4991	17.943528119525634
4992	17.941600662246522
4993	17.93967325397512
4994	17.937746564677788
4995	17.935820158602198
4996	17.933893820541744
4997	17.93196854162157
4998	17.930043561970134
4999	17.92811920232613
5000	17.926194953348837
5001	17.92427150006112
5002	17.922348782105566
5003	17.920428151963883
5004	17.918507804543474
5005	17.916588910886762
5006	17.91467011813724
5007	17.912751394702177
5008	17.91083372404043
5009	17.908916322554894
5010	17.906998930647053
5011	17.9050823764637
5012	17.90316617075631
5013	17.90125023735308
5014	17.89933466697984
5015	17.897419318902593
5016	17.895504280498198
5017	17.893589446761634
5018	17.891675428288128
5019	17.88976222574525
5020	17.887849581687874
5021	17.885936951896667
5022	17.884025375586564
5023	17.882114006332284
5024	17.880202896156028
5025	17.878292239285134
5026	17.876381859960514
5027	17.874472179670903
5028	17.872562664366132
5029	17.870653310159117
5030	17.868745469599332
5031	17.866838774983428
5032	17.864932836043618
5033	17.863027401630358
5034	17.861122925242405
5035	17.859218848055058
5036	17.857315019140508
5037	17.855411911632707
5038	17.853510011820575
5039	17.851608466356474
5040	17.849707594499
5041	17.84780701876552
5042	17.845906996998103
5043	17.84400722182937
5044	17.842108784316387
5045	17.840211975429447
5046	17.83831664627568
5047	17.83642220354061
5048	17.834528599754528
5049	17.832635842406358
5050	17.83074339387746
5051	17.828851128279766
5052	17.82695913105581
5053	17.825067253624713
5054	17.823176152385603
5055	17.821285715603207
5056	17.8193955705402
5057	17.817505766452655
5058	17.81561621995231
5059	17.813727800362855
5060	17.811840085857764
5061	17.809952782588788
5062	17.808065663040296
5063	17.806178965935036
5064	17.804292717188314
5065	17.80240646868012
5066	17.80052035250968
5067	17.798634742039575
5068	17.79674930414155
5069	17.794864776875798
5070	17.792980489338827
5071	17.79109640995528
5072	17.789213058746988
5073	17.78733076359389
5074	17.7854486784697
5075	17.78356680193189
5076	17.78168583780425
5077	17.779805202818892
5078	17.777925307770495
5079	17.776045420304605
5080	17.77416714433845
5081	17.772290014095137
5082	17.770413324282533
5083	17.768537179024612
5084	17.76666261866973
5085	17.764788610309644
5086	17.76291489094034
5087	17.761041489484743
5088	17.759168781865462
5089	17.7572969898222
5090	17.755425275163528
5091	17.753554417174
5092	17.751683679138687
5093	17.74981347058633
5094	17.747945054346864
5095	17.746076768711113
5096	17.744209301100465
5097	17.742341885927633
5098	17.740474776080678
5099	17.7386087836589
5100	17.736743204917968
5101	17.73487779020188
5102	17.733012644938153
5103	17.73114839574431
5104	17.729284238677156
5105	17.7274211164975
5106	17.725558800274015
5107	17.72369741949795
5108	17.721836195913315
5109	17.7199770303581
5110	17.71811805242145
5111	17.716259418331212
5112	17.714402101195045
5113	17.712544834989597
5114	17.71068816610862
5115	17.708831703488233
5116	17.706975751045803
5117	17.7051208419681
5118	17.703266968297594
5119	17.701413545761458
5120	17.699560736910772
5121	17.697708122969736
5122	17.69585625880759
5123	17.69400497151482
5124	17.69215383966777
5125	17.690303095919536
5126	17.688453179574708
5127	17.686604012007578
5128	17.684755336267624
5129	17.682906721743073
5130	17.681058568488393
5131	17.679210949322457
5132	17.677363459156666
5133	17.67551697626596
5134	17.67367070858062
5135	17.671825502843216
5136	17.66998114119612
5137	17.668136860287543
5138	17.666292587150558
5139	17.66444897907786
5140	17.662606421434987
5141	17.66076480249309
5142	17.65892425007027
5143	17.65708400222244
5144	17.655244383961385
5145	17.65340525564783
5146	17.651567176559844
5147	17.649729341086235
5148	17.647891716218332
5149	17.64605449916707
5150	17.64421738376762
5151	17.64238159148219
5152	17.640547338361866
5153	17.638713609180805
5154	17.63688029220441
5155	17.635047395561813
5156	17.633215208472343
5157	17.631383432603087
5158	17.629552113872663
5159	17.627721098412227
5160	17.625890214558005
5161	17.624059453387552
5162	17.622229227953042
5163	17.62039931282907
5164	17.618569585921243
5165	17.616740110564365
5166	17.614911875330883
5167	17.613083717803637
5168	17.611255573546245
5169	17.609427666952822
5170	17.607601068461364
5171	17.60577520568377
5172	17.60395054570887
5173	17.60212626583432
5174	17.60030230331736
5175	17.598478641878938
5176	17.596655226758205
5177	17.594832699168805
5178	17.593010889220768
5179	17.591190137129953
5180	17.589369776786494
5181	17.587550101257012
5182	17.5857306872444
5183	17.58391169734506
5184	17.582093211713914
5185	17.58027516953687
5186	17.578457273165476
5187	17.576639500979343
5188	17.574822434317113
5189	17.57300562912796
5190	17.57118898953015
5191	17.569372871119285
5192	17.567557084354224
5193	17.565741856674435
5194	17.563926706302297
5195	17.56211193931702
5196	17.560297560461027
5197	17.55848430767442
5198	17.556671090311944
5199	17.554859538787454
5200	17.553048499743753
5201	17.551237782206886
5202	17.549427295357063
5203	17.547617473003964
5204	17.54580794560182
5205	17.54399979156891
5206	17.542191827134214
5207	17.540384300752816
5208	17.538577836799597
5209	17.53677196675387
5210	17.534966317879555
5211	17.53316086030463
5212	17.531356138579508
5213	17.5295531635331
5214	17.52775059087867
5215	17.52594901608064
5216	17.524148219969785
5217	17.522347778714312
5218	17.520547457987877
5219	17.518747945404805
5220	17.516948707377757
5221	17.515149759816715
5222	17.513351238761327
5223	17.51155325127307
5224	17.509755778091684
5225	17.50795905597583
5226	17.506162480590618
5227	17.504365965996918
5228	17.50256956802832
5229	17.500774134821373
5230	17.498979621988457
5231	17.49718697205298
5232	17.4953945729281
5233	17.493603123593555
5234	17.491811709359094
5235	17.490021003343408
5236	17.48823057475451
5237	17.486440791898808
5238	17.484651030162293
5239	17.482862107096693
5240	17.481073471993152
5241	17.479285486908164
5242	17.47749822102874
5243	17.47571109974813
5244	17.47392533943884
5245	17.472139821263056
5246	17.47035460569236
5247	17.468570852616384
5248	17.46678758759369
5249	17.465004894121293
5250	17.463222508423385
5251	17.461440863194625
5252	17.459659426768994
5253	17.457878248670223
5254	17.456097151936504
5255	17.454317218009656
5256	17.452537380361797
5257	17.45075757181532
5258	17.44897814917345
5259	17.447200816092444
5260	17.445423552139534
5261	17.44364806080665
5262	17.441872917878236
5263	17.440097793010178
5264	17.43832281545516
5265	17.43654886175583
5266	17.434775423763533
5267	17.43300269621547
5268	17.431230189859566
5269	17.42945833441078
5270	17.427686979053593
5271	17.425916143387244
5272	17.424145938325765
5273	17.42237579402436
5274	17.42060587023754
5275	17.418836566130754
5276	17.417067396537742
5277	17.415298964443302
5278	17.413530888631865
5279	17.411763466099778
5280	17.409996936841647
5281	17.408230539187013
5282	17.406464495306675
5283	17.404698718051083
5284	17.40293305982188
5285	17.401168393467195
5286	17.399404051331494
5287	17.397639865947603
5288	17.39587631378263
5289	17.39411285776147
5290	17.392350043775174
5291	17.39058745058345
5292	17.388825023742303
5293	17.387062773824965
5294	17.385300898777068
5295	17.383539284111357
5296	17.38177814013469
5297	17.380017306040216
5298	17.378257000170457
5299	17.37649673935449
5300	17.374737066350548
5301	17.372978043270546
5302	17.371220145794044
5303	17.369462912035807
5304	17.36770582808081
5305	17.36595166042703
5306	17.364197664383237
5307	17.36244404519214
5308	17.36069234425508
5309	17.35894126945792
5310	17.357190598773332
5311	17.355440020385334
5312	17.3536902536744
5313	17.35194077715019
5314	17.350191441054605
5315	17.348443181674188
5316	17.346695292413564
5317	17.3449481266417
5318	17.34320137697028
5319	17.341455531778543
5320	17.339710358445224
5321	17.337966192219948
5322	17.336222808866037
5323	17.334479812497776
5324	17.332737633485117
5325	17.330996577408055
5326	17.32925559692557
5327	17.327515372644427
5328	17.325775506307412
5329	17.32403580249711
5330	17.322296332929263
5331	17.320556965076495
5332	17.31881786550297
5333	17.317079803858842
5334	17.31534203910489
5335	17.313604316657507
5336	17.311866768234516
5337	17.31012983891565
5338	17.30839361375605
5339	17.30665821803227
5340	17.304923264950965
5341	17.30318838443157
5342	17.301453663405262
5343	17.299719397707953
5344	17.29798678737514
5345	17.29625496381852
5346	17.29452369835003
5347	17.292793401151407
5348	17.291063212513887
5349	17.289333295670424
5350	17.287603568708104
5351	17.285874194700654
5352	17.2841453977485
5353	17.28241683214307
5354	17.28068889592956
5355	17.27896151744917
5356	17.27723433828384
5357	17.275507406503213
5358	17.273781033593387
5359	17.272054890859053
5360	17.270329527194068
5361	17.26860454573957
5362	17.2668798397776
5363	17.265155223123113
5364	17.263430872399592
5365	17.26170716593777
5366	17.25998431883726
5367	17.258261906616262
5368	17.25653990546403
5369	17.254818767001865
5370	17.253097721313733
5371	17.2513771325807
5372	17.249657101271623
5373	17.24793722473823
5374	17.24621788531196
5375	17.24375347575863
5376	17.24145661430594
5377	17.239303358811018
5378	17.237274567833705
5379	17.235354720026344
5380	17.23353106985011
5381	17.231793032138196
5382	17.230074297728876
5383	17.22835567492708
5384	17.226637391260894
5385	17.224919225136475
5386	17.22320141028198
5387	17.221484120324327
5388	17.219766939194923
5389	17.218050212906604
5390	17.2163342391978
5391	17.214618899109553
5392	17.212904346599
5393	17.21119067320657
5394	17.20947800265478
5395	17.20776596668999
5396	17.20605545422474
5397	17.204345046544066
5398	17.2026360039803
5399	17.200927494911905
5400	17.19921983318908
5401	17.197512229616837
5402	17.195804898208856
5403	17.194097678222768
5404	17.192392097591522
5405	17.190687090235016
5406	17.1889824071806
5407	17.187277984706267
5408	17.185574071959177
5409	17.18387030810822
5410	17.182166800929217
5411	17.180463851240706
5412	17.178761218947272
5413	17.177059188012795
5414	17.175357186383835
5415	17.17365563674196
5416	17.17195475279045
5417	17.170254209872162
5418	17.168554226780454
5419	17.166854299417924
5420	17.165154572760073
5421	17.16345579857874
5422	17.161757277237612
5423	17.160058860566075
5424	17.15836193740031
5425	17.15666504458761
5426	17.154969285187306
5427	17.15327380063678
5428	17.151578766079773
5429	17.149884179669385
5430	17.14818993989708
5431	17.146495890139246
5432	17.144802020895
5433	17.14310891433857
5434	17.141415862797295
5435	17.139723471381675
5436	17.138031458623242
5437	17.136340051819115
5438	17.134648680438055
5439	17.13295755668544
5440	17.131267199467594
5441	17.129576910659864
5442	17.127886672426097
5443	17.12619653302974
5444	17.12450678340538
5445	17.122818167798528
5446	17.121129862318316
5447	17.119441852661506
5448	17.117754583972307
5449	17.116067947171917
5450	17.114383091821466
5451	17.112698455228493
5452	17.111014722249145
5453	17.109331704557
5454	17.10764931924966
5455	17.1059679843176
5456	17.104287517609432
5457	17.10260739153522
5458	17.100927762891306
5459	17.099249568890023
5460	17.09757200773205
5461	17.095894788045133
5462	17.094217768971244
5463	17.09254097788567
5464	17.090864389558668
5465	17.089189917852707
5466	17.08751545283848
5467	17.085841778508637
5468	17.084168167363316
5469	17.082494839405893
5470	17.08082244449693
5471	17.079150241207007
5472	17.077478452255885
5473	17.07580685688308
5474	17.074135275900513
5475	17.072464205817045
5476	17.07079355847825
5477	17.069124178656427
5478	17.067454990368667
5479	17.065786761891008
5480	17.064118651283284
5481	17.062450683320282
5482	17.060784249680086
5483	17.059118217766468
5484	17.057452568807456
5485	17.05578692097946
5486	17.054121795004566
5487	17.052456885680343
5488	17.05079249696103
5489	17.049128309428163
5490	17.04746415585224
5491	17.045800448544057
5492	17.0441375055385
5493	17.042475105343108
5494	17.04081322693391
5495	17.039151636449198
5496	17.037491060879855
5497	17.035831443023202
5498	17.034172057425707
5499	17.03251351327929
5500	17.030855371659218
5501	17.02919732843966
5502	17.02753981337656
5503	17.025882742630117
5504	17.024226386960052
5505	17.022570261850984
5506	17.020914203379892
5507	17.019258371009524
5508	17.017602763418694
5509	17.01594771130532
5510	17.014293147651912
5511	17.012639209176783
5512	17.010985810770954
5513	17.009333112555996
5514	17.007680548847347
5515	17.006028530599217
5516	17.004376532078357
5517	17.00272474168982
5518	17.001073933579615
5519	16.999423771061636
5520	16.997773683174177
5521	16.996124196123883
5522	16.994474755373663
5523	16.99282550707753
5524	16.991176432608388
5525	16.989527681504473
5526	16.98787948977775
5527	16.986232799734374
5528	16.98458771649513
5529	16.98294269649921
5530	16.981298521000088
5531	16.979654558287745
5532	16.978011041401267
5533	16.976368060555483
5534	16.97472532246335
5535	16.97308287340023
5536	16.971440817326226
5537	16.969798771239187
5538	16.968158166385408
5539	16.966517724369076
5540	16.96487835060732
5541	16.96323970430386
5542	16.9616013572379
5543	16.95996352770461
5544	16.95832597414513
5545	16.9566887349919
5546	16.955052339104085
5547	16.953416301685987
5548	16.951780391055348
5549	16.95014449677021
5550	16.948508652451164
5551	16.94687488617713
5552	16.945241287159625
5553	16.94360786880193
5554	16.941974866915395
5555	16.94034197258272
5556	16.9387102088049
5557	16.937079496232464
5558	16.935448853771334
5559	16.933818391694512
5560	16.932188112595398
5561	16.930558262085018
5562	16.928928653250725
5563	16.927299171769892
5564	16.92566984152293
5565	16.924040584747264
5566	16.922411988437222
5567	16.920783507176058
5568	16.919155753598456
5569	16.91752845994831
5570	16.915901710100194
5571	16.914275405603536
5572	16.9126494536908
5573	16.91102354366593
5574	16.90939803077358
5575	16.907772694459574
5576	16.906147807212257
5577	16.904523048797387
5578	16.902898801470226
5579	16.90127473228021
5580	16.899651025395382
5581	16.89802778345975
5582	16.89640468165461
5583	16.894781856199415
5584	16.893159286852825
5585	16.891536933837852
5586	16.88991531226872
5587	16.88829397906433
5588	16.88667301932795
5589	16.885052478527967
5590	16.883432041029277
5591	16.881813391598264
5592	16.88019525086832
5593	16.878577191734653
5594	16.876959597101553
5595	16.875342230434285
5596	16.873725661958222
5597	16.872109109867303
5598	16.87049320518803
5599	16.86887804890773
5600	16.867263927261526
5601	16.86564993132888
5602	16.86403652161246
5603	16.862423593969286
5604	16.86081168940459
5605	16.85920017653501
5606	16.857588711644063
5607	16.85597738112318
5608	16.854366964166896
5609	16.852756846604777
5610	16.85114707894805
5611	16.849537637534766
5612	16.847928257139976
5613	16.846319027491386
5614	16.844710111854667
5615	16.843101622243466
5616	16.841493745407455
5617	16.839887275867653
5618	16.838281408978197
5619	16.836675835436036
5620	16.83507075928117
5621	16.83346599551219
5622	16.83186202289892
5623	16.830258402321647
5624	16.828654942198742
5625	16.82705250890048
5626	16.825450205263163
5627	16.823848538012385
5628	16.822247239745952
5629	16.82064609969178
5630	16.819046152749376
5631	16.81744649511817
5632	16.815847280699966
5633	16.814248568439872
5634	16.8126512034211
5635	16.811054364387637
5636	16.80945767770915
5637	16.807861594163985
5638	16.80626581362133
5639	16.804670175815385
5640	16.803074953479545
5641	16.801479999854628
5642	16.799885503705024
5643	16.798291610817877
5644	16.79669866536279
5645	16.79510671627
5646	16.793514942558602
5647	16.7919236863385
5648	16.790332814591235
5649	16.788742644793807
5650	16.787152732093247
5651	16.78556288815868
5652	16.783973355382333
5653	16.782385180479398
5654	16.780797267209675
5655	16.77920969517274
5656	16.777622238340516
5657	16.776035371870208
5658	16.774448962370442
5659	16.772863148917143
5660	16.771278248295896
5661	16.769693572300813
5662	16.768109334200435
5663	16.766525577234532
5664	16.7649419052557
5665	16.763358257412698
5666	16.761775253033818
5667	16.760193029684576
5668	16.75861134658116
5669	16.75703013555705
5670	16.755448956468737
5671	16.753868284258722
5672	16.752288397632718
5673	16.75070954704629
5674	16.749130759040174
5675	16.747552147054314
5676	16.745974177498947
5677	16.744396230870482
5678	16.742818448443522
5679	16.741241005744484
5680	16.739663667531982
5681	16.73808668903886
5682	16.736510184116007
5683	16.734934403842995
5684	16.73336006761247
5685	16.73178614582937
5686	16.730212658202056
5687	16.728639459958668
5688	16.72706708873318
5689	16.72549503689756
5690	16.723923631969292
5691	16.722352475195944
5692	16.720781607999076
5693	16.719210759864936
5694	16.717640698582777
5695	16.716070695357928
5696	16.714501490731315
5697	16.71293270702988
5698	16.711364114315135
5699	16.709796305323636
5700	16.708228730544064
5701	16.706661341246843
5702	16.705094005969183
5703	16.70352695356793
5704	16.701961771946014
5705	16.70039677804105
5706	16.69883275228593
5707	16.69726925843093
5708	16.69570591099389
5709	16.694142575739875
5710	16.692579622920757
5711	16.691017405082867
5712	16.689455476475622
5713	16.68789357333463
5714	16.686332240834574
5715	16.68477114792878
5716	16.683210243672384
5717	16.681649379712656
5718	16.680089293444894
5719	16.678529498026734
5720	16.676969710694046
5721	16.67541017694893
5722	16.67385076020987
5723	16.672291827646127
5724	16.670733435748872
5725	16.66917564631676
5726	16.6676183238796
5727	16.666061305044582
5728	16.664504450334956
5729	16.662947902538942
5730	16.661391420707652
5731	16.65983692902263
5732	16.658283192987785
5733	16.656729625512444
5734	16.655176106042354
5735	16.65362343493596
5736	16.65207110648397
5737	16.650519901838997
5738	16.648968743046325
5739	16.64741837152023
5740	16.64586841642797
5741	16.64431856626967
5742	16.64276939901492
5743	16.6412203444442
5744	16.639671504956155
5745	16.63812354135106
5746	16.636575924744655
5747	16.63502886094344
5748	16.63348191702258
5749	16.631935000697577
5750	16.630388498261198
5751	16.628842034242247
5752	16.62729559510948
5753	16.625749928667144
5754	16.624205013326467
5755	16.622660561083926
5756	16.621116526581982
5757	16.619572941363472
5758	16.618029441192327
5759	16.6164862788679
5760	16.61494317252273
5761	16.61340085959238
5762	16.61185868251336
5763	16.610316990526165
5764	16.608776557715156
5765	16.607236873777378
5766	16.605697559005478
5767	16.604158593512835
5768	16.602619736580507
5769	16.601081415557672
5770	16.599543788903027
5771	16.59800636982453
5772	16.5964694761636
5773	16.594933829325267
5774	16.59339842622247
5775	16.59186305858803
5776	16.590327694660647
5777	16.58879306713585
5778	16.587258449511488
5779	16.58572470613653
5780	16.58419134010662
5781	16.582658164983883
5782	16.58112559423397
5783	16.579593430059393
5784	16.578061621642103
5785	16.5765302512625
5786	16.574998942261782
5787	16.573468045728962
5788	16.571937217809747
5789	16.570406668906504
5790	16.56887681393902
5791	16.56734700110157
5792	16.56581879751519
5793	16.564290653313936
5794	16.562763055604528
5795	16.5612359021455
5796	16.55970915115252
5797	16.558183084714383
5798	16.556657255205266
5799	16.55513170205746
5800	16.553606337818607
5801	16.552081424306216
5802	16.550556931602017
5803	16.54903343791305
5804	16.5475102637474
5805	16.545987185065744
5806	16.544464501216282
5807	16.542942095842683
5808	16.541419957756027
5809	16.539898410639395
5810	16.538377430841372
5811	16.536856509851045
5812	16.535335672635146
5813	16.533815078093703
5814	16.532294537254657
5815	16.530774901869155
5816	16.52925537596113
5817	16.527736530760837
5818	16.526218718486344
5819	16.52470131471982
5820	16.523184080504624
5821	16.521667404528962
5822	16.520152001202195
5823	16.518636644965166
5824	16.517121999219235
5825	16.51560736574468
5826	16.514092811971295
5827	16.512578343495996
5828	16.511064407166867
5829	16.509551300650926
5830	16.508039069509557
5831	16.506526918452938
5832	16.505015244453862
5833	16.50350384681394
5834	16.501992716522587
5835	16.5004819745449
5836	16.49897250404593
5837	16.49746347688074
5838	16.49595468600331
5839	16.494446249843413
5840	16.4929381447441
5841	16.491430184596407
5842	16.489922682736648
5843	16.488415374174526
5844	16.486908421822275
5845	16.48540176835159
5846	16.483895203140424
5847	16.482388782614837
5848	16.480882691637007
5849	16.479377138296805
5850	16.477871854768956
5851	16.47636677163304
5852	16.474862380780387
5853	16.473358606615303
5854	16.47185501204049
5855	16.470351684548625
5856	16.46884837309447
5857	16.46734506562475
5858	16.465842180407307
5859	16.464339948130437
5860	16.462838494303025
5861	16.46133779761076
5862	16.459837161933194
5863	16.45833659143401
5864	16.4568367761855
5865	16.455337146878456
5866	16.45383842759688
5867	16.45234009309435
5868	16.45084216781399
5869	16.449344522812705
5870	16.447847214112556
5871	16.446350211030456
5872	16.444853697348186
5873	16.443357587366467
5874	16.441861670835316
5875	16.440366354970124
5876	16.438871046346414
5877	16.43737586828753
5878	16.43588078719591
5879	16.434385780240525
5880	16.432890863289867
5881	16.43139642547477
5882	16.42990212845234
5883	16.428408058531687
5884	16.426914315416006
5885	16.425420776133585
5886	16.423927590958236
5887	16.422435046189104
5888	16.42094252271622
5889	16.419450808726662
5890	16.417959540331726
5891	16.416468651458512
5892	16.41497806496831
5893	16.41348779900877
5894	16.411997759423816
5895	16.41050782730302
5896	16.409018103121817
5897	16.407529152128507
5898	16.406040811507395
5899	16.40455263649295
5900	16.403064471402914
5901	16.401577040811798
5902	16.4000907811049
5903	16.3986046268118
5904	16.397119635004263
5905	16.395634838835452
5906	16.394150801961395
5907	16.392666806126723
5908	16.391183227626467
5909	16.389699908606087
5910	16.388216630972163
5911	16.38673421887143
5912	16.385251814865633
5913	16.383769437854422
5914	16.382287912509206
5915	16.380806868929973
5916	16.379326823841183
5917	16.37784734950054
5918	16.37636836058743
5919	16.37489070139367
5920	16.3734132897868
5921	16.371936117882015
5922	16.3704594365762
5923	16.3689828408422
5924	16.36750630037242
5925	16.366030014963382
5926	16.36455403303868
5927	16.363078241332804
5928	16.361602895587072
5929	16.360127966509168
5930	16.35865350179281
5931	16.357179214475003
5932	16.35570533329842
5933	16.3542315946038
5934	16.352758366820332
5935	16.351285408747255
5936	16.34981340287387
5937	16.348341818536845
5938	16.34687049071284
5939	16.34539918162615
5940	16.343928132914836
5941	16.342457159608838
5942	16.340987563086436
5943	16.339518575659735
5944	16.338049681320275
5945	16.33658156757845
5946	16.335113511092814
5947	16.333645496407758
5948	16.332177609246664
5949	16.33071015354224
5950	16.329242901265825
5951	16.327776437122903
5952	16.326310292169353
5953	16.324844189940883
5954	16.323378643563355
5955	16.32191324857809
5956	16.320448396208306
5957	16.318983977501524
5958	16.31751959245801
5959	16.31605553540881
5960	16.314592226907696
5961	16.313129194442404
5962	16.311666523137855
5963	16.310204014067658
5964	16.308742934036143
5965	16.307282194439683
5966	16.305821949337894
5967	16.30436257114386
5968	16.302903593785167
5969	16.30144486714944
5970	16.299986311137566
5971	16.29852793337097
5972	16.297069773570353
5973	16.295611832058363
5974	16.294154153349794
5975	16.29269703180609
5976	16.291240237739416
5977	16.289783569948195
5978	16.288327640778352
5979	16.28687203404216
5980	16.2854166904872
5981	16.283961570854153
5982	16.282507119057342
5983	16.28105278748738
5984	16.2795989556984
5985	16.278145343127054
5986	16.27669217633563
5987	16.275239109007657
5988	16.273786404836837
5989	16.27233513337663
5990	16.27088423695585
5991	16.269433477265604
5992	16.267983422025683
5993	16.266533801469024
5994	16.265084339968745
5995	16.26363588733158
5996	16.26218801677617
5997	16.26074031013433
5998	16.25929316003713
5999	16.257846288794717
6000	16.25639956676798
6001	16.25495295322934
6002	16.253506804874593
6003	16.25206139623436
6004	16.250616661346925
6005	16.24917257210242
6006	16.247728725264544
6007	16.24628495838917
6008	16.24484159620503
6009	16.243398249297947
6010	16.241955566560044
6011	16.240513292515054
6012	16.239071147968083
6013	16.237629054858033
6014	16.23618708352245
6015	16.23474543770716
6016	16.233304467220062
6017	16.231863557394885
6018	16.23042266279412
6019	16.22898221183287
6020	16.227541792853184
6021	16.22610153440817
6022	16.22466182361779
6023	16.22322220297256
6024	16.221782676141643
6025	16.22034374498412
6026	16.218904964382443
6027	16.21746705124184
6028	16.216029959002935
6029	16.214593624696292
6030	16.213157321345175
6031	16.211721139676044
6032	16.21028572350246
6033	16.208850855385702
6034	16.207416349876755
6035	16.205982125527743
6036	16.204548335401224
6037	16.20311500929459
6038	16.201682074675496
6039	16.200250418785274
6040	16.198818923225257
6041	16.197387663400903
6042	16.195956699364295
6043	16.194525908604803
6044	16.193095222155264
6045	16.191664854628254
6046	16.190234826631468
6047	16.18880561175227
6048	16.18737690276108
6049	16.185948446233066
6050	16.184520167154474
6051	16.183092241949932
6052	16.18166445123181
6053	16.180236960345916
6054	16.178810081569118
6055	16.177383253695716
6056	16.175956649432546
6057	16.174530372202234
6058	16.173104232935238
6059	16.171678826333526
6060	16.17025369409857
6061	16.16882931003401
6062	16.167405632269187
6063	16.165982159535453
6064	16.16455881577908
6065	16.16313602841491
6066	16.161713354653358
6067	16.160290903583626
6068	16.1588685116583
6069	16.15744666372083
6070	16.156025265382127
6071	16.15460390398096
6072	16.153183019347978
6073	16.1517626236908
6074	16.150342282492282
6075	16.148922572341636
6076	16.147503046717635
6077	16.14608448195152
6078	16.144665979062776
6079	16.14324764832358
6080	16.141829751688952
6081	16.14041261385067
6082	16.13899609771695
6083	16.137579763443124
6084	16.136163509097198
6085	16.134747445969673
6086	16.133331397624147
6087	16.131915685456644
6088	16.130500276649876
6089	16.129085014391016
6090	16.12767010620863
6091	16.126255710101574
6092	16.124841758736594
6093	16.123428821432917
6094	16.12201603266052
6095	16.120604145444414
6096	16.119192373852037
6097	16.11778136813123
6098	16.116370534097673
6099	16.114960093011668
6100	16.1135505268034
6101	16.112141016906925
6102	16.11073177968306
6103	16.109322956340147
6104	16.1079146591602
6105	16.106506517427288
6106	16.105098550927853
6107	16.103690952159116
6108	16.102283648281553
6109	16.1008767424221
6110	16.09946993034676
6111	16.098063872406925
6112	16.096658476620565
6113	16.095253706452674
6114	16.09384962633827
6115	16.092445608547905
6116	16.091042154911193
6117	16.089639025168438
6118	16.088236293451438
6119	16.086833934815466
6120	16.08543170308839
6121	16.08402983455803
6122	16.0826280977269
6123	16.08122641074076
6124	16.079825184837357
6125	16.07842420433325
6126	16.0770238266644
6127	16.075623547125176
6128	16.07422344715649
6129	16.07282385669813
6130	16.071424364200734
6131	16.070024955922136
6132	16.068626071780322
6133	16.06722793442983
6134	16.065830005027927
6135	16.064432119634088
6136	16.063034636841515
6137	16.06163723643317
6138	16.060240396262447
6139	16.05884400271674
6140	16.057448061765488
6141	16.056052313531726
6142	16.05465682082859
6143	16.05326152803458
6144	16.05186639452863
6145	16.05047214833641
6146	16.04907814809899
6147	16.047684575076868
6148	16.046291256921467
6149	16.044898793511333
6150	16.04350639290034
6151	16.042114397466857
6152	16.04072273463377
6153	16.03933133333733
6154	16.037940000815706
6155	16.036548777616314
6156	16.035157908813982
6157	16.03376741524671
6158	16.03237704586312
6159	16.03098721689437
6160	16.02959747556282
6161	16.028208106967252
6162	16.026819750268967
6163	16.025432000096988
6164	16.024044260656567
6165	16.022656782913053
6166	16.021269618349923
6167	16.01988280094327
6168	16.018496222070294
6169	16.017109824178608
6170	16.01572356528845
6171	16.01433798069182
6172	16.01295327507184
6173	16.011568588496885
6174	16.01018430803926
6175	16.008800391831112
6176	16.00741703530777
6177	16.006034979474606
6178	16.004652992171284
6179	16.003271576815848
6180	16.001890478751534
6181	16.000509899624156
6182	15.999129450091912
6183	15.997749194394608
6184	15.996369839613486
6185	15.9949907236414
6186	15.99361164150681
6187	15.992232770146526
6188	15.990854233511536
6189	15.989476325329372
6190	15.98809855266171
6191	15.986720879846878
6192	15.985343726841153
6193	15.983966712649028
6194	15.98259016440773
6195	15.981214383292361
6196	15.979839309737065
6197	15.978464629816479
6198	15.977090482674022
6199	15.975716748823253
6200	15.974343223008981
6201	15.972970505694892
6202	15.971597930041089
6203	15.970225566734
6204	15.968853265270093
6205	15.967481262335683
6206	15.96610949336529
6207	15.964737903289766
6208	15.963366512388577
6209	15.961995233248345
6210	15.960624358300802
6211	15.959254353215819
6212	15.957884454319196
6213	15.956514679705455
6214	15.95514500661113
6215	15.953775648324616
6216	15.952406464885456
6217	15.951037363435358
6218	15.94966940791167
6219	15.948302152337623
6220	15.94693505606445
6221	15.945568176023603
6222	15.94420165341942
6223	15.942835506257143
6224	15.941469612277805
6225	15.940104289805415
6226	15.938739229481127
6227	15.937374579211616
6228	15.93601035849317
6229	15.93464747217976
6230	15.933284635547412
6231	15.931922068428285
6232	15.9305599659828
6233	15.929198052619983
6234	15.92783626805572
6235	15.926475206333258
6236	15.925114297877231
6237	15.923753757785523
6238	15.922393550316785
6239	15.921034050163932
6240	15.919674757236585
6241	15.918315959318685
6242	15.91695727948341
6243	15.915598929012935
6244	15.914240706390997
6245	15.91288302292005
6246	15.911525553612286
6247	15.910168735775038
6248	15.908812418526017
6249	15.907456220627383
6250	15.90610012418147
6251	15.904744124929005
6252	15.90338845567039
6253	15.902032946103843
6254	15.900677959508391
6255	15.899322992759142
6256	15.897968244537996
6257	15.896613686139862
6258	15.895260158615914
6259	15.893906662619509
6260	15.89255374191584
6261	15.891201584297312
6262	15.88984965285073
6263	15.888498332672569
6264	15.887147367202632
6265	15.885796617093318
6266	15.88444633393139
6267	15.883096378337349
6268	15.881747059506484
6269	15.880397740946169
6270	15.879048751574349
6271	15.877700539631762
6272	15.87635248904268
6273	15.875004456497722
6274	15.873656561615029
6275	15.872309068687768
6276	15.87096187017305
6277	15.869614855690676
6278	15.868268223299964
6279	15.866921815154162
6280	15.865575985825494
6281	15.864230372230622
6282	15.862885453193293
6283	15.861540761690405
6284	15.86019614050302
6285	15.858852034558147
6286	15.85750845054169
6287	15.856165196173407
6288	15.854822461209427
6289	15.853480306512989
6290	15.8521385869652
6291	15.850797055431643
6292	15.849455625208359
6293	15.848114431071949
6294	15.846773270020247
6295	15.845432179669626
6296	15.844091341235105
6297	15.842750798438491
6298	15.841410268956
6299	15.84006979924852
6300	15.838730183170213
6301	15.837390989094333
6302	15.836051866065093
6303	15.834713512812678
6304	15.833375527916012
6305	15.832037563522901
6306	15.830699884018056
6307	15.82936278011695
6308	15.828025746580298
6309	15.826689596722057
6310	15.825353514167325
6311	15.82401754879716
6312	15.82268190324338
6313	15.821346310262815
6314	15.82001136579355
6315	15.818676903992197
6316	15.817342472126555
6317	15.816008522377578
6318	15.814674982449116
6319	15.813341479586756
6320	15.812008237336471
6321	15.810675740882719
6322	15.80934384013758
6323	15.80801198403366
6324	15.80668060892572
6325	15.805349707886693
6326	15.804018840464353
6327	15.802688534803064
6328	15.801358400074413
6329	15.800028650327917
6330	15.798699212469758
6331	15.797369851242317
6332	15.79604076446243
6333	15.794712227313218
6334	15.793383898514879
6335	15.792056614395534
6336	15.790729621145504
6337	15.789402840532684
6338	15.788076107731664
6339	15.786749632945488
6340	15.785423831550426
6341	15.78409815432423
6342	15.782772876143394
6343	15.781447803540102
6344	15.780122817220324
6345	15.778798048001248
6346	15.777473610019674
6347	15.776149588707952
6348	15.77482575093699
6349	15.77350226258677
6350	15.772178790590985
6351	15.770855339725053
6352	15.769531950271002
6353	15.768208683737303
6354	15.766885642669918
6355	15.765562680791977
6356	15.764240201796643
6357	15.762917967478586
6358	15.761596129173618
6359	15.760274513840127
6360	15.758953574514155
6361	15.757632821561744
6362	15.756312216173232
6363	15.75499171190253
6364	15.753672153633879
6365	15.752352930305378
6366	15.75103407211159
6367	15.749715823789304
6368	15.74839781156592
6369	15.747079991654445
6370	15.74576295455756
6371	15.744446478955053
6372	15.743130094490859
6373	15.741814399191494
6374	15.740498944561471
6375	15.739183834689971
6376	15.737869011275691
6377	15.736554448977154
6378	15.735239956046692
6379	15.733925827517577
6380	15.73261184407172
6381	15.731298118319753
6382	15.72998523212838
6383	15.728672387661613
6384	15.727359691185288
6385	15.726047600409995
6386	15.724736236050807
6387	15.723425251144354
6388	15.722114295108552
6389	15.720803457172478
6390	15.719492797353553
6391	15.71818240330292
6392	15.716872133365822
6393	15.715562378856802
6394	15.714253016424152
6395	15.712944370649447
6396	15.711635828158943
6397	15.710327477585087
6398	15.709019539980549
6399	15.707711673187006
6400	15.706403922225473
6401	15.705096627915392
6402	15.703789342392989
6403	15.702483006787086
6404	15.701176696106227
6405	15.699870785878256
6406	15.698565206987507
6407	15.697259742011193
6408	15.695954524637806
6409	15.694649499645605
6410	15.693344741660848
6411	15.692040612848112
6412	15.690736759089926
6413	15.689432983741407
6414	15.688130110350807
6415	15.68682742770564
6416	15.685524838277141
6417	15.684222623136314
6418	15.6829205411263
6419	15.681618517760148
6420	15.680316830495915
6421	15.67901520268633
6422	15.677713824889498
6423	15.676412709704968
6424	15.675112091043635
6425	15.673811497041461
6426	15.672511132426957
6427	15.67121133042237
6428	15.669911540084088
6429	15.668611936518289
6430	15.667312399503732
6431	15.666013664581001
6432	15.664715526918815
6433	15.66341771779522
6434	15.662120098853258
6435	15.660822891121418
6436	15.659526314630638
6437	15.658229999635981
6438	15.656933846955734
6439	15.655638212892432
6440	15.65434337283041
6441	15.653048915531418
6442	15.651754795760182
6443	15.650460764681345
6444	15.649168321518605
6445	15.647875889179751
6446	15.646583621736639
6447	15.645291431057633
6448	15.643999678766457
6449	15.642708392349885
6450	15.641417382567186
6451	15.640126454955846
6452	15.638835627470186
6453	15.637545091503338
6454	15.63625476938097
6455	15.634964693150867
6456	15.63367489588835
6457	15.632385290318867
6458	15.631096084515717
6459	15.629807310603368
6460	15.628518577964774
6461	15.627230039500276
6462	15.625941673577469
6463	15.624653941841283
6464	15.623366321101164
6465	15.622078760625527
6466	15.620791447457194
6467	15.619504201690688
6468	15.618217434092347
6469	15.616931091309958
6470	15.615644850612062
6471	15.614358813916827
6472	15.613073142799115
6473	15.611787779941631
6474	15.610502451841828
6475	15.609217715491756
6476	15.607933869886601
6477	15.606650153954554
6478	15.605366451357662
6479	15.604082817492436
6480	15.602799638861018
6481	15.601516920330887
6482	15.600234414909462
6483	15.59895210203259
6484	15.59766980717827
6485	15.596387739073629
6486	15.59510589112787
6487	15.593824295377154
6488	15.592543529126337
6489	15.591262845546158
6490	15.58998250562907
6491	15.588702515859381
6492	15.587422728539769
6493	15.586143656898924
6494	15.584864603861783
6495	15.583585552937002
6496	15.582306905687279
6497	15.581028709984155
6498	15.57975176086128
6499	15.578475367417068
6500	15.577199103306883
6501	15.575922912576104
6502	15.574646954613735
6503	15.573371462900372
6504	15.572096674861433
6505	15.570822245195803
6506	15.569548115913292
6507	15.568274055255184
6508	15.56700026455211
6509	15.565726505600392
6510	15.56445311158009
6511	15.56317994069111
6512	15.561906945767031
6513	15.560634424589477
6514	15.559362697740006
6515	15.558091431969297
6516	15.556820811032164
6517	15.555550216598704
6518	15.554279812159033
6519	15.553009435463666
6520	15.551739367460401
6521	15.55046931644227
6522	15.54919957327256
6523	15.547930007498314
6524	15.546660756632786
6525	15.545391741419488
6526	15.544123053543567
6527	15.542854458735079
6528	15.541585882059016
6529	15.540317546869149
6530	15.539049305177068
6531	15.537782034817896
6532	15.536515125387242
6533	15.535248271764553
6534	15.533981555450945
6535	15.532715424086474
6536	15.53144959143499
6537	15.530183930012214
6538	15.528918313709038
6539	15.527653135421161
6540	15.526388591177234
6541	15.525124221106598
6542	15.523860449107941
6543	15.52259679735164
6544	15.52133396414268
6545	15.520071565598402
6546	15.518809183501652
6547	15.517547009193278
6548	15.516285142386604
6549	15.515023547608516
6550	15.513762952922267
6551	15.512502482988452
6552	15.511242029505015
6553	15.509981726724597
6554	15.508721549333812
6555	15.507461578296233
6556	15.50620208191979
6557	15.50494306678661
6558	15.503684073971025
6559	15.50242526186872
6560	15.501166451802026
6561	15.499908119957846
6562	15.498650131691072
6563	15.497392358144122
6564	15.496134967363218
6565	15.494877955243647
6566	15.493621230437054
6567	15.492364594714882
6568	15.491108231925775
6569	15.489852374100698
6570	15.488596830704791
6571	15.4873414055724
6572	15.4860864294685
6573	15.484832077837323
6574	15.483578021865705
6575	15.4823241703013
6576	15.481070593923757
6577	15.479817436466744
6578	15.478564298744795
6579	15.477312093444292
6580	15.476060113558368
6581	15.474808154685206
6582	15.47355625063084
6583	15.472304574499336
6584	15.471053587363757
6585	15.469802745081441
6586	15.46855258725563
6587	15.467302746479309
6588	15.466052996702158
6589	15.464803385310947
6590	15.463553966908531
6591	15.4623050901397
6592	15.46105628397826
6593	15.459807764611849
6594	15.458559456420417
6595	15.457311296045084
6596	15.456063510228237
6597	15.45481626678734
6598	15.453569227894382
6599	15.452322713270798
6600	15.451076490217417
6601	15.449830563721894
6602	15.448585034740764
6603	15.44733990404021
6604	15.446095235130842
6605	15.444850778876882
6606	15.443606835815553
6607	15.442363248976488
6608	15.441120690695609
6609	15.43987829303295
6610	15.438635974314428
6611	15.437393979861643
6612	15.436152346141533
6613	15.434911040280971
6614	15.433669786703293
6615	15.432429254371911
6616	15.431188963596227
6617	15.429948832622552
6618	15.428708907058914
6619	15.427469519390092
6620	15.42623042441449
6621	15.424991468986015
6622	15.42375285502796
6623	15.422514380714134
6624	15.421276062088669
6625	15.420038152458778
6626	15.41880033884601
6627	15.41756271359463
6628	15.416325150254588
6629	15.415087996110799
6630	15.413850912132354
6631	15.412614057107161
6632	15.41137739466264
6633	15.41014150833564
6634	15.408905670533429
6635	15.407670258401554
6636	15.40643501662484
6637	15.405200278257746
6638	15.40396555104622
6639	15.40273101231146
6640	15.401496475057703
6641	15.400261955567288
6642	15.39902792397283
6643	15.39779396540661
6644	15.396560203940412
6645	15.395326760311491
6646	15.394093562525322
6647	15.39286141245277
6648	15.39162945737384
6649	15.390397919463954
6650	15.389166447385191
6651	15.387935483760806
6652	15.386704695848891
6653	15.385474126683613
6654	15.384244154899138
6655	15.383014361989575
6656	15.381784686545052
6657	15.380555103481306
6658	15.379325964891319
6659	15.378097180133992
6660	15.376868550292983
6661	15.375639996009227
6662	15.374411919654886
6663	15.373184220849732
6664	15.371956528798156
6665	15.370728843722983
6666	15.369501356617235
6667	15.36827402727753
6668	15.367047789491728
6669	15.365821899381096
6670	15.364596365317045
6671	15.363371539770805
6672	15.362146721478013
6673	15.360922275596907
6674	15.359697905274938
6675	15.358473672701232
6676	15.357250101240075
6677	15.356026668190157
6678	15.35480325128961
6679	15.353580271515375
6680	15.352357713711724
6681	15.351135391145084
6682	15.349913527207425
6683	15.34869230785699
6684	15.347471095111466
6685	15.346250064552217
6686	15.345029427620327
6687	15.343809114232824
6688	15.342589256207127
6689	15.341370033022496
6690	15.340150889235664
6691	15.33893179133766
6692	15.337712932352643
6693	15.336494076729435
6694	15.335275746326715
6695	15.334057624376786
6696	15.332839596778795
6697	15.331621719385023
6698	15.330403949273487
6699	15.329186743975399
6700	15.3279695916043
6701	15.326752482128748
6702	15.325535543142697
6703	15.324318891180685
6704	15.323102942710754
6705	15.321887505680653
6706	15.320673152550734
6707	15.31945892512489
6708	15.31824485701356
6709	15.317030939216833
6710	15.31581709618726
6711	15.314603315300197
6712	15.31339003584112
6713	15.312176764859522
6714	15.310963929000087
6715	15.309751158396132
6716	15.30853923000477
6717	15.307327392865965
6718	15.306115647956082
6719	15.30490421970228
6720	15.303693095733761
6721	15.302481977537322
6722	15.301271035610155
6723	15.300060627348456
6724	15.29885064517568
6725	15.297641058053419
6726	15.296431957599063
6727	15.295222950081083
6728	15.29401414269521
6729	15.29280570782223
6730	15.291598067923985
6731	15.290390459435786
6732	15.289183116873305
6733	15.287976132294126
6734	15.286769285693323
6735	15.285562977438385
6736	15.28435672051425
6737	15.283150776660126
6738	15.281945180396189
6739	15.280739762187233
6740	15.279534864629921
6741	15.278330079831495
6742	15.277125376937967
6743	15.27592094154453
6744	15.274716953337865
6745	15.273513535133699
6746	15.272310141794458
6747	15.271107349470135
6748	15.269904608152771
6749	15.2687022768199
6750	15.267500098248089
6751	15.2662979823634
6752	15.265096137337627
6753	15.263894355512262
6754	15.262692942475816
6755	15.261492121333148
6756	15.260291599032282
6757	15.259091155139517
6758	15.25789101626613
6759	15.256690979635783
6760	15.255491155589297
6761	15.254291445903219
6762	15.253091779284306
6763	15.251892798262782
6764	15.25069424165529
6765	15.249495979007131
6766	15.248297766860501
6767	15.247099575007223
6768	15.245901839061116
6769	15.244704209734172
6770	15.243506606732424
6771	15.242309629019635
6772	15.241112766747204
6773	15.23991650040243
6774	15.238720744447955
6775	15.237525076506044
6776	15.236329687036063
6777	15.235134301587436
6778	15.233939354734323
6779	15.232744716360736
6780	15.231550124823457
6781	15.230355846747946
6782	15.229161737064782
6783	15.227967799094605
6784	15.226774079715199
6785	15.225580589438012
6786	15.224387178323695
6787	15.223193847882238
6788	15.222001522077989
6789	15.22080930911561
6790	15.219617521103526
6791	15.218425904919243
6792	15.217234338013778
6793	15.216043128584602
6794	15.214851928357767
6795	15.21366161587319
6796	15.21247165037584
6797	15.211281743718743
6798	15.210092479814639
6799	15.20890347789054
6800	15.207714700108614
6801	15.206526003784347
6802	15.20533756936475
6803	15.204149380556009
6804	15.202961243572643
6805	15.201773190634361
6806	15.200585388375952
6807	15.199397839342442
6808	15.198210293368762
6809	15.197023114538904
6810	15.195836105981826
6811	15.19464931799591
6812	15.193462691569259
6813	15.192276420618246
6814	15.191090165007541
6815	15.189903947106085
6816	15.188718311068346
6817	15.187532933840673
6818	15.186347667904096
6819	15.185162414407738
6820	15.183977255467342
6821	15.182792334248289
6822	15.181607702274704
6823	15.180423227007664
6824	15.179239318227568
6825	15.178055816787177
6826	15.176872641843342
6827	15.175689519438656
6828	15.17450656999959
6829	15.17332415993786
6830	15.17214233938771
6831	15.170960890615147
6832	15.169779503930615
6833	15.168598200774328
6834	15.167417364955252
6835	15.16623659929203
6836	15.165055892992006
6837	15.163876187162316
6838	15.16269684225785
6839	15.161517583659032
6840	15.160338569943812
6841	15.159159766949971
6842	15.157981189126428
6843	15.156802992338777
6844	15.155624944301474
6845	15.154446946208365
6846	15.153269024332738
6847	15.152092350490426
6848	15.150916281448525
6849	15.149740552618919
6850	15.148564857129589
6851	15.147389204907437
6852	15.146214139451224
6853	15.14503910037447
6854	15.14386435969501
6855	15.14269009371151
6856	15.141516124871053
6857	15.140343195452918
6858	15.139170368188129
6859	15.137997839258484
6860	15.136825547242678
6861	15.13565330209502
6862	15.134481292250653
6863	15.13330948614463
6864	15.132138188998304
6865	15.130967035471043
6866	15.129795975936087
6867	15.128625034613563
6868	15.127454190426715
6869	15.126283469862098
6870	15.125112890129886
6871	15.123942820549388
6872	15.122773347245898
6873	15.121604175119685
6874	15.120435164975143
6875	15.119267040239809
6876	15.118099308084133
6877	15.116931799656255
6878	15.115764430360365
6879	15.114597201033638
6880	15.11343001492408
6881	15.112263056624284
6882	15.111096160813666
6883	15.109929588250216
6884	15.10876325990589
6885	15.10759745359425
6886	15.106431653560694
6887	15.105266157614588
6888	15.104100729750588
6889	15.102935352644707
6890	15.101770209959044
6891	15.100605548919258
6892	15.099441396625341
6893	15.098277379873865
6894	15.097113530874013
6895	15.095949716963688
6896	15.09478627987362
6897	15.093623077315176
6898	15.092459890096467
6899	15.091296902576468
6900	15.090134082408573
6901	15.08897158612903
6902	15.087809192326656
6903	15.086646953395077
6904	15.08548498786754
6905	15.08432306663546
6906	15.08316141222301
6907	15.081999994164327
6908	15.080838769479495
6909	15.079677846888067
6910	15.0785173294378
6911	15.077356830079019
6912	15.076196543426434
6913	15.075036568353367
6914	15.073876790185738
6915	15.07271735017905
6916	15.071558312642896
6917	15.070399312740534
6918	15.06924038521567
6919	15.068081974146349
6920	15.066923601796358
6921	15.065766046048733
6922	15.06460880873303
6923	15.063452362229322
6924	15.062295915939902
6925	15.061139795218184
6926	15.05998406086836
6927	15.058828446900943
6928	15.057672971183267
6929	15.056517723999194
6930	15.055363069810243
6931	15.054208506875332
6932	15.053054296606911
6933	15.051900513856
6934	15.0507467609218
6935	15.049593227959555
6936	15.048439862426267
6937	15.04728664844124
6938	15.046133642576796
6939	15.044980855243551
6940	15.043828486832764
6941	15.04267639098446
6942	15.041524386713704
6943	15.040372507454515
6944	15.039220761226423
6945	15.038069239083232
6946	15.03691811813414
6947	15.035767067064588
6948	15.034616738322777
6949	15.033466577455133
6950	15.032316938842099
6951	15.031167752431813
6952	15.03001866100831
6953	15.028869569757715
6954	15.027720486381511
6955	15.026571602023909
6956	15.025423010079148
6957	15.024274968243322
6958	15.023127137174603
6959	15.021979355069957
6960	15.020831810710936
6961	15.019684440654606
6962	15.018537312605828
6963	15.01739052030571
6964	15.016243762148807
6965	15.015097257464557
6966	15.013951382161633
6967	15.012805828463483
6968	15.011660285076301
6969	15.010515130329521
6970	15.009370579449527
6971	15.008226054663488
6972	15.00708173678893
6973	15.005937752956308
6974	15.004793852098286
6975	15.0036506197435
6976	15.002507675983878
6977	15.001364835909383
6978	15.000222283376061
6979	14.99907995350097
6980	14.99793768448078
6981	14.996795974149329
6982	14.99565447501566
6983	14.994513548595744
6984	14.993372651105004
6985	14.992232130760467
6986	14.991091808696899
6987	14.989951719215671
6988	14.988811902704574
6989	14.98767235692417
6990	14.986532928997168
6991	14.98539374119331
6992	14.984254943130377
6993	14.98311615777598
6994	14.981977845123254
6995	14.980839586095291
6996	14.979701904770913
6997	14.978564682219487
6998	14.97742763219239
6999	14.976290711220543
7000	14.975153988860336
7001	14.974017424142382
7002	14.972880959180753
7003	14.971744652395046
7004	14.970608519827337
7005	14.969472481646099
7006	14.96833664551524
7007	14.967201158593486
7008	14.96606622634923
7009	14.964931359793077
7010	14.963796705265471
7011	14.962662154546715
7012	14.961528365832612
7013	14.960395195392554
7014	14.959262098243897
7015	14.958129076030934
7016	14.956996161058914
7017	14.955863714711704
7018	14.954731414944618
7019	14.953599391862271
7020	14.952467737167007
7021	14.951336125574299
7022	14.950205191339236
7023	14.949074311849035
7024	14.947943501281094
7025	14.946813070705206
7026	14.945682961442047
7027	14.944553049470827
7028	14.94342350683912
7029	14.942294085294208
7030	14.941164835370591
7031	14.940036073765528
7032	14.938908048671678
7033	14.937780556280845
7034	14.936653434022832
7035	14.93552645363568
7036	14.934399517138823
7037	14.933272694197411
7038	14.93214601775337
7039	14.93101950313504
7040	14.92989309954439
7041	14.928766703245568
7042	14.92764107386279
7043	14.926516182036348
7044	14.92539142668019
7045	14.924266937074554
7046	14.923143098525474
7047	14.922019358796504
7048	14.920895955966246
7049	14.91977262584805
7050	14.918649472457016
7051	14.91752632071113
7052	14.91640362711447
7053	14.91528102221469
7054	14.914158742697547
7055	14.913036892489107
7056	14.9119150444023
7057	14.91079386190424
7058	14.909672742264647
7059	14.908551766305411
7060	14.907430964061385
7061	14.90631022655274
7062	14.905189759372586
7063	14.904069598252622
7064	14.902949633126735
7065	14.901829690370937
7066	14.900709779757218
7067	14.899590102178177
7068	14.898470534682005
7069	14.897351154824591
7070	14.896231795197235
7071	14.895112898060692
7072	14.893994023447954
7073	14.89287526623283
7074	14.891757058910933
7075	14.890638929769292
7076	14.889520819113947
7077	14.888403555594358
7078	14.887286479855403
7079	14.88616946240744
7080	14.885052450200497
7081	14.883935480209766
7082	14.882818666323784
7083	14.881701907632408
7084	14.880585400950107
7085	14.879469279604477
7086	14.878353253951245
7087	14.877237530512673
7088	14.876122550369185
7089	14.87500803717676
7090	14.873893756418736
7091	14.8727795801659
7092	14.871665622039913
7093	14.870551771869145
7094	14.869438823588919
7095	14.868326134396536
7096	14.867213511519632
7097	14.866101061495511
7098	14.864988763082978
7099	14.86387667482702
7100	14.862764685564045
7101	14.861652946447586
7102	14.860541289023217
7103	14.859430084411148
7104	14.858319139292414
7105	14.85720851900495
7106	14.856098310521988
7107	14.854988227115593
7108	14.853878549087224
7109	14.852768955957197
7110	14.851659420548259
7111	14.850550223504161
7112	14.849441137305798
7113	14.84833215480745
7114	14.847223450189647
7115	14.84611522196863
7116	14.845007113936306
7117	14.843899024759923
7118	14.842791310050618
7119	14.841683770335559
7120	14.840576398254155
7121	14.839469321331347
7122	14.838362388227457
7123	14.837255921912524
7124	14.8361497091412
7125	14.835043831873177
7126	14.83393815227274
7127	14.832832985969052
7128	14.831727825984128
7129	14.830622899663451
7130	14.829518028445598
7131	14.8284132740815
7132	14.827308738491977
7133	14.826204385338517
7134	14.825100075707342
7135	14.82399624024029
7136	14.822892746164976
7137	14.821789679974392
7138	14.820686706490482
7139	14.81958379040881
7140	14.818480950218742
7141	14.81737845115456
7142	14.816275969526052
7143	14.815174064785134
7144	14.814072752806613
7145	14.812971570020483
7146	14.81187042793922
7147	14.810769736846064
7148	14.809669548139345
7149	14.808569591034221
7150	14.807469698509935
7151	14.8063700175952
7152	14.805270707828015
7153	14.804171516085631
7154	14.803072378481373
7155	14.80197361458077
7156	14.80087498118556
7157	14.799776693760007
7158	14.798678714333034
7159	14.797580821470175
7160	14.796482981065251
7161	14.795385454313825
7162	14.79428794042961
7163	14.79319094225013
7164	14.792095070657993
7165	14.790999359698477
7166	14.789903758183534
7167	14.788808540780838
7168	14.78771345358837
7169	14.786619020502904
7170	14.785524672344607
7171	14.7844304174872
7172	14.783336434968575
7173	14.782242716558045
7174	14.781149277726715
7175	14.780056034866238
7176	14.778963019731927
7177	14.777870164533004
7178	14.776777310805894
7179	14.775684957879738
7180	14.774592675611776
7181	14.773500821740509
7182	14.772409055070705
7183	14.77131758412712
7184	14.77022666198464
7185	14.769135943870163
7186	14.768045624203006
7187	14.766955316076388
7188	14.765865043634749
7189	14.764774931365237
7190	14.76368525429714
7191	14.762595680807815
7192	14.761506127397734
7193	14.760416792019615
7194	14.759327486555714
7195	14.758238970436201
7196	14.75715058111421
7197	14.756062387977945
7198	14.754974378319243
7199	14.753886430309722
7200	14.752799123715338
7201	14.75171217373065
7202	14.750625240547363
7203	14.749538559172242
7204	14.748451906640163
7205	14.74736543338082
7206	14.746279281691422
7207	14.745193485208251
7208	14.744107840793244
7209	14.743022486026206
7210	14.7419373054289
7211	14.740852159318356
7212	14.739767227922272
7213	14.738682514951904
7214	14.737597945775768
7215	14.736513552867509
7216	14.735429702572954
7217	14.734345937792606
7218	14.733262568304902
7219	14.732179291271336
7220	14.731096438942437
7221	14.730013864974692
7222	14.728931441084082
7223	14.72784909849382
7224	14.726766810029552
7225	14.725684865741702
7226	14.724603059985387
7227	14.723521444336395
7228	14.722440330039964
7229	14.72136000215315
7230	14.72028000660126
7231	14.71920026068984
7232	14.718120626111315
7233	14.717041281491676
7234	14.71596215329195
7235	14.714883135359353
7236	14.713804470373391
7237	14.712726383029054
7238	14.711648407319892
7239	14.710570504155813
7240	14.70949264268226
7241	14.708414957129852
7242	14.707337282352672
7243	14.70625987095762
7244	14.705182787175819
7245	14.704106277834004
7246	14.703029813705507
7247	14.701953620855525
7248	14.700877474613897
7249	14.699801917900833
7250	14.698726371083147
7251	14.697651450709797
7252	14.696576722182346
7253	14.695502364364842
7254	14.694428192081443
7255	14.69335404072115
7256	14.692280198514572
7257	14.691206387408734
7258	14.690132722112738
7259	14.689059208004537
7260	14.687986280289248
7261	14.686913724091104
7262	14.685841267388877
7263	14.68476915904799
7264	14.683697158342584
7265	14.682625222836982
7266	14.681553738842709
7267	14.680482302362389
7268	14.679411129712577
7269	14.678339985272565
7270	14.677269063930607
7271	14.676198323393004
7272	14.675127812106354
7273	14.674057694440346
7274	14.672987677349889
7275	14.671917912002456
7276	14.670848407537035
7277	14.669778918793249
7278	14.668709856959097
7279	14.66764098656416
7280	14.666572140435001
7281	14.665503304753143
7282	14.664434542393499
7283	14.66336594606152
7284	14.662297630749745
7285	14.661229425394646
7286	14.660161274107894
7287	14.6590934300665
7288	14.658025786326096
7289	14.656958369647123
7290	14.65589106519101
7291	14.654823877229816
7292	14.653756947828978
7293	14.652690194979328
7294	14.65162361436756
7295	14.650557082717281
7296	14.649490623922432
7297	14.648424431744598
7298	14.64735837465355
7299	14.646292335898679
7300	14.645226558714764
7301	14.644160922933128
7302	14.64309565230707
7303	14.642030671773169
7304	14.640965850892172
7305	14.639901079546194
7306	14.63883662069867
7307	14.63777267559555
7308	14.636708823686384
7309	14.635645335892828
7310	14.634582302676254
7311	14.633519532082962
7312	14.632456769864767
7313	14.631394260590243
7314	14.630332220523956
7315	14.629270666330672
7316	14.628209163295892
7317	14.62714798978663
7318	14.626086972561328
7319	14.625026069387253
7320	14.623965549383136
7321	14.622905032876194
7322	14.621844617969048
7323	14.620784406205479
7324	14.619724346077158
7325	14.618664734566309
7326	14.617605238287933
7327	14.616545975445353
7328	14.615486734545518
7329	14.61442766201885
7330	14.613368979938079
7331	14.61231046337105
7332	14.611252344505639
7333	14.610194501514053
7334	14.609136730564499
7335	14.608079100056678
7336	14.60702199626926
7337	14.605965387075882
7338	14.604909305076601
7339	14.603853333479114
7340	14.60279752569263
7341	14.601742054930416
7342	14.60068663353795
7343	14.599631735596828
7344	14.598577102865065
7345	14.597522646809342
7346	14.596468571177095
7347	14.595414709430457
7348	14.594361301804845
7349	14.593307930731536
7350	14.592254897757364
7351	14.591201932346605
7352	14.59014930472784
7353	14.589096925490146
7354	14.588044653131167
7355	14.586992626074274
7356	14.585940899707396
7357	14.584889565773219
7358	14.583838512020494
7359	14.582787538381291
7360	14.581736638944882
7361	14.580685805706139
7362	14.579635067958044
7363	14.578584687114649
7364	14.577534586876988
7365	14.57648458799151
7366	14.575434604200222
7367	14.574384811265544
7368	14.57333569327485
7369	14.572286824834606
7370	14.571238031222428
7371	14.570189655233046
7372	14.569141343880899
7373	14.568093258666906
7374	14.567045343238684
7375	14.565997518779522
7376	14.564949712978601
7377	14.563902276153625
7378	14.562854997389497
7379	14.561808071178922
7380	14.560761475455172
7381	14.559715076901732
7382	14.55866926165435
7383	14.557623581408567
7384	14.556578049247179
7385	14.555532565021498
7386	14.554487368547932
7387	14.553442484981268
7388	14.552397839660092
7389	14.551353293005619
7390	14.550308867370868
7391	14.549264813273105
7392	14.548220788852559
7393	14.547176773313064
7394	14.546132956892503
7395	14.545089291005102
7396	14.54404571672014
7397	14.543002337541374
7398	14.541959027935945
7399	14.540916116524421
7400	14.539873447834182
7401	14.538830836194855
7402	14.537788556125594
7403	14.536746337861425
7404	14.535704175117754
7405	14.534662465947898
7406	14.53362120599214
7407	14.532580462499087
7408	14.531540164589346
7409	14.530499940725699
7410	14.529460078684437
7411	14.528420233517402
7412	14.527380614507665
7413	14.526341160322806
7414	14.525301794609485
7415	14.524262662359622
7416	14.523223588344374
7417	14.52218453816968
7418	14.521145758056287
7419	14.520107045263408
7420	14.519068395523053
7421	14.51802986166249
7422	14.516991622379914
7423	14.515953550388469
7424	14.514915561535044
7425	14.513877641747518
7426	14.512840062887447
7427	14.511802640582601
7428	14.510765569624153
7429	14.509728824521765
7430	14.508692221894208
7431	14.507655660347442
7432	14.506619411124916
7433	14.505583290564388
7434	14.504547462145831
7435	14.503511670331115
7436	14.502476015588464
7437	14.501440901760207
7438	14.50040615226737
7439	14.499371414558288
7440	14.498337612810335
7441	14.497304025268301
7442	14.49627061416342
7443	14.495237271394934
7444	14.494204327436398
7445	14.493171584735848
7446	14.492139129526917
7447	14.491106884755398
7448	14.490074983250954
7449	14.489043585233748
7450	14.488012390687691
7451	14.486981267064525
7452	14.48595059689676
7453	14.48492019497546
7454	14.48388985288364
7455	14.482859812459159
7456	14.481830031085964
7457	14.480800264779637
7458	14.479770592898692
7459	14.478741155949749
7460	14.477711765072657
7461	14.476682601988953
7462	14.475653478872093
7463	14.474624575005693
7464	14.473595731721131
7465	14.472566893984084
7466	14.471538369583312
7467	14.47050989562842
7468	14.469481543642091
7469	14.46845347074989
7470	14.467425559100919
7471	14.46639777363856
7472	14.465370042891795
7473	14.464342313711958
7474	14.463315464661886
7475	14.462288622269213
7476	14.461261790231092
7477	14.460235180267064
7478	14.4592087890456
7479	14.458182600651945
7480	14.457156520448796
7481	14.456130804647337
7482	14.455105133528816
7483	14.454079655581982
7484	14.453054209203222
7485	14.452029040163554
7486	14.451003935353832
7487	14.449979007409446
7488	14.448955223240121
7489	14.447931821282445
7490	14.446908457963097
7491	14.44588530826195
7492	14.44486243813216
7493	14.443839837886795
7494	14.442817256182789
7495	14.441794947050193
7496	14.440772712056827
7497	14.439750679907059
7498	14.438728919527737
7499	14.437707475686958
7500	14.436686256769935
7501	14.435665542142798
7502	14.434644836550147
7503	14.433624282146896
7504	14.432603783391349
7505	14.431583423615917
7506	14.43056312715831
7507	14.429543060257648
7508	14.428523289318235
7509	14.427503553307806
7510	14.426484244585211
7511	14.425464969125999
7512	14.424445961220364
7513	14.42342741566169
7514	14.422408963411277
7515	14.421390754300461
7516	14.420372892488784
7517	14.419355690075466
7518	14.418338499877082
7519	14.417321577173956
7520	14.416304800482424
7521	14.415288281189179
7522	14.41427225068106
7523	14.413256228595671
7524	14.41224024715751
7525	14.41122451711958
7526	14.410209304905123
7527	14.409194303194448
7528	14.408179478855898
7529	14.407165013063166
7530	14.4061508552643
7531	14.405136991452217
7532	14.404123348323445
7533	14.40310982761953
7534	14.402096444844817
7535	14.401083178822375
7536	14.400070085919946
7537	14.399057328597276
7538	14.39804475681217
7539	14.39703264294591
7540	14.396020706622538
7541	14.395009134294265
7542	14.393997720726334
7543	14.392986898202336
7544	14.391976220800034
7545	14.390965782658316
7546	14.389955368003957
7547	14.388945043598074
7548	14.387935099001913
7549	14.38692553248821
7550	14.38591617501191
7551	14.384906937822112
7552	14.383897937398944
7553	14.382889038540121
7554	14.381880228307914
7555	14.380871764689802
7556	14.379863358799541
7557	14.378854995332652
7558	14.377846773813772
7559	14.376838650011322
7560	14.375830710164902
7561	14.374823063283568
7562	14.3738156156582
7563	14.372808303054931
7564	14.37180113916489
7565	14.370794350178757
7566	14.369787752426708
7567	14.368781501300784
7568	14.36777550022709
7569	14.366769548378974
7570	14.365763738728091
7571	14.364757963378215
7572	14.363752590080631
7573	14.362747387665237
7574	14.361742353260157
7575	14.36073738102727
7576	14.35973254574093
7577	14.358728124769096
7578	14.357723800330179
7579	14.35671947686166
7580	14.355715263190035
7581	14.354711352465092
7582	14.35370769015916
7583	14.352704077528614
7584	14.351700734348606
7585	14.350697799376048
7586	14.349695111204692
7587	14.34869300898747
7588	14.347690939985991
7589	14.346689283783276
7590	14.345688060552344
7591	14.344687018565454
7592	14.343686137983257
7593	14.342685290728415
7594	14.341684515708087
7595	14.34068421952889
7596	14.339684260118005
7597	14.338684321553627
7598	14.337684437392246
7599	14.336684944076877
7600	14.335685747979946
7601	14.334686584177469
7602	14.33368758770604
7603	14.332688762308015
7604	14.331690040087093
7605	14.330691389928578
7606	14.329692892548755
7607	14.328694483508214
7608	14.327696137873822
7609	14.326698070965309
7610	14.325700342146849
7611	14.324703193166489
7612	14.323706103956889
7613	14.322709130710475
7614	14.321712588016583
7615	14.320716369776784
7616	14.319720326803644
7617	14.318724502105137
7618	14.3177288554362
7619	14.316733250324504
7620	14.31573811571878
7621	14.314743270277965
7622	14.313748839860962
7623	14.31275442846416
7624	14.311760215503847
7625	14.310766018949682
7626	14.309772181019612
7627	14.308778384150902
7628	14.307784640176745
7629	14.306791052828665
7630	14.30579760554887
7631	14.30480482226472
7632	14.3038122552504
7633	14.302819773498594
7634	14.30182762287704
7635	14.30083561620346
7636	14.299844019816396
7637	14.2988526616317
7638	14.297861460231054
7639	14.29687052195654
7640	14.295879615882155
7641	14.29488885055375
7642	14.293898468587509
7643	14.292908102980022
7644	14.29191784121905
7645	14.290927988136188
7646	14.289938255283312
7647	14.288948548964868
7648	14.287958929941896
7649	14.286969388421452
7650	14.28598009946177
7651	14.284990952052052
7652	14.284001894403485
7653	14.283012998438195
7654	14.282024236232044
7655	14.28103608397133
7656	14.28004795058934
7657	14.279060256024575
7658	14.278072790155223
7659	14.277085377448852
7660	14.276098107104183
7661	14.275111303233887
7662	14.274124596293447
7663	14.27313809134819
7664	14.272151676520838
7665	14.271165285407509
7666	14.270179395841984
7667	14.269193819887388
7668	14.268208391558614
7669	14.267223082090094
7670	14.266237844124223
7671	14.265252684624937
7672	14.264267734588195
7673	14.26328294540727
7674	14.262298239888331
7675	14.261313823342256
7676	14.260329520550856
7677	14.259345754609017
7678	14.258362187285682
7679	14.257378629901648
7680	14.25639508039954
7681	14.255411641855407
7682	14.254428656867065
7683	14.253445923316217
7684	14.252463529224185
7685	14.251481205151299
7686	14.25049898152219
7687	14.249516943150775
7688	14.248535863490966
7689	14.247554811493654
7690	14.246573905544
7691	14.245593012458393
7692	14.244612248700216
7693	14.243631711855437
7694	14.242651295358835
7695	14.241671187435166
7696	14.240691245511757
7697	14.239711344974454
7698	14.238731494938524
7699	14.237752032426817
7700	14.23677276757523
7701	14.235793564591205
7702	14.234814404509635
7703	14.233835277191684
7704	14.23285617029792
7705	14.23187755378734
7706	14.230899297697603
7707	14.229921099804685
7708	14.2289430736287
7709	14.22796526007782
7710	14.226987739022688
7711	14.226010405803514
7712	14.225033242634384
7713	14.22405626496101
7714	14.223079614314852
7715	14.222103156065808
7716	14.22112675095919
7717	14.220150359656708
7718	14.219174121809688
7719	14.21819828058826
7720	14.217222493302557
7721	14.216246883956968
7722	14.215271529992341
7723	14.21429625202655
7724	14.213321622922457
7725	14.212347310871218
7726	14.211373241595641
7727	14.21039931676269
7728	14.209425429904208
7729	14.208451895671514
7730	14.20747865149662
7731	14.206505409577153
7732	14.205532192927818
7733	14.204559119799825
7734	14.203586299829652
7735	14.202613674582652
7736	14.201641278712867
7737	14.200668897748676
7738	14.199697461389787
7739	14.198726076078357
7740	14.197755241351759
7741	14.19678447205961
7742	14.195814033745911
7743	14.19484375154352
7744	14.193873512695419
7745	14.192903491722205
7746	14.191933600853007
7747	14.190963872227757
7748	14.189994309733127
7749	14.189024824989286
7750	14.188055618261416
7751	14.18708666294328
7752	14.186117740249152
7753	14.185148836862515
7754	14.184180100508744
7755	14.183211542939931
7756	14.182243160811835
7757	14.18127480099094
7758	14.180306648448932
7759	14.179338697681652
7760	14.178370938129122
7761	14.177403249146142
7762	14.176435645812365
7763	14.175468268606352
7764	14.174501075498524
7765	14.17353429882914
7766	14.172567674957799
7767	14.171601201136843
7768	14.170635108750202
7769	14.169669053650704
7770	14.168703234995562
7771	14.167737688540766
7772	14.166772150350726
7773	14.165806777862757
7774	14.16484146098296
7775	14.163876258490312
7776	14.16291127127158
7777	14.161946307836297
7778	14.160981480381702
7779	14.160016671675082
7780	14.159051875815036
7781	14.158087457761406
7782	14.157123210382439
7783	14.156159186699334
7784	14.15519565790741
7785	14.154232437545213
7786	14.15326960291511
7787	14.152306922545893
7788	14.151344607221843
7789	14.150382315131548
7790	14.149420383908684
7791	14.148458560725073
7792	14.147496783071857
7793	14.14653516089487
7794	14.145573629180166
7795	14.14461251395519
7796	14.143651531660172
7797	14.142690799066338
7798	14.141730486257416
7799	14.140770512801442
7800	14.139810937728297
7801	14.13885159645791
7802	14.13789245943059
7803	14.13693334789324
7804	14.13597446449159
7805	14.135015749264713
7806	14.13405744330701
7807	14.133099212929903
7808	14.132141178639527
7809	14.131183762855558
7810	14.13022647453569
7811	14.129269232225957
7812	14.128312428372944
7813	14.12735595769967
7814	14.12639975531452
7815	14.125443640117384
7816	14.124487596243753
7817	14.123531611276576
7818	14.122575638277937
7819	14.121619807731626
7820	14.120664039948943
7821	14.119708524539464
7822	14.118753171077794
7823	14.117797830619429
7824	14.116842523772654
7825	14.115887345602935
7826	14.114932459769957
7827	14.113977624065303
7828	14.113023297983183
7829	14.112069058648592
7830	14.111114936401453
7831	14.110160994140696
7832	14.109207079267021
7833	14.108253200860878
7834	14.10729960051109
7835	14.106346418534539
7836	14.105393519283092
7837	14.104440739357091
7838	14.103488067209645
7839	14.102535772789592
7840	14.101583625783677
7841	14.100631500422546
7842	14.099679576844364
7843	14.098727807920525
7844	14.097776095709444
7845	14.096824487416686
7846	14.095872948013676
7847	14.094921903334633
7848	14.09397086088485
7849	14.093019982359486
7850	14.092069151566218
7851	14.091118341400943
7852	14.090167772426593
7853	14.089217256199431
7854	14.088267209379046
7855	14.087317247425236
7856	14.0863674378238
7857	14.085417780305896
7858	14.084468311298624
7859	14.083518845244907
7860	14.082569546937735
7861	14.081620778965618
7862	14.08067214346927
7863	14.079723976203477
7864	14.078775919117643
7865	14.077828218863049
7866	14.076880799022254
7867	14.075933928867803
7868	14.074987104881911
7869	14.074040872252663
7870	14.073094914384074
7871	14.072149224287731
7872	14.071203630279994
7873	14.070258333626299
7874	14.069313063889897
7875	14.068367836209962
7876	14.06742313649063
7877	14.066478468489505
7878	14.065534038851053
7879	14.064590047296289
7880	14.063646107767054
7881	14.0627023256539
7882	14.061758638640073
7883	14.060815069838876
7884	14.059871659978734
7885	14.058928464668531
7886	14.057985644085955
7887	14.057042924568956
7888	14.05610039378114
7889	14.055157884764041
7890	14.054215551474778
7891	14.053273248829075
7892	14.052331105884493
7893	14.051389364350964
7894	14.050447707959965
7895	14.049506291201833
7896	14.048565018394791
7897	14.047623836134605
7898	14.046683203186852
7899	14.04574263605459
7900	14.04480228417275
7901	14.043862165381842
7902	14.042922333688534
7903	14.04198264388589
7904	14.041043582657405
7905	14.040104617045364
7906	14.039165779264263
7907	14.03822707305537
7908	14.037288442972102
7909	14.036349953913327
7910	14.035411621263911
7911	14.034473316474445
7912	14.033535129792993
7913	14.03259709589183
7914	14.031659300836118
7915	14.03072152788239
7916	14.029783993457638
7917	14.02884678187744
7918	14.02790968986836
7919	14.026972729573984
7920	14.02603579392251
7921	14.025098977200862
7922	14.024162321427042
7923	14.023225813377657
7924	14.022289337322709
7925	14.021353158746374
7926	14.020417027094753
7927	14.019481033250457
7928	14.018545074584525
7929	14.017609350161626
7930	14.016673669656324
7931	14.015738308213177
7932	14.014802998852712
7933	14.01386824462164
7934	14.012933633495763
7935	14.011999165942962
7936	14.01106476403534
7937	14.010130380737953
7938	14.00919637952799
7939	14.008262630410863
7940	14.007329141620431
7941	14.006395763849714
7942	14.005462416666898
7943	14.004529204087266
7944	14.00359611603451
7945	14.002663316901483
7946	14.001730602518585
7947	14.000797894424316
7948	13.99986557120799
7949	13.99893351198548
7950	13.998001626739294
7951	13.997069980035649
7952	13.996138449838769
7953	13.995207254984123
7954	13.994276260235434
7955	13.993345320411917
7956	13.992414610256315
7957	13.991484272952448
7958	13.990553941667027
7959	13.989623823063955
7960	13.98869426297809
7961	13.987764708323663
7962	13.98683515544552
7963	13.985905863082296
7964	13.984976617138344
7965	13.984047412705415
7966	13.9831184233079
7967	13.982189647541691
7968	13.981261048086546
7969	13.980332531819048
7970	13.979404152728772
7971	13.978475780172598
7972	13.977547616426383
7973	13.976619591480528
7974	13.975691637883086
7975	13.97476382078764
7976	13.973836191577732
7977	13.972908622933927
7978	13.971981446549636
7979	13.971054354403218
7980	13.970127519991053
7981	13.969200949376816
7982	13.968274461405299
7983	13.967348062560559
7984	13.966422077680342
7985	13.96549619780697
7986	13.96457052855427
7987	13.963645042618069
7988	13.962719581806203
7989	13.96179414563173
7990	13.96086886195551
7991	13.959944223781974
7992	13.95901977767598
7993	13.95809534484681
7994	13.957170932200821
7995	13.956246662532093
7996	13.955322627098717
7997	13.9543989348317
7998	13.953475412008329
7999	13.95255191813865
8000	13.951628548957105
8001	13.950705347883101
8002	13.949782378446804
8003	13.948859480636084
8004	13.947936641340242
8005	13.9470138080455
8006	13.946091024865256
8007	13.945168857680656
8008	13.944246711333497
8009	13.943324782726503
8010	13.94240295434027
8011	13.9414812942404
8012	13.940559710879835
8013	13.939638242329735
8014	13.938716830558569
8015	13.93779544279381
8016	13.93687478255391
8017	13.935954229571951
8018	13.93503370931245
8019	13.934113314027949
8020	13.933193072369628
8021	13.932272940357308
8022	13.931352868188014
8023	13.930433758186135
8024	13.929514814653063
8025	13.928596073447968
8026	13.927677365219434
8027	13.926759036067244
8028	13.925841020433474
8029	13.92492302855689
8030	13.924005191588275
8031	13.923087676085627
8032	13.922170295317088
8033	13.921252989920841
8034	13.920335922970336
8035	13.91941897856549
8036	13.918502134112442
8037	13.917585345558924
8038	13.91666859984043
8039	13.915752044702305
8040	13.91483554780392
8041	13.913919244608122
8042	13.913003217410433
8043	13.91208736039996
8044	13.911171898079365
8045	13.910256470974808
8046	13.909341095477615
8047	13.908425805097938
8048	13.907510745357284
8049	13.906595986715427
8050	13.90568146147036
8051	13.904767059216196
8052	13.903852792044189
8053	13.902938634376593
8054	13.9020248252222
8055	13.901111282667669
8056	13.900197807981591
8057	13.899284490822776
8058	13.898371346486945
8059	13.897458286543023
8060	13.89654555717881
8061	13.895633020479027
8062	13.894720961331128
8063	13.893808919821042
8064	13.89289733265541
8065	13.891985831228258
8066	13.891074710311765
8067	13.890163884467519
8068	13.889253242218077
8069	13.888342615162262
8070	13.887432148169564
8071	13.886521946779025
8072	13.885611981867681
8073	13.884702062219821
8074	13.88379219585821
8075	13.882882404216211
8076	13.881972748747238
8077	13.881063104225653
8078	13.880153500044031
8079	13.879244264734012
8080	13.878335163528785
8081	13.87742621069245
8082	13.876517585719663
8083	13.875609100339371
8084	13.874700765164713
8085	13.87379269455728
8086	13.872884654726768
8087	13.871976846794013
8088	13.87106928520795
8089	13.870162146635082
8090	13.869255128712961
8091	13.86834811229766
8092	13.867441551763894
8093	13.866535179615335
8094	13.865628938076718
8095	13.86472275828276
8096	13.863816805063582
8097	13.862910931393179
8098	13.862005119504447
8099	13.861099476709715
8100	13.860194282373845
8101	13.859289186566766
8102	13.85838421342958
8103	13.857479297081413
8104	13.856574510010764
8105	13.855669837553716
8106	13.854765426210522
8107	13.853861056145462
8108	13.852957023356936
8109	13.852053065420103
8110	13.851149607639508
8111	13.850246404869573
8112	13.849343268057702
8113	13.848440394394354
8114	13.84753767732315
8115	13.84663505116759
8116	13.845732486570755
8117	13.844830024625766
8118	13.843927631076019
8119	13.843025536035633
8120	13.842123444808212
8121	13.841221464696718
8122	13.840319692930512
8123	13.839418267845915
8124	13.83851716217389
8125	13.837616111841951
8126	13.836715319921066
8127	13.83581486352918
8128	13.83491441097507
8129	13.834014052877809
8130	13.833113770676727
8131	13.832213547520102
8132	13.831313353160002
8133	13.830413169478868
8134	13.829513016120263
8135	13.828612895410187
8136	13.82771330838453
8137	13.826813738176941
8138	13.825914369809905
8139	13.82501532288991
8140	13.824116324079442
8141	13.823217429451812
8142	13.822318994007391
8143	13.821420714076192
8144	13.820522466693983
8145	13.819624389458511
8146	13.818726646111807
8147	13.817829365361476
8148	13.81693215152194
8149	13.816034949657775
8150	13.815138175120405
8151	13.814241604015603
8152	13.813345209945306
8153	13.812448879911676
8154	13.81155299490358
8155	13.810657466119405
8156	13.809761939396548
8157	13.808866579732445
8158	13.807971355531238
8159	13.80707616306608
8160	13.806181243575075
8161	13.80528660758017
8162	13.804392034966263
8163	13.8034974871359
8164	13.802603015983355
8165	13.801708760073122
8166	13.800814632685023
8167	13.79992058090435
8168	13.799026656220523
8169	13.798133211073603
8170	13.79723995110114
8171	13.796347254144717
8172	13.795454730482447
8173	13.794562213289206
8174	13.793670024049618
8175	13.792778285797567
8176	13.791886716214732
8177	13.790995388615567
8178	13.79010424801509
8179	13.789213289630768
8180	13.788322388463506
8181	13.787431571152117
8182	13.786540854988873
8183	13.785650404252749
8184	13.78476016139928
8185	13.783869943586634
8186	13.782979761065945
8187	13.782089688094215
8188	13.781199739435888
8189	13.78030985256413
8190	13.779420036359385
8191	13.778530258184153
8192	13.777640568364285
8193	13.776750962088995
8194	13.775861877303235
8195	13.774972823097553
8196	13.774084126886919
8197	13.773195474162879
8198	13.77230692286384
8199	13.771418535864727
8200	13.770530349802476
8201	13.769642190842191
8202	13.768754156293701
8203	13.767866124055082
8204	13.766978158631833
8205	13.766090416384126
8206	13.765202749354172
8207	13.764315339664549
8208	13.763428336206509
8209	13.762541561114888
8210	13.761654880641576
8211	13.760768225853122
8212	13.759882175852383
8213	13.758996317513445
8214	13.758110766898062
8215	13.757225342107253
8216	13.756340350403292
8217	13.755455413341297
8218	13.754570601775141
8219	13.75368592494843
8220	13.752801660985014
8221	13.751917444965898
8222	13.75103341665929
8223	13.750149458881005
8224	13.749265502572818
8225	13.748381663396136
8226	13.747497874276972
8227	13.746614240390048
8228	13.745730688296085
8229	13.744847211590761
8230	13.743964318278584
8231	13.7430814635319
8232	13.742198656249604
8233	13.74131599099388
8234	13.740433551437151
8235	13.739551458933745
8236	13.738669586340741
8237	13.737787875549932
8238	13.736906300829494
8239	13.736025041146029
8240	13.735143811445885
8241	13.734262598196562
8242	13.733381635915066
8243	13.732500675433062
8244	13.731619815768573
8245	13.730739082156274
8246	13.729858471576108
8247	13.72897789701105
8248	13.728097539717222
8249	13.72721750347911
8250	13.726337519848801
8251	13.725457736619314
8252	13.724578125564873
8253	13.723698589381149
8254	13.72281912003234
8255	13.721939675391845
8256	13.72106026409106
8257	13.720181184485062
8258	13.71930217913091
8259	13.71842360428438
8260	13.717545043836735
8261	13.716666636816875
8262	13.715788647698446
8263	13.71491071615446
8264	13.714033035673143
8265	13.713155461774948
8266	13.71227817144143
8267	13.711400911659275
8268	13.710523692212394
8269	13.709646577757251
8270	13.708769703449736
8271	13.707893231745057
8272	13.707016880672443
8273	13.706140578689025
8274	13.705264399980877
8275	13.70438824317333
8276	13.70351236026178
8277	13.702636546180662
8278	13.701760870200298
8279	13.700885621079367
8280	13.700010559394084
8281	13.699135594024504
8282	13.698260728099578
8283	13.697386063417822
8284	13.696511430267492
8285	13.695637302822
8286	13.694763357199477
8287	13.693889502980166
8288	13.69301568413268
8289	13.692142036468509
8290	13.691268614361507
8291	13.690395227419511
8292	13.689522052287442
8293	13.688649156182894
8294	13.687776309433868
8295	13.686903482893385
8296	13.686030700756511
8297	13.685158009422537
8298	13.684285347313507
8299	13.683412878721837
8300	13.682540426614434
8301	13.681668372013936
8302	13.680796331740915
8303	13.679924627416192
8304	13.679053516251635
8305	13.678182650247434
8306	13.677311969657097
8307	13.676441344022798
8308	13.67557073226669
8309	13.674700253562934
8310	13.673829841565329
8311	13.672959661129845
8312	13.672089706460094
8313	13.67121990018183
8314	13.670350103418043
8315	13.669480383313449
8316	13.668611022343613
8317	13.667741841068253
8318	13.666872878063579
8319	13.666003982633525
8320	13.665135390294843
8321	13.664267115424689
8322	13.66339904151609
8323	13.662531194488
8324	13.66166341958538
8325	13.660795782666312
8326	13.659928262853025
8327	13.6590609664445
8328	13.658193884611562
8329	13.657326823208162
8330	13.65646003844065
8331	13.655593421491812
8332	13.654726884859185
8333	13.653860365117684
8334	13.652994265967386
8335	13.65212819961679
8336	13.651262237170489
8337	13.650396618207466
8338	13.649531308048227
8339	13.648666061034485
8340	13.647800964211532
8341	13.64693603278266
8342	13.646071469158343
8343	13.645207319967128
8344	13.644343192119347
8345	13.643479267901359
8346	13.642615477835381
8347	13.641751735978595
8348	13.640888347211547
8349	13.640025170386414
8350	13.639162086089877
8351	13.638299084150528
8352	13.637436105947707
8353	13.63657321662775
8354	13.63571054162726
8355	13.63484793609994
8356	13.633985679425582
8357	13.633123713760835
8358	13.632261808536425
8359	13.631399976938694
8360	13.630538166744328
8361	13.629676466448759
8362	13.62881481896138
8363	13.627953343118582
8364	13.62709212838203
8365	13.626231020897654
8366	13.625369955845237
8367	13.6245090157217
8368	13.623648168711219
8369	13.622787516878581
8370	13.62192705430993
8371	13.621067023808962
8372	13.620207212376954
8373	13.619347723780075
8374	13.61848824222829
8375	13.617628958125744
8376	13.616769893406044
8377	13.615910863680174
8378	13.615052196063981
8379	13.614193638341234
8380	13.613335146033812
8381	13.61247673751851
8382	13.611618452918753
8383	13.610760174278873
8384	13.609902283942327
8385	13.609044430913467
8386	13.608186668356964
8387	13.607328941693181
8388	13.606471570886725
8389	13.605614242744128
8390	13.604757108058866
8391	13.60390044799377
8392	13.603044040542953
8393	13.602187679821629
8394	13.601331521826197
8395	13.60047540724003
8396	13.599619345153483
8397	13.598763432229692
8398	13.597907599986277
8399	13.597051932850253
8400	13.596196268523354
8401	13.595340637528489
8402	13.594485322468367
8403	13.593630132484863
8404	13.592775093010523
8405	13.591920167542899
8406	13.591065315984613
8407	13.590210514516443
8408	13.589355816206169
8409	13.588501181252301
8410	13.587646695034206
8411	13.58679266934213
8412	13.585938703619794
8413	13.585084754621452
8414	13.584231067873649
8415	13.583377481169057
8416	13.582523958241056
8417	13.581670455180738
8418	13.580817051082661
8419	13.579963672309159
8420	13.579110485251626
8421	13.578257748132826
8422	13.57740524141331
8423	13.576552902476415
8424	13.5757005811479
8425	13.57484848612631
8426	13.573996478716632
8427	13.57314470561423
8428	13.572293311776773
8429	13.571442101215519
8430	13.570590934366741
8431	13.569740047986453
8432	13.568889330681316
8433	13.568038846163558
8434	13.567188539328411
8435	13.56633827279412
8436	13.565488157634146
8437	13.56463816775668
8438	13.563788466741691
8439	13.562939113339247
8440	13.562089917795108
8441	13.561240757717744
8442	13.560391803526306
8443	13.559542960841846
8444	13.558694212315762
8445	13.557845498302036
8446	13.55699681437035
8447	13.55614816745633
8448	13.555299711912587
8449	13.554451552510606
8450	13.553603662374178
8451	13.552755797790404
8452	13.551908003582998
8453	13.551060254964348
8454	13.55021282763604
8455	13.549365435661016
8456	13.548518053236632
8457	13.547671616537473
8458	13.546825295262842
8459	13.545979076723206
8460	13.54513287746098
8461	13.544286705485911
8462	13.543440674734224
8463	13.542594679430627
8464	13.541748902387138
8465	13.540903372827374
8466	13.540058048909604
8467	13.539212959220109
8468	13.53836795173845
8469	13.537523093542426
8470	13.536678412905417
8471	13.535833835498076
8472	13.534989333409392
8473	13.534144986838067
8474	13.533300765019916
8475	13.532456707720888
8476	13.531612791916565
8477	13.53076912615946
8478	13.529925491663068
8479	13.529081936826454
8480	13.52823858187403
8481	13.527395245145078
8482	13.526551938681811
8483	13.52570885909754
8484	13.524865795179368
8485	13.524022981031308
8486	13.523180547653405
8487	13.522338396465871
8488	13.521496411639609
8489	13.520654484905686
8490	13.519812982879674
8491	13.51897158508186
8492	13.518130213503996
8493	13.51728888467079
8494	13.516447697713062
8495	13.515606587167873
8496	13.514765611272438
8497	13.513924910851404
8498	13.51308447896291
8499	13.51224425922997
8500	13.5114041543294
8501	13.51056410505069
8502	13.50972406233775
8503	13.508884480587337
8504	13.508045188321052
8505	13.507205962492588
8506	13.506366829770675
8507	13.505527763684206
8508	13.504688846392792
8509	13.503849968177784
8510	13.503011159753113
8511	13.502172371147532
8512	13.501334112678494
8513	13.500495886366426
8514	13.499657901199413
8515	13.498820208698412
8516	13.497982702714364
8517	13.497145391246011
8518	13.496308228813522
8519	13.495471192559009
8520	13.494634250279038
8521	13.493797408296706
8522	13.492960655160717
8523	13.492124034545485
8524	13.491287474177035
8525	13.490451002886191
8526	13.489614641365781
8527	13.488778376677724
8528	13.48794256753031
8529	13.48710688070183
8530	13.486271207530804
8531	13.485435699020568
8532	13.484600304774691
8533	13.483765040165913
8534	13.482929858858364
8535	13.482094835107985
8536	13.481260182276372
8537	13.480425771053213
8538	13.479591365319271
8539	13.478757280446581
8540	13.47792330294227
8541	13.477089589350848
8542	13.476256046556713
8543	13.475422663812388
8544	13.474589623662235
8545	13.473756693181421
8546	13.472923934964378
8547	13.472091211573675
8548	13.471258588058902
8549	13.470426330452975
8550	13.46959419484318
8551	13.468762122369888
8552	13.467930297912016
8553	13.467098596955658
8554	13.466266948236914
8555	13.465435437223944
8556	13.464604022844615
8557	13.463772703521622
8558	13.462941433168128
8559	13.462110349135193
8560	13.46127936197424
8561	13.460448461580402
8562	13.459617611175752
8563	13.458786790161806
8564	13.457956304599918
8565	13.457125992559552
8566	13.456295687850346
8567	13.455465423326872
8568	13.45463526029656
8569	13.453805530316336
8570	13.452975979183327
8571	13.452146618401153
8572	13.451317365256354
8573	13.450488150455708
8574	13.44965934897793
8575	13.448830913865523
8576	13.448002762045068
8577	13.447174946147985
8578	13.446347197071221
8579	13.445519453330112
8580	13.444691857043253
8581	13.443864422264676
8582	13.443037054644398
8583	13.442209821229014
8584	13.441382739149093
8585	13.44055588547179
8586	13.439729330892355
8587	13.43890282297367
8588	13.438076403791818
8589	13.437250147074254
8590	13.436423974601068
8591	13.435597820774845
8592	13.434771784397533
8593	13.433945846765344
8594	13.433119935632465
8595	13.432294511350014
8596	13.431469117956526
8597	13.430643749889091
8598	13.42981867380174
8599	13.428993749412635
8600	13.428168830400367
8601	13.427344004415552
8602	13.42651926582251
8603	13.425694684489098
8604	13.424870435146687
8605	13.424046269890203
8606	13.4232223253538
8607	13.422398470556052
8608	13.421574949672529
8609	13.420751456066958
8610	13.419928304627257
8611	13.419105181830826
8612	13.418282271920102
8613	13.417459660482026
8614	13.41663712393271
8615	13.415814615972431
8616	13.414992324008965
8617	13.414170056063435
8618	13.413347938593299
8619	13.412525967921392
8620	13.411704138171052
8621	13.410882516475464
8622	13.410061143198531
8623	13.40924000088223
8624	13.408418877745435
8625	13.407597956428322
8626	13.406777092772147
8627	13.405956268868286
8628	13.405135802686125
8629	13.404315364647763
8630	13.403495122367275
8631	13.402675027282209
8632	13.40185505909603
8633	13.40103516477577
8634	13.400215472426266
8635	13.39939594434758
8636	13.398576430486766
8637	13.397756984879877
8638	13.396938216097615
8639	13.396119475793746
8640	13.3953008331046
8641	13.394482278864562
8642	13.393663774175407
8643	13.392845631047578
8644	13.392027695097658
8645	13.39120978646212
8646	13.39039192771325
8647	13.389574103953858
8648	13.388756530444994
8649	13.387939064659193
8650	13.387121783037749
8651	13.386304513272805
8652	13.385487497975591
8653	13.38467059248541
8654	13.383853890166941
8655	13.383037271758319
8656	13.382220785820536
8657	13.381404343388867
8658	13.380587911758703
8659	13.379771911849371
8660	13.37895606342705
8661	13.378140343556984
8662	13.377324672577764
8663	13.376509061933405
8664	13.375693609001667
8665	13.37487857496856
8666	13.374063682705405
8667	13.373248871354178
8668	13.37243448152294
8669	13.371620142945261
8670	13.370805810330125
8671	13.369991649585968
8672	13.369177543731755
8673	13.368363512917345
8674	13.367549730664349
8675	13.366736036394801
8676	13.365922536298081
8677	13.365109284914713
8678	13.364296152103359
8679	13.363483505255374
8680	13.362670974122128
8681	13.361858546139715
8682	13.361046182337102
8683	13.360233962712254
8684	13.359421841059604
8685	13.358609767211647
8686	13.357797946361087
8687	13.356986321392622
8688	13.35617473597367
8689	13.35536331035272
8690	13.354552103471148
8691	13.353740984118774
8692	13.352929923382714
8693	13.352118922800116
8694	13.351308017304085
8695	13.350497165607178
8696	13.349686641526162
8697	13.348876145835964
8698	13.34806566791109
8699	13.347255483473834
8700	13.346445474204844
8701	13.345635620043094
8702	13.344825911917251
8703	13.344016349538142
8704	13.343206848698522
8705	13.342397436812318
8706	13.34158819959337
8707	13.340779016442857
8708	13.339969976069401
8709	13.339160959364357
8710	13.338352060813095
8711	13.337543434614464
8712	13.336734913458255
8713	13.335926581014801
8714	13.335118266288688
8715	13.33430996600455
8716	13.333501811178866
8717	13.332693786163253
8718	13.33188598532598
8719	13.331078549288696
8720	13.330271276107753
8721	13.329464051727104
8722	13.328657067557826
8723	13.32785018480281
8724	13.327043725183534
8725	13.326237360224273
8726	13.32543103963117
8727	13.324624720145183
8728	13.323818517505806
8729	13.323012504571931
8730	13.322206510211721
8731	13.3214006498865
8732	13.320595113228705
8733	13.319789621489775
8734	13.31898426467423
8735	13.318178930541757
8736	13.317373932700638
8737	13.316569044130608
8738	13.315764613676645
8739	13.31496033803364
8740	13.314156134654086
8741	13.313352020029278
8742	13.312547941560219
8743	13.311744025147492
8744	13.310940239506483
8745	13.310136526954079
8746	13.309333030610437
8747	13.308529682044943
8748	13.307726584863971
8749	13.306923535024712
8750	13.306120779552426
8751	13.305318188696786
8752	13.304515664456257
8753	13.303713298360599
8754	13.302911065919735
8755	13.302108838323338
8756	13.30130667643172
8757	13.300504716826042
8758	13.2997027975864
8759	13.298901275579343
8760	13.29809984428018
8761	13.297298569193277
8762	13.296497357049002
8763	13.295696153397802
8764	13.294895083435165
8765	13.294094031520755
8766	13.293293094258509
8767	13.292492573549811
8768	13.291692059364124
8769	13.290891666005725
8770	13.29009128765541
8771	13.28929105680096
8772	13.28849100894889
8773	13.28769113728117
8774	13.286891308382552
8775	13.2860915799476
8776	13.285292162327854
8777	13.284492839579134
8778	13.28369352517664
8779	13.282894413732429
8780	13.282095474958446
8781	13.281296542743256
8782	13.280497751560306
8783	13.279699148884161
8784	13.278900651911085
8785	13.278102246740804
8786	13.277303956753567
8787	13.276505760387371
8788	13.275707714809691
8789	13.274909691344064
8790	13.27411176301576
8791	13.273313893830085
8792	13.272516336696667
8793	13.271718819515979
8794	13.270921528284505
8795	13.270124480216097
8796	13.26932753853788
8797	13.26853081744938
8798	13.267734460941977
8799	13.26693830693909
8800	13.26614216628523
8801	13.265346367040276
8802	13.264550809075804
8803	13.263755465517146
8804	13.262960268927403
8805	13.262165147887501
8806	13.26137023428391
8807	13.260575337911266
8808	13.259780873889351
8809	13.25898664207967
8810	13.25819252849798
8811	13.25739854273683
8812	13.25660506718538
8813	13.255811628363313
8814	13.255018200221066
8815	13.254225229180586
8816	13.25343249466423
8817	13.252639937056108
8818	13.251847397876618
8819	13.25105487935136
8820	13.250262495097223
8821	13.249470306681225
8822	13.24867836873084
8823	13.247886451235537
8824	13.247094548875696
8825	13.246302848597265
8826	13.245511166508946
8827	13.244719592048487
8828	13.243928487520762
8829	13.243137562747046
8830	13.242346757032506
8831	13.241556090171656
8832	13.240765694968966
8833	13.239975403602298
8834	13.23918521171411
8835	13.238395094849196
8836	13.237604999011678
8837	13.236814913610491
8838	13.236024861570316
8839	13.23523506461118
8840	13.234445396520066
8841	13.233655734639132
8842	13.232866076749906
8843	13.232076609529573
8844	13.23128724771833
8845	13.230498007836582
8846	13.229708771820837
8847	13.22891991121406
8848	13.228131079555633
8849	13.227342376202477
8850	13.226553685706989
8851	13.225765026066528
8852	13.224976429830747
8853	13.224187920028015
8854	13.223399878946765
8855	13.222611866216033
8856	13.22182392368789
8857	13.221036418753268
8858	13.22024908526939
8859	13.219461771279432
8860	13.218674707695543
8861	13.217887738120629
8862	13.217100793564693
8863	13.216313855751473
8864	13.21552695889948
8865	13.214740401699498
8866	13.213953851129398
8867	13.213167583053545
8868	13.212381558450355
8869	13.211595822242831
8870	13.210810248903483
8871	13.210024709099487
8872	13.209239320746534
8873	13.208454008931978
8874	13.207668822925536
8875	13.206883767706673
8876	13.206098785762203
8877	13.205313816072417
8878	13.204528878779922
8879	13.20374428572624
8880	13.202959868995421
8881	13.202175565948627
8882	13.201391393252027
8883	13.200607369727095
8884	13.19982364553499
8885	13.199039985833222
8886	13.19825642475098
8887	13.19747307265912
8888	13.196689825657304
8889	13.19590658619443
8890	13.19512345234364
8891	13.194340480780216
8892	13.19355751068031
8893	13.192774634550343
8894	13.19199181664017
8895	13.191209018594067
8896	13.190426504292391
8897	13.18964425823496
8898	13.188862086439073
8899	13.1880802032146
8900	13.187298433174561
8901	13.18651674604815
8902	13.185735191177194
8903	13.184953812987509
8904	13.184172466722586
8905	13.183391413977654
8906	13.182610476053839
8907	13.181829642823326
8908	13.181049203028229
8909	13.180268804592568
8910	13.179488555538153
8911	13.178708376246899
8912	13.177928285226216
8913	13.177148423130799
8914	13.176368603859556
8915	13.175589017440503
8916	13.174809487167467
8917	13.174029967291997
8918	13.173250539914843
8919	13.172471221601878
8920	13.171692031020935
8921	13.170912931410111
8922	13.170133860085356
8923	13.16935498684633
8924	13.168576194841265
8925	13.167797579876023
8926	13.167019115283482
8927	13.166240684995802
8928	13.165462570354105
8929	13.16468473615543
8930	13.163906940428713
8931	13.16312922702952
8932	13.162351541525263
8933	13.161574042854873
8934	13.160796758822991
8935	13.16001965755383
8936	13.159242594188797
8937	13.158465736806479
8938	13.157689051276822
8939	13.156912654119276
8940	13.156136262955311
8941	13.15536002863775
8942	13.154583813908596
8943	13.153807691237748
8944	13.153031607773713
8945	13.152255880722258
8946	13.15148030718122
8947	13.150704787462942
8948	13.149929378508265
8949	13.149154125845703
8950	13.148378914324445
8951	13.147603726938298
8952	13.146828846936845
8953	13.14605404493409
8954	13.145279492456137
8955	13.144505198896361
8956	13.143730909446923
8957	13.142956813257493
8958	13.142182743489364
8959	13.141408811416607
8960	13.140634961401792
8961	13.139861136490286
8962	13.139087431334406
8963	13.138314304761451
8964	13.137541261250629
8965	13.136768234113424
8966	13.135995657432222
8967	13.13522325696389
8968	13.134450999496853
8969	13.133678971019332
8970	13.132907075526777
8971	13.13213541983609
8972	13.13136395500988
8973	13.130592581929614
8974	13.129821234909947
8975	13.129049902986042
8976	13.128278691844068
8977	13.127507533530977
8978	13.126736379659441
8979	13.125965396216266
8980	13.125194468446788
8981	13.124423577665015
8982	13.12365280523916
8983	13.122882270991905
8984	13.122111840702193
8985	13.121341514534963
8986	13.12057131165196
8987	13.119801143725379
8988	13.119031175156215
8989	13.118261215661835
8990	13.117491394426597
8991	13.116721619260304
8992	13.115951907185309
8993	13.115182416732706
8994	13.114413075466778
8995	13.113643809488124
8996	13.11287459243715
8997	13.112105652950799
8998	13.111336772724998
8999	13.110568261583701
9000	13.109799789653524
9001	13.10903139236932
9002	13.108263049596568
9003	13.107495276798394
9004	13.106727654956094
9005	13.105960175971301
9006	13.105192768773476
9007	13.104425426351762
9008	13.103658091813838
9009	13.102890951321038
9010	13.102123958107322
9011	13.101357010215166
9012	13.100590199489172
9013	13.09982344928885
9014	13.099056845700407
9015	13.098290573534214
9016	13.09752453192109
9017	13.09675859818822
9018	13.095992666260235
9019	13.095226759106742
9020	13.094461231920796
9021	13.0936959540011
9022	13.092930726142924
9023	13.092165612378396
9024	13.091400539397492
9025	13.090635728556583
9026	13.089871105318895
9027	13.08910654486045
9028	13.088342075831392
9029	13.08757778933281
9030	13.086813628142332
9031	13.086049568158424
9032	13.085285680443594
9033	13.084521956705188
9034	13.083758440303766
9035	13.082994937126886
9036	13.082231529162362
9037	13.08146820082863
9038	13.080705142692384
9039	13.07994216893026
9040	13.079179337697614
9041	13.078416608151482
9042	13.077653917713015
9043	13.076891398483005
9044	13.07612900602878
9045	13.075366680822073
9046	13.074604702273616
9047	13.073842841937415
9048	13.07308102800067
9049	13.072319289526154
9050	13.071557579649275
9051	13.070796093040626
9052	13.070034796295765
9053	13.069273570128978
9054	13.068512529272581
9055	13.067751505255416
9056	13.066990535227477
9057	13.066229591656235
9058	13.065468714517582
9059	13.064707884509783
9060	13.06394724454551
9061	13.063186838517721
9062	13.062426660822544
9063	13.061666488475183
9064	13.060906439165418
9065	13.060146516820295
9066	13.05938675974938
9067	13.058627067360236
9068	13.057867471710612
9069	13.057107892741673
9070	13.05634836105808
9071	13.05558919677583
9072	13.054830091624755
9073	13.054071060928354
9074	13.053312080833617
9075	13.052553150338873
9076	13.05179433535126
9077	13.05103561747433
9078	13.050277179498694
9079	13.049518981477505
9080	13.048760932688555
9081	13.04800302167333
9082	13.04724512753571
9083	13.04648751287429
9084	13.045730005922094
9085	13.044972703465868
9086	13.044215439802587
9087	13.043458438687612
9088	13.042701543900234
9089	13.0419448307947
9090	13.041188247706195
9091	13.040431699607002
9092	13.039675268733996
9093	13.038919019404542
9094	13.038162840897037
9095	13.037407165351159
9096	13.0366515882777
9097	13.035896057221745
9098	13.035140669238967
9099	13.034385408192312
9100	13.033630212818975
9101	13.03287514195485
9102	13.032120085020498
9103	13.0313650775669
9104	13.030610127981506
9105	13.029855434315671
9106	13.02910075033741
9107	13.028346181516978
9108	13.027591754984535
9109	13.026837525785472
9110	13.026083451974797
9111	13.025329549474938
9112	13.02457573208041
9113	13.023822080999908
9114	13.023068442740128
9115	13.022315124894803
9116	13.021561865914798
9117	13.020808779797942
9118	13.020055827461594
9119	13.019303016199572
9120	13.018550313704255
9121	13.017797744481808
9122	13.017045321353486
9123	13.016293153204852
9124	13.015541222630436
9125	13.014789314424693
9126	13.01403748349821
9127	13.013285708282503
9128	13.012533954822604
9129	13.011782343506637
9130	13.011030761452687
9131	13.01027924506104
9132	13.009527769272443
9133	13.008776424997743
9134	13.008025115044383
9135	13.007273887221059
9136	13.006522772770596
9137	13.00577185056684
9138	13.005021232390344
9139	13.004270755259979
9140	13.003520442324016
9141	13.002770191183098
9142	13.002020055728238
9143	13.001269998087881
9144	13.000520027934195
9145	12.99977060003254
9146	12.999021185646058
9147	12.99827186701535
9148	12.997522656662134
9149	12.996773622297301
9150	12.996024778364376
9151	12.995276081913875
9152	12.994527582675019
9153	12.993779297499641
9154	12.993031096969279
9155	12.992282952910768
9156	12.991534956002008
9157	12.990787189430117
9158	12.990039509478757
9159	12.989291964547604
9160	12.988544477966053
9161	12.98779713089602
9162	12.987050009919262
9163	12.986302901649678
9164	12.98555586809201
9165	12.984808899995576
9166	12.984062094005541
9167	12.983315340352398
9168	12.982568632721806
9169	12.9818221341149
9170	12.981075813791671
9171	12.980329546866107
9172	12.979583618061447
9173	12.978837770835197
9174	12.978092130814918
9175	12.977346671258584
9176	12.97660148025412
9177	12.975856302767049
9178	12.975111221899207
9179	12.974366347787486
9180	12.973621575933514
9181	12.972876843869662
9182	12.972132151969397
9183	12.971387605678927
9184	12.97064312687833
9185	12.969898903790325
9186	12.969154700951684
9187	12.96841061170286
9188	12.967666536257319
9189	12.966922534462132
9190	12.96617863936033
9191	12.965434979205378
9192	12.96469141811864
9193	12.963947939928298
9194	12.963204843296216
9195	12.962461850256744
9196	12.9617188982108
9197	12.960976108982317
9198	12.960233684479508
9199	12.959491295965025
9200	12.958748928790127
9201	12.958006774794901
9202	12.957264786197056
9203	12.956522977132186
9204	12.955781287050964
9205	12.955039609258437
9206	12.954297932065522
9207	12.953556342546841
9208	12.952814940112207
9209	12.95207362276732
9210	12.951332382545255
9211	12.950591161225539
9212	12.949849998272631
9213	12.949108886065453
9214	12.948368144917477
9215	12.947627605139349
9216	12.94688713437172
9217	12.946146776237482
9218	12.945406501517326
9219	12.944666302391555
9220	12.943926143260294
9221	12.943186052962533
9222	12.942446040506695
9223	12.94170611270763
9224	12.940966213626751
9225	12.940226316440743
9226	12.9394865135144
9227	12.938746717069128
9228	12.938006997732957
9229	12.937267384456538
9230	12.936527983054019
9231	12.935788807159117
9232	12.935049738776915
9233	12.934310896118419
9234	12.93357208863417
9235	12.93283332682322
9236	12.932094649357762
9237	12.931356210251852
9238	12.930617876115596
9239	12.929879561404887
9240	12.929141390241917
9241	12.928403354529403
9242	12.927665434726169
9243	12.926928204501516
9244	12.926191129401106
9245	12.925454122460266
9246	12.924717361672956
9247	12.92398060602188
9248	12.923243961146719
9249	12.92250734553664
9250	12.92177095140275
9251	12.921034642366562
9252	12.920298425016087
9253	12.9195623199974
9254	12.918826349052546
9255	12.918090529499706
9256	12.917355005114324
9257	12.916619517268106
9258	12.915884124689264
9259	12.915148800725984
9260	12.91441357026661
9261	12.913678545861584
9262	12.912943564596286
9263	12.912208585913426
9264	12.91147374327231
9265	12.910738969281162
9266	12.910004250846653
9267	12.909269555830331
9268	12.908534871838503
9269	12.907800197002432
9270	12.90706556264066
9271	12.906331087500272
9272	12.905596743213177
9273	12.904862604139304
9274	12.904128493698902
9275	12.903394662552499
9276	12.902660984161832
9277	12.901927401789466
9278	12.901194193343374
9279	12.900461039391697
9280	12.89972802379803
9281	12.89899503897879
9282	12.898262117917163
9283	12.897529219615748
9284	12.896796599991008
9285	12.896063999930627
9286	12.895331420820103
9287	12.894598979601914
9288	12.893866807248251
9289	12.893134722699168
9290	12.892402960549582
9291	12.891671396142305
9292	12.890939927647377
9293	12.89020850773642
9294	12.889477203907795
9295	12.888745988204521
9296	12.88801489414997
9297	12.887283934674205
9298	12.886553249877844
9299	12.885822753486652
9300	12.885092259653783
9301	12.884361841510358
9302	12.883631741561398
9303	12.882901724542112
9304	12.882172058234831
9305	12.881442713061526
9306	12.880713425718925
9307	12.879984379894
9308	12.87925538940443
9309	12.878526417225746
9310	12.877797563384416
9311	12.87706884514563
9312	12.876340153128293
9313	12.875611775340724
9314	12.874883480575743
9315	12.874155275463458
9316	12.87342718422411
9317	12.872699137798774
9318	12.871971148577263
9319	12.871243178044605
9320	12.8705153719943
9321	12.869787809586732
9322	12.869060281002847
9323	12.8683328381975
9324	12.86760546757182
9325	12.866878232368654
9326	12.866151220823317
9327	12.865424260943332
9328	12.864697434251383
9329	12.863970672912446
9330	12.863244086359167
9331	12.862517647787243
9332	12.861791223504865
9333	12.861064816526083
9334	12.860338646696313
9335	12.859612510562345
9336	12.858886456257242
9337	12.858160420043374
9338	12.857434477057852
9339	12.85670857646211
9340	12.855982700495973
9341	12.85525698630132
9342	12.854531311695343
9343	12.853805803362835
9344	12.853080548688663
9345	12.852355509795025
9346	12.851630724040538
9347	12.850906121547082
9348	12.850181684166285
9349	12.849457250584942
9350	12.848732847712428
9351	12.848008571933644
9352	12.84728443206718
9353	12.846560343569259
9354	12.845836414945868
9355	12.845112534682524
9356	12.844388863243545
9357	12.843665222348617
9358	12.842941792744394
9359	12.842218432207844
9360	12.841495090156888
9361	12.84077196435864
9362	12.840048872903035
9363	12.839326129825624
9364	12.8386034669711
9365	12.837880984395607
9366	12.837159013005781
9367	12.836437046887726
9368	12.835715097872813
9369	12.83499323033994
9370	12.834271618009836
9371	12.833550115811931
9372	12.832828693526503
9373	12.832107653290269
9374	12.831386614678348
9375	12.830665597208384
9376	12.829944717966141
9377	12.829223850166883
9378	12.828503078185086
9379	12.827782820761279
9380	12.827062670501713
9381	12.826342549372622
9382	12.825622463760388
9383	12.824902423488231
9384	12.82418239710655
9385	12.823462537088641
9386	12.82274275925703
9387	12.822023011022123
9388	12.821303374915606
9389	12.82058375050893
9390	12.819864286413
9391	12.81914494649459
9392	12.818425715129546
9393	12.81770657788678
9394	12.816987643385739
9395	12.81626878707182
9396	12.815549958964013
9397	12.814831410245597
9398	12.81411310711211
9399	12.81339485261996
9400	12.812676612248408
9401	12.811958428693659
9402	12.811240620028649
9403	12.810522862783964
9404	12.809805226796973
9405	12.809087601593877
9406	12.808370058737998
9407	12.807652673971587
9408	12.806935388605792
9409	12.80621836426583
9410	12.805501514428363
9411	12.804784735938325
9412	12.804068123439862
9413	12.80335190256936
9414	12.802635759105499
9415	12.801919658130204
9416	12.801203559252304
9417	12.800487636784059
9418	12.799771736945996
9419	12.799055890757693
9420	12.798340092539446
9421	12.797624308044437
9422	12.796908599154468
9423	12.796193028121152
9424	12.795477462543584
9425	12.794762033109008
9426	12.794046615285046
9427	12.793331420504249
9428	12.79261622966902
9429	12.791901081021042
9430	12.79118599966584
9431	12.790471188166299
9432	12.789756562418562
9433	12.789042206349631
9434	12.788327887251093
9435	12.787613904438363
9436	12.78690000751508
9437	12.786186111247204
9438	12.785472367882644
9439	12.784758644863338
9440	12.78404499857953
9441	12.783331369656139
9442	12.782617790349168
9443	12.78190461661479
9444	12.781191757979265
9445	12.780478955630185
9446	12.779766176743843
9447	12.779053518941128
9448	12.778340877983958
9449	12.777628318033388
9450	12.776915860002466
9451	12.776203403868788
9452	12.775490974106884
9453	12.774778647952248
9454	12.774066768303092
9455	12.773354896567579
9456	12.772643210666216
9457	12.771931604941608
9458	12.771220113265302
9459	12.770508771281946
9460	12.769797495000647
9461	12.769086467504538
9462	12.768375483362725
9463	12.76766464408606
9464	12.766953840904392
9465	12.766243117831177
9466	12.765532542621449
9467	12.764822023018013
9468	12.764111554445327
9469	12.763401101218953
9470	12.7626908250251
9471	12.76198069450567
9472	12.761270873556072
9473	12.760561179447741
9474	12.759851510184998
9475	12.75914191837799
9476	12.75843236123025
9477	12.757723143915882
9478	12.757014021482398
9479	12.756305062499935
9480	12.755596335085515
9481	12.754887609293064
9482	12.754178971013745
9483	12.753470690282564
9484	12.752762612244439
9485	12.752054539481344
9486	12.751346640473365
9487	12.750639087924412
9488	12.749931685775184
9489	12.74922429068723
9490	12.74851700412726
9491	12.747809915019081
9492	12.747102879303894
9493	12.746395871778148
9494	12.745688897863234
9495	12.74498203004154
9496	12.744275226084211
9497	12.743568487475073
9498	12.742861795702497
9499	12.742155209738801
9500	12.741448748864316
9501	12.740742354153817
9502	12.740035982434245
9503	12.739329627133253
9504	12.738623659902087
9505	12.73791780370777
9506	12.737212032114398
9507	12.736506304434828
9508	12.735800624660095
9509	12.735094953799424
9510	12.73438944292873
9511	12.733683969085632
9512	12.732978708644344
9513	12.732273997307166
9514	12.731569293995705
9515	12.730864719331045
9516	12.730160294918749
9517	12.729455908640837
9518	12.728751582697896
9519	12.728047272514948
9520	12.72734304062668
9521	12.726638951978005
9522	12.725934877960546
9523	12.725230858658408
9524	12.724527031523476
9525	12.723823249733593
9526	12.723119570840733
9527	12.722415981927153
9528	12.721712471870244
9529	12.721009184509201
9530	12.72030598232692
9531	12.719602839327706
9532	12.718899756628513
9533	12.718196826327862
9534	12.717494041108907
9535	12.716791263748204
9536	12.716088681014506
9537	12.715386302678642
9538	12.714684056155342
9539	12.713981916617488
9540	12.713279922729152
9541	12.712577938178617
9542	12.71187608843431
9543	12.711174274064348
9544	12.71047246444009
9545	12.709770906383957
9546	12.709069429381794
9547	12.708368235243013
9548	12.707667085330257
9549	12.70696596774408
9550	12.706265070091137
9551	12.70556424227727
9552	12.704863453124576
9553	12.704162687595485
9554	12.703462159392924
9555	12.702761770524925
9556	12.702061525666041
9557	12.701361298835225
9558	12.700661113924594
9559	12.699960994043995
9560	12.699260999243103
9561	12.698561100480607
9562	12.697861283892609
9563	12.697161666977976
9564	12.6964621743232
9565	12.695762831010537
9566	12.695063647285021
9567	12.694364475972929
9568	12.693665415452745
9569	12.692966391963699
9570	12.692267403933139
9571	12.691568490757435
9572	12.690869774926872
9573	12.69017127308354
9574	12.689472952082673
9575	12.68877470709051
9576	12.688076570787938
9577	12.687378544505723
9578	12.686680625595592
9579	12.685982815676507
9580	12.685285120410093
9581	12.684587457631995
9582	12.683889961768788
9583	12.683192669840077
9584	12.682495714577703
9585	12.681798771728923
9586	12.681101867771158
9587	12.68040498265462
9588	12.679708125693224
9589	12.679011315869445
9590	12.678314524181493
9591	12.677618022928474
9592	12.676921543318459
9593	12.676225163393397
9594	12.67552891050658
9595	12.674832674524705
9596	12.674136684586074
9597	12.673440724170709
9598	12.672745086505724
9599	12.672049612096618
9600	12.671354176453985
9601	12.670658777898007
9602	12.669963403639645
9603	12.669268175340267
9604	12.66857301647817
9605	12.667877980521643
9606	12.667183020857507
9607	12.666488232233041
9608	12.665793730256404
9609	12.665099311987605
9610	12.664404989562351
9611	12.663710844544037
9612	12.663016702219746
9613	12.662322629213637
9614	12.661628642285324
9615	12.660934713751434
9616	12.660240946473243
9617	12.659547269056281
9618	12.65885363546068
9619	12.658160069260237
9620	12.657466790973194
9621	12.65677362059065
9622	12.656080559880625
9623	12.655387582003645
9624	12.654694633297861
9625	12.654001959376522
9626	12.653309309902124
9627	12.65261672207064
9628	12.65192420638963
9629	12.651231827196497
9630	12.65053960123781
9631	12.649847412608437
9632	12.649155362488811
9633	12.648463482800455
9634	12.647771634078818
9635	12.64707990370875
9636	12.646388216682253
9637	12.645696591392001
9638	12.645005015902946
9639	12.644313494518457
9640	12.643622097036834
9641	12.642930730207903
9642	12.642239517800595
9643	12.641548678729702
9644	12.640857938647112
9645	12.640167273605245
9646	12.639476634792631
9647	12.63878601881276
9648	12.638095640657824
9649	12.637405539999682
9650	12.636715508823652
9651	12.636025486408345
9652	12.635335560551734
9653	12.63464577496427
9654	12.633956000414479
9655	12.633266327073141
9656	12.632576801087179
9657	12.631887375100115
9658	12.631198102472517
9659	12.630509008425458
9660	12.6298200406933
9661	12.629131141646932
9662	12.628442277909041
9663	12.627753426839446
9664	12.627064767202521
9665	12.626376403622805
9666	12.625688206450546
9667	12.625000169158344
9668	12.624312352178286
9669	12.6236246707534
9670	12.622937203266739
9671	12.622249829395297
9672	12.621562638675128
9673	12.620875590349035
9674	12.620188770161795
9675	12.619502018389253
9676	12.618815526153147
9677	12.618129145237193
9678	12.617442831237724
9679	12.616756543323365
9680	12.616070353290368
9681	12.615384207356172
9682	12.61469813277086
9683	12.614012134240124
9684	12.613326226162295
9685	12.612640548300595
9686	12.611954871108507
9687	12.611269307872897
9688	12.610583884683336
9689	12.609898521290498
9690	12.609213387524271
9691	12.608528269348021
9692	12.607843359322969
9693	12.607158606999796
9694	12.606473857919543
9695	12.605789191326934
9696	12.605104593912833
9697	12.604420130489148
9698	12.603735777291025
9699	12.603051645711835
9700	12.602367537028297
9701	12.601683510368483
9702	12.600999679594201
9703	12.60031594199445
9704	12.599632341016113
9705	12.598948743424609
9706	12.598265294607787
9707	12.597581932933831
9708	12.596898607476355
9709	12.596215414664666
9710	12.59553231815089
9711	12.594849437921662
9712	12.59416662146496
9713	12.593483877841097
9714	12.592801379277146
9715	12.592118944182847
9716	12.591436516246887
9717	12.59075410593389
9718	12.590071910879466
9719	12.589389781208391
9720	12.588707741346646
9721	12.588025742860733
9722	12.587343748509799
9723	12.586662019731728
9724	12.585980435611285
9725	12.585299220167673
9726	12.58461817090609
9727	12.583937189456135
9728	12.58325628206235
9729	12.582575388243157
9730	12.581894556594618
9731	12.581213741318335
9732	12.580533218790222
9733	12.579852739901257
9734	12.579172298609997
9735	12.57849200005579
9736	12.577811707380048
9737	12.57713143388463
9738	12.576451205552342
9739	12.575771103880914
9740	12.575091235947076
9741	12.574411407055598
9742	12.573731699100348
9743	12.57305202176349
9744	12.572372516114418
9745	12.571693116645477
9746	12.571013947676917
9747	12.57033491205966
9748	12.569655940337668
9749	12.568976988527464
9750	12.568298147408981
9751	12.567619477280655
9752	12.56694097236395
9753	12.566262746404487
9754	12.565584545240762
9755	12.56490636475161
9756	12.56422839397602
9757	12.56355048314329
9758	12.56287268948195
9759	12.562195419617877
9760	12.561518306401371
9761	12.560841226050234
9762	12.560164223951732
9763	12.559487411181324
9764	12.55881079552147
9765	12.558134255895585
9766	12.557457810540827
9767	12.556781425421867
9768	12.556105072081417
9769	12.555428898167314
9770	12.554752824178525
9771	12.554077040248407
9772	12.553401407593007
9773	12.55272593179584
9774	12.552050514882609
9775	12.551375112757379
9776	12.550699819384327
9777	12.550024650050585
9778	12.549349528814444
9779	12.548674571093725
9780	12.547999664682454
9781	12.547324833278678
9782	12.546650014058107
9783	12.545975255860844
9784	12.545300582932613
9785	12.544625977427636
9786	12.54395144266846
9787	12.543277039777035
9788	12.542602822127476
9789	12.541928827967352
9790	12.541254971427517
9791	12.540581220863125
9792	12.53990761458348
9793	12.539234251592426
9794	12.538560915233106
9795	12.537887744937215
9796	12.537214605990554
9797	12.536541532758692
9798	12.535868470652545
9799	12.535195413870019
9800	12.534522505950974
9801	12.53384960120129
9802	12.533176721913337
9803	12.532503920372251
9804	12.531831218633348
9805	12.531158690543577
9806	12.530486171200582
9807	12.529813696971372
9808	12.529141315797999
9809	12.528469016650131
9810	12.527796780152958
9811	12.527124957041416
9812	12.526453161919632
9813	12.525781395767682
9814	12.525109759412436
9815	12.524438198739862
9816	12.523766678139177
9817	12.523095226560773
9818	12.522423818390404
9819	12.521752561514536
9820	12.521081469050902
9821	12.520410399551038
9822	12.51973937445817
9823	12.519068435640047
9824	12.518397577612756
9825	12.517726771816145
9826	12.517056093787795
9827	12.516385500588584
9828	12.515715104187809
9829	12.515044836995905
9830	12.514374685067562
9831	12.51370457260046
9832	12.51303447741668
9833	12.512364529575283
9834	12.511694952204534
9835	12.511025426790614
9836	12.510355918859478
9837	12.509686605641075
9838	12.50901736427729
9839	12.508348267266793
9840	12.507679382472562
9841	12.507010583375571
9842	12.50634197673223
9843	12.505673464739356
9844	12.505005019656586
9845	12.504336590237799
9846	12.503668167431675
9847	12.503000053869158
9848	12.502332119201164
9849	12.501664323567693
9850	12.500996531468063
9851	12.50032882547655
9852	12.499661131730681
9853	12.498993471908546
9854	12.498325927097746
9855	12.497658531447536
9856	12.496991206051641
9857	12.49632395344518
9858	12.495656920147038
9859	12.494989960549523
9860	12.494323018280626
9861	12.493656177401189
9862	12.49298955495523
9863	12.49232306638251
9864	12.491656635664697
9865	12.490990237130768
9866	12.490323910467847
9867	12.48965779846327
9868	12.488991704989708
9869	12.488325647578467
9870	12.487659788739709
9871	12.486994044312233
9872	12.486328369249467
9873	12.485662847615655
9874	12.484997341603432
9875	12.484331872703741
9876	12.483666418256607
9877	12.483001015642385
9878	12.482335704368623
9879	12.4816707333112
9880	12.48100583522442
9881	12.480340946038309
9882	12.479676301115074
9883	12.4790116720416
9884	12.478347279621412
9885	12.477682956719374
9886	12.47701868685113
9887	12.476354555280972
9888	12.475690465038392
9889	12.475026628676305
9890	12.4743628552665
9891	12.473699123784401
9892	12.473035513938967
9893	12.472372030510494
9894	12.471708598262792
9895	12.471045338370772
9896	12.470382116788235
9897	12.469718994892752
9898	12.469055935261276
9899	12.468392935467461
9900	12.467730178789818
9901	12.46706747969487
9902	12.46640484832272
9903	12.465742300834194
9904	12.465079799611761
9905	12.464417319353647
9906	12.463755033293708
9907	12.463092835828077
9908	12.462430806124875
9909	12.46176878005586
9910	12.461106877186127
9911	12.460444993020548
9912	12.45978320027272
9913	12.459121507900063
9914	12.458459872085879
9915	12.457798467936623
9916	12.457137100787923
9917	12.456475828365337
9918	12.455814740050803
9919	12.455153670557507
9920	12.454492710777798
9921	12.453831785337073
9922	12.453171176669803
9923	12.452510642335538
9924	12.451850145632706
9925	12.451189891548342
9926	12.450529749412174
9927	12.449869672499727
9928	12.449209742627817
9929	12.448549843890918
9930	12.44789013662435
9931	12.447230583551464
9932	12.446571065984404
9933	12.445911611297369
9934	12.445252336572015
9935	12.444593243017406
9936	12.44393420920062
9937	12.443275199347983
9938	12.442616301280953
9939	12.441957504931528
9940	12.441298932223013
9941	12.440640434580002
9942	12.439982007719403
9943	12.439323588156313
9944	12.438665228699954
9945	12.438006938072473
9946	12.437348722616901
9947	12.436690755406932
9948	12.436032808029394
9949	12.435375069071734
9950	12.434717527817725
9951	12.434059996818455
9952	12.433402536905456
9953	12.432745298169714
9954	12.432088085196805
9955	12.431431038368965
9956	12.430774108194015
9957	12.430117230828646
9958	12.42946050829802
9959	12.428803811397453
9960	12.428147315208985
9961	12.427490834174817
9962	12.42683447363642
9963	12.42617821276159
9964	12.425521977974226
9965	12.424866102868414
9966	12.424210330958907
9967	12.423554745029998
9968	12.422899288806741
9969	12.422243980017605
9970	12.421588722020116
9971	12.420933536317559
9972	12.42027841545746
9973	12.419623355574142
9974	12.418968300486636
9975	12.418313350882155
9976	12.417658419977107
9977	12.417003495228489
9978	12.416348594273703
9979	12.415693721946166
9980	12.415038941697771
9981	12.414384171905144
9982	12.413729654135079
9983	12.413075221764991
9984	12.412420947616756
9985	12.41176674332304
9986	12.411112546020584
9987	12.410458558630928
9988	12.409804615959816
9989	12.409150727906551
9990	12.408497041946623
9991	12.407843364322403
9992	12.407189714908432
9993	12.406536124803985
9994	12.405882671119555
9995	12.405229344823473
9996	12.40457611786318
9997	12.40392299796692
9998	12.40326991822994
9999	12.402617028544624
10000	12.401964295773318

