# METHOD: Posteriori - alpha = hmax/hmin+hmin
# Nshots: 1000
1	128.18720195554042
2	107.45277745691463
3	90.7255109496835
4	85.13866831994686
5	80.03686021606518
6	77.07947218377753
7	74.87649911323187
8	73.85499434262717
9	73.05676516793555
10	72.3147558775461
11	72.24898110725574
12	71.19000016448447
13	70.61180796505685
14	69.59551511390612
15	69.0520187942223
16	65.20820826462187
17	62.75752558621084
18	61.867420583373644
19	60.98442615191517
20	60.964396319057144
21	61.072652765409835
22	60.980239860856564
23	60.92878172061425
24	61.09701945918584
25	61.17723561066753
26	61.3579068312349
27	61.47991777587505
28	61.33816465832875
29	61.235393719599216
30	61.238768160172434
31	61.28392210827384
32	61.19922915082206
33	61.179690182296
34	60.70162425945834
35	60.703238424359256
36	60.623668967586745
37	60.552991641462135
38	59.64158398528996
39	58.98602870732324
40	58.46767621460734
41	58.06130538159858
42	57.73676308261083
43	57.46730149522686
44	57.248525578000944
45	57.06431017020444
46	55.00006567044622
47	53.56413335121509
48	52.65860222073535
49	52.21171825850875
50	50.763097268497084
51	49.58226536836566
52	48.6749469451036
53	47.63161382697362
54	46.93000090639928
55	46.442700993106115
56	45.90400965962916
57	45.501637910833864
58	44.99894007378104
59	44.788001929044334
60	44.26031979038864
61	43.829371179861624
62	43.41834250332367
63	43.10125831573594
64	42.84389481402586
65	42.52901542636359
66	42.33093361908877
67	42.10117891737876
68	41.911379132473876
69	41.697883752589284
70	41.51139666856506
71	41.34101922091274
72	41.14523982975102
73	41.01357990782892
74	40.82845047691762
75	40.68568008612949
76	40.53931956552141
77	40.42149788964169
78	40.366591221605674
79	40.32109081384809
80	40.17630148678287
81	40.04544922652073
82	39.94430743366253
83	39.85134723599285
84	39.74785649048227
85	39.652971938099924
86	39.57906179423254
87	39.51014894296505
88	39.514878698125855
89	39.23713572207213
90	38.98697272859415
91	38.995166808767266
92	38.9403579576412
93	38.860108188954264
94	38.81080368474301
95	38.736811174977376
96	38.66641400043891
97	38.614430294238254
98	38.515514814015255
99	38.44919364798009
100	38.357874982151365
101	38.269631051495615
102	38.149487031843314
103	38.03751213909025
104	37.935780665381216
105	37.83489931047092
106	37.74280560647496
107	37.651193926600676
108	37.56715681433419
109	37.492938130280905
110	37.3904035437826
111	37.29401397097229
112	37.203238244040826
113	37.11730156987589
114	37.02114508365507
115	36.93052153291833
116	36.844500985776136
117	36.771688973397715
118	36.683175989040464
119	36.602970556104786
120	36.515910894211466
121	36.43186052871934
122	36.35214555569299
123	36.27871719628262
124	36.19602406781972
125	36.123557315930015
126	36.000202582101934
127	35.8947772495826
128	35.58488931592563
129	35.27485583419262
130	35.07394608884337
131	34.76684892821952
132	34.60652312789004
133	34.448313715926396
134	34.194226714059276
135	34.0430461105415
136	33.82770822209762
137	33.61415095467346
138	33.375243898032785
139	33.0602568483156
140	32.765238133368406
141	32.443136182243585
142	32.12478532673699
143	31.812792815368223
144	31.506088968305157
145	31.183578887883343
146	30.904652925776194
147	30.65425143619608
148	30.40933737291359
149	30.17104019955313
150	29.940184714724218
151	29.71859242843503
152	29.520204596326746
153	29.337640372593764
154	29.159389557331707
155	28.983784253466684
156	28.813222545315742
157	28.644904793924272
158	28.478450344021873
159	28.314088038399888
160	28.152586156825922
161	27.99501381204029
162	27.840893553118352
163	27.693713478740797
164	27.552654023993142
165	27.414512451682004
166	27.278145025966783
167	27.142823698040786
168	27.009414332426164
169	26.875217181344503
170	26.743744740347914
171	26.615284201747592
172	26.488387869054744
173	26.36589961356899
174	26.24498999032378
175	26.12590489663008
176	26.009046510969952
177	25.89347885196733
178	25.779760882953752
179	25.666692862011853
180	25.55455790023648
181	25.444398580284986
182	25.33828471275194
183	25.232698416629724
184	25.128402613154528
185	25.0246304711179
186	24.9217546249623
187	24.82104493337436
188	24.720570202133768
189	24.62254753223302
190	24.52531570570908
191	24.431074574164494
192	24.33800891243722
193	24.245434637521168
194	24.15530377316067
195	24.065460608003967
196	23.97734363648521
197	23.891935798384978
198	23.808215009847196
199	23.724893260817453
200	23.64313012891982
201	23.560938069010874
202	23.48043703661021
203	23.399327900036898
204	23.32099257459462
205	23.243251967725563
206	23.16604979431387
207	23.089074998145414
208	23.01247823752553
209	22.936246142312317
210	22.860586706364046
211	22.78522825579072
212	22.711171718596326
213	22.637509941036548
214	22.564285005415417
215	22.49083789690447
216	22.41899961943092
217	22.34908360752512
218	22.279865475390444
219	22.210509989579418
220	22.142479626390635
221	22.07539368048511
222	22.008747532626554
223	21.942990769949272
224	21.877465396389702
225	21.812899931486626
226	21.74872901471057
227	21.684736881825337
228	21.62165622079241
229	21.55893921597375
230	21.496959553587075
231	21.43558863722724
232	21.374274803511412
233	21.311726119301472
234	21.251035855287896
235	21.190997777191246
236	21.1312317422316
237	21.071685216017894
238	21.01295391867736
239	20.954672282060695
240	20.897005406549976
241	20.839977186358418
242	20.78363691177377
243	20.727624287635575
244	20.67079096456338
245	20.613448078051977
246	20.5572177409788
247	20.50188482489084
248	20.4468137342829
249	20.392492734330126
250	20.338325673904052
251	20.284795217756496
252	20.231899480982992
253	20.174280616919464
254	20.121402374450344
255	20.069002088410354
256	20.01772086037656
257	19.966710669755706
258	19.915907793503575
259	19.865562528398392
260	19.816062350944208
261	19.766770965320077
262	19.717975592364215
263	19.670087582593823
264	19.62263145708577
265	19.57590557802016
266	19.529511429882106
267	19.483689363861874
268	19.43820750122964
269	19.393003621305304
270	19.348518283645717
271	19.30433419832244
272	19.26035418811672
273	19.216664308001143
274	19.173276442429607
275	19.1305347299298
276	19.088149691496387
277	19.045995769430636
278	19.004182421203982
279	18.962442564278543
280	18.92078888322405
281	18.87949214780514
282	18.838652676734707
283	18.798090951174142
284	18.75770556684147
285	18.71751225590748
286	18.67771348148448
287	18.638394266958812
288	18.599399382725665
289	18.560685997743967
290	18.52205214513577
291	18.483782406423167
292	18.4460503582935
293	18.408520417809097
294	18.37113170859145
295	18.333878619151548
296	18.296843005692573
297	18.26037928194761
298	18.224281404348805
299	18.18830636492202
300	18.15250702761642
301	18.116908483820996
302	18.081384793629745
303	18.046083205084333
304	18.01085710534578
305	17.975886151711155
306	17.941065156411497
307	17.906373289981712
308	17.87217234486387
309	17.838187979244555
310	17.804245749827405
311	17.7703844524831
312	17.736708798363004
313	17.703248669520733
314	17.669879576910436
315	17.63676646207931
316	17.603717168980687
317	17.571077241721273
318	17.53868891581404
319	17.506400961129756
320	17.474202610922575
321	17.44211594281333
322	17.41008383953157
323	17.378192168822657
324	17.346478127780433
325	17.314884285229247
326	17.28334872810197
327	17.25195254497692
328	17.220609646404167
329	17.189393398432465
330	17.158266331909765
331	17.127161485719228
332	17.096201459755946
333	17.065379310698585
334	17.03472219939068
335	17.00426298327715
336	16.973902172824854
337	16.94358766164838
338	16.9134106159446
339	16.883288987593723
340	16.852532716120034
341	16.822554010023946
342	16.79324246663579
343	16.764054636644026
344	16.73498448610097
345	16.706251432176604
346	16.677648190770586
347	16.649167140429583
348	16.62088932605517
349	16.592821429458503
350	16.56493263134769
351	16.53718545091024
352	16.509529605034256
353	16.48192380280603
354	16.45438814487978
355	16.426996145804807
356	16.39991897346649
357	16.37292024403938
358	16.34602014969424
359	16.319253151212813
360	16.29258687278915
361	16.266024259539698
362	16.239508192806618
363	16.213047323457516
364	16.186702885422246
365	16.160380321360037
366	16.134277753044945
367	16.108211679652094
368	16.082204545665743
369	16.05626371724438
370	16.03041105070527
371	16.00480789836198
372	15.979319666814712
373	15.953861900207059
374	15.92855422080195
375	15.903254747312918
376	15.878081416905733
377	15.853018089098132
378	15.828047433323007
379	15.803191962218648
380	15.778388557439804
381	15.753854023174505
382	15.729420128570569
383	15.70499740691147
384	15.680687367918297
385	15.656454582260487
386	15.632244512634463
387	15.608199660611383
388	15.584190963668387
389	15.560289302209052
390	15.53640340477938
391	15.512702792705754
392	15.489026619985312
393	15.465412721485148
394	15.44189560745091
395	15.418584660682871
396	15.39454713033546
397	15.371451666863871
398	15.348520197732604
399	15.325806355317606
400	15.303105675185872
401	15.280462702349476
402	15.25792282401687
403	15.235534659144134
404	15.213198025436949
405	15.191019888715415
406	15.168918602640455
407	15.146884454938354
408	15.124860138310595
409	15.10300086821712
410	15.081237853608785
411	15.058945591457736
412	15.03726273013228
413	15.015646325509667
414	14.994107585911268
415	14.972670552894382
416	14.951328950580656
417	14.929524248669928
418	14.908306151602176
419	14.887182399654938
420	14.866075069074475
421	14.845051163816098
422	14.824047117900893
423	14.803107836381791
424	14.782221109792742
425	14.761426701514708
426	14.74065786593342
427	14.71991539715471
428	14.699332961240417
429	14.678869654706164
430	14.658441008941812
431	14.638104680320579
432	14.617781414509292
433	14.597578913919818
434	14.577544403930686
435	14.55752440425729
436	14.537643523060074
437	14.517772609783846
438	14.49802263912126
439	14.478286873108438
440	14.458671486177986
441	14.439065418338208
442	14.419532933806359
443	14.400083312118303
444	14.380678304571262
445	14.36137841939639
446	14.342095610799003
447	14.322856407929745
448	14.303680321696353
449	14.284712083870927
450	14.26587152901673
451	14.247102443345895
452	14.228513255207211
453	14.20996490271894
454	14.191551175208527
455	14.173186381002148
456	14.154910355480064
457	14.13671229373061
458	14.118674954612922
459	14.100672742878809
460	14.08272381240054
461	14.064806488472154
462	14.0469822072414
463	14.029191242406457
464	14.011432652268596
465	13.993715070308971
466	13.976049366046137
467	13.958412077220629
468	13.940796027140696
469	13.923241794167435
470	13.905699541547538
471	13.888190280042702
472	13.870689716813628
473	13.85324544015503
474	13.835856657976322
475	13.818523344519908
476	13.801312015472684
477	13.784234759816464
478	13.767189472887232
479	13.750269635959254
480	13.733428655018074
481	13.716625330397918
482	13.699902480900507
483	13.683217897350453
484	13.666607079244791
485	13.65002973765683
486	13.633496052937268
487	13.617034680911093
488	13.6007030423998
489	13.584432020102943
490	13.56821789204401
491	13.55204274176119
492	13.535883893094176
493	13.519825614555012
494	13.50378828786438
495	13.487831075362283
496	13.471892163632177
497	13.456075166348509
498	13.440280406505405
499	13.424492578565664
500	13.408785890085985
501	13.393108952484427
502	13.377461315586217
503	13.361877887433035
504	13.346332955338768
505	13.330803858420392
506	13.31530774986257
507	13.299859834467345
508	13.284483315780244
509	13.269188208232281
510	13.253964932990694
511	13.238799081607297
512	13.223185090185472
513	13.208072714044379
514	13.192995987590415
515	13.177892920380954
516	13.16283831750949
517	13.147841018394773
518	13.132901124129376
519	13.11797278987116
520	13.103065379323747
521	13.088273331906937
522	13.073519387558095
523	13.0587954789301
524	13.044090457459728
525	13.029449149669192
526	13.014834667253302
527	13.000244997798262
528	12.985721723515507
529	12.971218808529013
530	12.956743628662082
531	12.942371778630623
532	12.92811958644982
533	12.913896915953691
534	12.899712486158009
535	12.885560292577704
536	12.871431246384676
537	12.857427632017213
538	12.84346613586782
539	12.829574518023396
540	12.815788961105898
541	12.802014908659809
542	12.788271387574268
543	12.774533298671493
544	12.760612419131657
545	12.746988229747528
546	12.733481883118797
547	12.719991853930807
548	12.706565733725935
549	12.693154270186898
550	12.679805141097686
551	12.666477116821632
552	12.652998385355325
553	12.639790185904213
554	12.626620409389616
555	12.613508774763575
556	12.600433891108382
557	12.587423587844937
558	12.574429145952182
559	12.56151286308409
560	12.548639823548024
561	12.535781583599316
562	12.522936896904433
563	12.510128217832506
564	12.49734740138604
565	12.484609091218253
566	12.4719588037452
567	12.459332659533498
568	12.446730321731655
569	12.434208228936672
570	12.421733515300746
571	12.409328797298889
572	12.396955601783958
573	12.384598424328928
574	12.372250654228562
575	12.359912896531878
576	12.347608689498756
577	12.335337313382533
578	12.32311849344114
579	12.310916177564398
580	12.298730035219412
581	12.286553827546744
582	12.274388917006359
583	12.262259575288496
584	12.250139889249436
585	12.238028698838368
586	12.226013608612684
587	12.214003192061561
588	12.202017796204075
589	12.190044895671598
590	12.1780805542346
591	12.166200544070339
592	12.154350799890569
593	12.142343877734852
594	12.130529845037966
595	12.11874985281104
596	12.106980550942911
597	12.095248830125207
598	12.083527319239797
599	12.071852741181369
600	12.060194051154124
601	12.048553592580813
602	12.036959388964483
603	12.025455193342669
604	12.013978957071798
605	12.002567340176482
606	11.99118058627519
607	11.97980046379517
608	11.968430240843013
609	11.957065899011901
610	11.945723356854451
611	11.934382617988218
612	11.923064539143208
613	11.911855598108675
614	11.900680292293387
615	11.889557655129595
616	11.878488211313412
617	11.86747677867437
618	11.85651561582917
619	11.845516510392912
620	11.834631331663072
621	11.823776157452539
622	11.812949923940185
623	11.802148035104581
624	11.791384326865435
625	11.78065843243343
626	11.769980287222346
627	11.759313815105505
628	11.748681158901253
629	11.738068470143688
630	11.727466014024376
631	11.716889352187055
632	11.706340035900295
633	11.695831816358679
634	11.685342996815747
635	11.674861446754262
636	11.664415733114332
637	11.653999514843886
638	11.643621605052711
639	11.6332637813075
640	11.622933606979485
641	11.612626805491123
642	11.602355914516746
643	11.592112052014159
644	11.581931745393666
645	11.57180464144834
646	11.561700538542771
647	11.551612852630772
648	11.541570831437536
649	11.531577867314418
650	11.52160487792732
651	11.511645337131956
652	11.501707331799699
653	11.491793838031024
654	11.481895099713258
655	11.472034943332513
656	11.462184377772903
657	11.452348774659656
658	11.442524037650996
659	11.432720329158869
660	11.422858503965696
661	11.41308424291943
662	11.403341362137361
663	11.393623887840807
664	11.38391292815662
665	11.3742222126461
666	11.364572264329794
667	11.354949220299467
668	11.345381451048553
669	11.335837540678812
670	11.32630972535607
671	11.316697595193483
672	11.307188719023403
673	11.297686041739391
674	11.28782040703884
675	11.278328163160392
676	11.268865479486648
677	11.259411916327531
678	11.249966946181027
679	11.240533160776005
680	11.231134073093276
681	11.221738885596345
682	11.212397373367267
683	11.203060542448505
684	11.193746688308265
685	11.184482401856759
686	11.17526474282086
687	11.166061429527517
688	11.156884535261355
689	11.147711305620414
690	11.138549640315683
691	11.129403906484585
692	11.12026546455187
693	11.111142976654099
694	11.102039825189806
695	11.092940667008808
696	11.083849372354178
697	11.074769532835091
698	11.065695794118504
699	11.056640441138251
700	11.047620328452266
701	11.038639507817475
702	11.029717578681716
703	11.020807695693243
704	11.011930394321805
705	11.003063738441199
706	10.994221568536586
707	10.98542906330945
708	10.976658842387794
709	10.96790329705602
710	10.959173851318607
711	10.950455999401054
712	10.941752512286381
713	10.933104858201409
714	10.924478202978369
715	10.915892417721253
716	10.90733207554521
717	10.89879880467683
718	10.88989983586826
719	10.881386669196587
720	10.872895691492845
721	10.864449707105438
722	10.856011689748101
723	10.84759558972787
724	10.839197649801516
725	10.830812828985128
726	10.822438100918475
727	10.814091810495775
728	10.8057629318033
729	10.797450418953614
730	10.789149149981258
731	10.780864494447028
732	10.772592315172346
733	10.764340263901252
734	10.756093197672373
735	10.747857688322874
736	10.739640047362268
737	10.731437504611915
738	10.723244912378865
739	10.715083919069793
740	10.706942226160406
741	10.698837203194785
742	10.69075604800334
743	10.682683202996182
744	10.674617563736948
745	10.666564287716524
746	10.658539487991659
747	10.650562306473853
748	10.642588405240994
749	10.634626532246923
750	10.62666768380647
751	10.618728166704967
752	10.610797135978935
753	10.602873828229058
754	10.594958430003926
755	10.58705069106495
756	10.579149676773131
757	10.571266769461998
758	10.56338987578753
759	10.555524382583519
760	10.54768061839066
761	10.539851788543084
762	10.532040762613518
763	10.524238376872525
764	10.516450869868448
765	10.508476804997104
766	10.500718167927692
767	10.491880995580596
768	10.484126480371891
769	10.476378160332878
770	10.468641008129186
771	10.460940379435455
772	10.453285248039084
773	10.445648698805217
774	10.438021762818856
775	10.430401762478906
776	10.42278670247855
777	10.41518479350303
778	10.40759262876431
779	10.400047201534292
780	10.392518518402719
781	10.385014533946324
782	10.377537583450675
783	10.37008610275017
784	10.362677045913177
785	10.355299577248058
786	10.347926111648157
787	10.340572578434655
788	10.333222241107489
789	10.325889719411911
790	10.318571184663162
791	10.311269900343481
792	10.303975021134653
793	10.296715624881694
794	10.28949205894613
795	10.282276324869352
796	10.275066699791935
797	10.267880316209082
798	10.260704707451458
799	10.25354133002825
800	10.246403051582675
801	10.23927154987389
802	10.232160772715106
803	10.225057947812564
804	10.217982276696542
805	10.210911660441589
806	10.203857574854945
807	10.196810330229747
808	10.189785868237356
809	10.182769276642016
810	10.175763674196912
811	10.168786443049367
812	10.161812620272254
813	10.154686259045917
814	10.147749920453705
815	10.140818489396905
816	10.133892695457561
817	10.126981048588531
818	10.120082891313423
819	10.113190590141741
820	10.106329343802242
821	10.099477929699294
822	10.092631373210446
823	10.085791879164171
824	10.078959146625845
825	10.072134008292377
826	10.065329542462678
827	10.058551659123214
828	10.05178164545475
829	10.045019379712137
830	10.038269885540709
831	10.031531815854299
832	10.024794777751993
833	10.018062109305582
834	10.01134317796606
835	10.004627935889522
836	9.997915409804813
837	9.99121254062365
838	9.984526910969567
839	9.977846623118024
840	9.971173145853168
841	9.964504794031349
842	9.95784882523317
843	9.951202385952108
844	9.944565677384215
845	9.93793833451645
846	9.931312414668502
847	9.924692320877591
848	9.918091983897195
849	9.911498287573817
850	9.904906411216398
851	9.89831976275799
852	9.89174597173016
853	9.885182685690175
854	9.878626224911175
855	9.87209479552912
856	9.865581388156107
857	9.859076470926
858	9.85258487926408
859	9.846112398726596
860	9.839667094023977
861	9.833230926298137
862	9.826820689354083
863	9.820422130710273
864	9.814032766982299
865	9.807405919572918
866	9.801045722861899
867	9.794687520906265
868	9.788350038004156
869	9.782023142812289
870	9.775706227633068
871	9.769403554343782
872	9.763103014312119
873	9.756810655530217
874	9.750533892974639
875	9.744260960599473
876	9.737992397207295
877	9.731711705449314
878	9.725458447126051
879	9.719199195345588
880	9.712965161045569
881	9.706761280696924
882	9.700559427770923
883	9.694366242003984
884	9.688188964085532
885	9.68201907735186
886	9.67585425116285
887	9.66970630905759
888	9.663566712364952
889	9.657430865056833
890	9.651328688533988
891	9.645257417580062
892	9.639204834151144
893	9.63315253817781
894	9.627116629889702
895	9.621090477634159
896	9.615071585342706
897	9.609065127813686
898	9.603066212146311
899	9.597089123586558
900	9.591119981016934
901	9.585154700228589
902	9.579190529469605
903	9.573238458533085
904	9.567297228757415
905	9.561372462399847
906	9.555467994211446
907	9.549572678624422
908	9.543679304994681
909	9.537794993304297
910	9.531914772264047
911	9.52604102012769
912	9.520186273499576
913	9.51433861071894
914	9.508513608639216
915	9.502695988829085
916	9.496888745726151
917	9.491096435236244
918	9.485314247240199
919	9.479546101429987
920	9.47378322797389
921	9.468026973490453
922	9.462275049010547
923	9.456527952394108
924	9.450796319911039
925	9.445070598599848
926	9.43935503025859
927	9.433656590179485
928	9.42797047092592
929	9.422302805152981
930	9.41664191591354
931	9.410982348421815
932	9.405342830954037
933	9.399714474690157
934	9.394092908543893
935	9.388487446807384
936	9.382892891713436
937	9.377307453021379
938	9.371735551576569
939	9.366175153346608
940	9.360631667822453
941	9.355098571909933
942	9.349570320518025
943	9.34404519729225
944	9.338531834575022
945	9.333024505544428
946	9.32752775360184
947	9.322044174222164
948	9.316571983377472
949	9.31110495964185
950	9.305647031479026
951	9.300210317075196
952	9.294776573948955
953	9.289347989716255
954	9.283921741956124
955	9.278503839928767
956	9.273093460254254
957	9.267684342908295
958	9.262277233438452
959	9.25689384960221
960	9.251518243656692
961	9.246149777135487
962	9.240784487553617
963	9.235422891012552
964	9.230068943740381
965	9.224724325726694
966	9.219383539942733
967	9.214049177176246
968	9.208726149345365
969	9.203405803787346
970	9.198078483880952
971	9.192768835306888
972	9.187465628615868
973	9.182171944021414
974	9.176883328335196
975	9.171615021975104
976	9.166353803596202
977	9.161076004792783
978	9.155825885390826
979	9.150585853033332
980	9.145356793304172
981	9.140133373019205
982	9.134925557960196
983	9.129727387215562
984	9.124540169898367
985	9.119363216236266
986	9.114056886738737
987	9.10888339434246
988	9.103718486608054
989	9.098574836979246
990	9.09343436511121
991	9.088307860718404
992	9.083185250976621
993	9.078076263917453
994	9.07297390041078
995	9.067888136966896
996	9.062808345145621
997	9.057738238244728
998	9.05267337576808
999	9.047618147725434
1000	9.042567645900789

# METHOD: Posteriori - alpha = 1
# Nshots: 1000
1	128.18720195554042
2	80.79142246209747
3	62.59995714125646
4	52.575243150993686
5	46.08547854581794
6	43.74072160268963
7	43.93904515772793
8	44.4024358683157
9	45.42875427164526
10	46.19045651912489
11	46.364247422705034
12	46.44495510942267
13	46.840679082739754
14	47.30256491078679
15	47.50769965183308
16	45.57647931427259
17	45.61179393441522
18	45.7209241421855
19	45.8640083408055
20	45.97788017921936
21	45.27161684299868
22	44.55739411701998
23	43.7945866930947
24	43.07354364284717
25	42.51284230281789
26	41.95421136971014
27	41.57292441201909
28	41.46929982508725
29	41.12275323440616
30	40.68475692323212
31	40.57291213075807
32	40.20171810470541
33	39.20671265268377
34	38.302319563114416
35	37.372864804874894
36	36.6532900470655
37	36.13160447960391
38	35.59723997708693
39	35.12102304285607
40	34.641475770765894
41	34.56666286713412
42	34.424308670628605
43	34.49958901662425
44	34.4262373172449
45	34.46195046120132
46	34.56812350618269
47	34.64596407707389
48	34.55761862735267
49	34.350049456889245
50	34.16670648232858
51	33.956231897943034
52	33.839480091127875
53	33.939854040313996
54	34.0485584025815
55	34.16274196412694
56	34.28392965811782
57	34.411443936856095
58	34.54676150976945
59	34.553344447309534
60	34.64034064416886
61	34.523341362473666
62	34.45633063211732
63	34.38042752768806
64	34.29616697363616
65	34.24988486218618
66	34.18492941314021
67	34.04895837223876
68	33.94222881232452
69	33.89122875958204
70	33.83602120662022
71	33.80696644088414
72	33.77656023086778
73	33.731554234850236
74	33.71380666053274
75	33.691122723045105
76	33.362124651946786
77	33.02950440859153
78	32.81791524936314
79	32.50104291090525
80	32.32629559650585
81	32.1567502884791
82	31.977941277812185
83	31.809942237450866
84	31.645654819548387
85	31.48193535279344
86	31.309523525474408
87	31.136720728477307
88	31.10286783362222
89	31.084639656847575
90	30.93706476251594
91	30.80155139944676
92	30.70676073849463
93	30.563195243967254
94	30.432753370712835
95	30.227171341689466
96	30.034657463027262
97	29.85556329363198
98	29.71214576647655
99	29.5995813962645
100	29.502671433215284
101	29.402305967592472
102	29.249502362092883
103	29.054052140666453
104	28.984384621849845
105	28.90790478408545
106	28.8572705550665
107	28.824188573772844
108	28.77952356353578
109	28.743073807751006
110	28.701899006574838
111	28.664069987925533
112	28.625759088909874
113	28.57510499906701
114	28.54539431846181
115	28.493848536148754
116	28.471287405560915
117	28.447440630918504
118	28.426629433156037
119	28.41035624380815
120	28.218110631303123
121	28.058429344959492
122	27.919749362580173
123	27.754372465231224
124	27.588693997555207
125	27.44382311861519
126	27.283777948240967
127	27.245404297360285
128	27.20102356996009
129	27.19482581216127
130	27.190387452400895
131	27.152717068513336
132	27.11801485431601
133	27.08604758045533
134	27.089085612571854
135	26.99369766916507
136	26.901106949897645
137	26.807407448760095
138	26.71996823038878
139	26.580030709063287
140	26.480078274148394
141	26.438497808600594
142	26.390235295338726
143	26.37661896951024
144	26.383764882428974
145	26.346472423685753
146	26.31562473269081
147	26.276580187169504
148	26.266835173240004
149	26.238941552891934
150	26.207916785421148
151	26.225082966931232
152	26.245092532047654
153	26.216913319341643
154	26.18791297458821
155	26.045371145888016
156	26.027795521820508
157	25.98552243884829
158	25.94149139417071
159	25.89882808984882
160	25.85776794230039
161	25.81979684773566
162	25.785076115479576
163	25.750823986710838
164	25.70513140871159
165	25.661157324504703
166	25.618719886274608
167	25.579681090522133
168	25.541843999967337
169	25.505197093806988
170	25.47338499126321
171	25.435346056777
172	25.32891884769241
173	25.233374417478238
174	25.130661061828647
175	25.05135240511894
176	24.971843075198446
177	24.895338818449893
178	24.817465474383706
179	24.740977438441746
180	24.665039800360447
181	24.590323746686195
182	24.51269206360645
183	24.450383207096706
184	24.3910363429382
185	24.332234913700624
186	24.272764110144113
187	24.177670031333403
188	24.065051779716367
189	23.956062318296837
190	23.88367412317005
191	23.816326417992297
192	23.744456860778925
193	23.701358682180985
194	23.604141447091973
195	23.525929468890595
196	23.45789971363605
197	23.38893955973427
198	23.324754669016254
199	23.255798764407256
200	23.191116322041225
201	23.125870925651686
202	23.048895554959497
203	22.982604371420233
204	22.919610677089118
205	22.854816059944422
206	22.780031837414665
207	22.70564235505032
208	22.641534187672708
209	22.5743569449528
210	22.5028009081721
211	22.428038222499403
212	22.350418395049584
213	22.272461295273587
214	22.197419527754572
215	22.10915521536349
216	22.040451568899524
217	21.97179320362466
218	21.900097532739217
219	21.83476898204097
220	21.76973691829157
221	21.704403550593554
222	21.64065372304949
223	21.596848719432252
224	21.552611932974823
225	21.508413498886803
226	21.465693783957008
227	21.436992496212692
228	21.374620525073606
229	21.313409318733836
230	21.248601160129763
231	21.182911865658237
232	21.11851464949372
233	21.053259568654386
234	20.993025028755564
235	20.966357134384076
236	20.903397163429542
237	20.877256983069294
238	20.819638411189366
239	20.76672732146007
240	20.725260592671596
241	20.680470488653437
242	20.64342816191096
243	20.598794825917164
244	20.56318796123399
245	20.52792910473636
246	20.492417944320117
247	20.45963287896963
248	20.387978347969433
249	20.33328553194773
250	20.275614416143082
251	20.217445144246106
252	20.168843583601426
253	20.116691815462865
254	20.055330637927558
255	20.00257810399025
256	19.94927296552186
257	19.895901117142888
258	19.849234170404298
259	19.798562206965666
260	19.7506191001667
261	19.703085100801065
262	19.65329617193875
263	19.60475715842333
264	19.559658632405643
265	19.514401810877082
266	19.46947871686977
267	19.423761118791457
268	19.379210804796966
269	19.346088388081068
270	19.310829346265542
271	19.276575446039807
272	19.22838016781125
273	19.18657842855379
274	19.15283595863663
275	19.107906478770698
276	19.061894078818728
277	19.032971107168418
278	19.005977053306783
279	18.978042788055326
280	18.9504002248448
281	18.908453426710988
282	18.87317741390349
283	18.8324674800925
284	18.792010699996833
285	18.75724451761656
286	18.716716716066664
287	18.682099619604593
288	18.642849108959144
289	18.609356277499188
290	18.57048291433406
291	18.532709786533555
292	18.492673104209697
293	18.454652449305623
294	18.42350685423774
295	18.390565959082405
296	18.35087153811796
297	18.31859169658799
298	18.286751065544138
299	18.255332648723545
300	18.227551169063375
301	18.200397051050068
302	18.172733026774846
303	18.14470440363997
304	18.11474408529308
305	18.072607727072647
306	18.02719068615293
307	17.990411990958766
308	17.9494685799549
309	17.908186753481274
310	17.870809770773477
311	17.832953742803767
312	17.796611539534837
313	17.76018565560087
314	17.72114159871472
315	17.679161317985304
316	17.642898279143427
317	17.62748359657627
318	17.599040065326065
319	17.556565949360376
320	17.509475172877917
321	17.463287881424378
322	17.43253846528278
323	17.3962083612401
324	17.363952944217935
325	17.33819902988345
326	17.307122003433143
327	17.28255415858795
328	17.25754394077195
329	17.232527715953722
330	17.207713436714606
331	17.176712746542904
332	17.147456727983773
333	17.119615856758482
334	17.091707622524588
335	17.060649994441974
336	17.033166460912483
337	17.00575141083818
338	16.977436325414164
339	16.950834594540407
340	16.92289694048494
341	16.89687668671954
342	16.865705811834687
343	16.838686948597235
344	16.810862232926908
345	16.781303320643612
346	16.755035681655812
347	16.73285384965964
348	16.71100707782967
349	16.690419145047436
350	16.668278374895145
351	16.637409232036255
352	16.60661765368208
353	16.57599641827585
354	16.54551027195714
355	16.51686713785831
356	16.492829041891927
357	16.470611651487758
358	16.446190322384574
359	16.423025455062106
360	16.400841558604455
361	16.375243893773433
362	16.353334405579947
363	16.327992230755193
364	16.306894498841583
365	16.285306388385912
366	16.26213604573138
367	16.240821036084796
368	16.212744844518678
369	16.191808418747243
370	16.169981731618606
371	16.14150920931048
372	16.11987771320753
373	16.094725437555756
374	16.06974352070931
375	16.04845631242266
376	16.018390053370965
377	15.989997032784979
378	15.96070976347161
379	15.934012558964486
380	15.906127205699555
381	15.874025922466997
382	15.846742449188293
383	15.819344027684167
384	15.799955733362966
385	15.782358826479756
386	15.76353673013383
387	15.744945404906954
388	15.715266383591972
389	15.68259471516634
390	15.647412003808432
391	15.62243057239393
392	15.593620371181048
393	15.564826646942697
394	15.535293970178861
395	15.513741989758834
396	15.493013124534402
397	15.470972907023008
398	15.446863406201246
399	15.428020567622891
400	15.408486444984513
401	15.386056019861117
402	15.367966629733269
403	15.348845935801057
404	15.327514182800378
405	15.309650673189955
406	15.292045409825787
407	15.280982156662821
408	15.272899436359523
409	15.262834259986157
410	15.249925977124947
411	15.240801819178774
412	15.23020028720092
413	15.223688509884573
414	15.21695090938432
415	15.200337302953173
416	15.184768815945317
417	15.168675955828496
418	15.15265695180687
419	15.129329541177176
420	15.105725765614235
421	15.080826275544602
422	15.056209234574316
423	15.031512549151207
424	15.00638450846347
425	14.984520197237645
426	14.96083081378835
427	14.935844134373673
428	14.911404193607321
429	14.882311159750698
430	14.859352350015484
431	14.837077078983866
432	14.815962953203133
433	14.795041512170071
434	14.774796746947237
435	14.752803282338606
436	14.731006148717313
437	14.711092895024743
438	14.690204760559128
439	14.668593684129464
440	14.64522383464308
441	14.625117900445845
442	14.603523675265796
443	14.582653482677374
444	14.568421739756458
445	14.553934143112658
446	14.540585036500703
447	14.526534879526977
448	14.507457441516404
449	14.484134753912791
450	14.461161801238854
451	14.438820482057476
452	14.434718561533211
453	14.43033086217834
454	14.426358049129874
455	14.4234806133008
456	14.406526828830193
457	14.38922312054754
458	14.372572147427286
459	14.355544248364478
460	14.339041801633426
461	14.32122243272894
462	14.303357493634358
463	14.28675999576081
464	14.26939346569857
465	14.251712531176782
466	14.233699855574008
467	14.217665880026711
468	14.201897056678687
469	14.18280019650538
470	14.166491008759973
471	14.14888116118109
472	14.124144674435033
473	14.109282055993718
474	14.094120953609693
475	14.077948690711732
476	14.0599113750653
477	14.047879692228156
478	14.03505641119021
479	14.022540767795588
480	14.01012243664748
481	13.984059470208617
482	13.965861237792375
483	13.946397548574177
484	13.927657149800057
485	13.907765221083453
486	13.88774043036495
487	13.86737507781613
488	13.851304315914048
489	13.835990251373966
490	13.819124357359925
491	13.803213197785416
492	13.785612139356697
493	13.769321575580435
494	13.753608425123298
495	13.73602113192749
496	13.722520831527525
497	13.706492131767707
498	13.689345105935063
499	13.674446816111798
500	13.659613765688459
501	13.645574388840076
502	13.632306612663257
503	13.61523564890232
504	13.59605971919721
505	13.575507213116262
506	13.55613896988031
507	13.539077430979425
508	13.521208050375586
509	13.503508863160564
510	13.486227248490483
511	13.473084741205236
512	13.460048609722815
513	13.448620270588009
514	13.436984779401154
515	13.425147961554726
516	13.41384867485244
517	13.401196431865596
518	13.388639551613489
519	13.376420240059659
520	13.362105291129158
521	13.347265322118531
522	13.33156919710488
523	13.314587338020301
524	13.302285011426896
525	13.290099233123314
526	13.277584595978396
527	13.262783450045292
528	13.247124002242808
529	13.229486330276202
530	13.213498305678833
531	13.197547876117966
532	13.181968294614137
533	13.166427698622828
534	13.151397607676747
535	13.136217461289053
536	13.118350669709582
537	13.101017304079146
538	13.09028737471716
539	13.079369092927621
540	13.068937474741208
541	13.058364188794972
542	13.04302556011666
543	13.02780020644299
544	13.012582804188298
545	12.997101771107355
546	12.981653073357123
547	12.969748781877763
548	12.957751460532718
549	12.945257242077453
550	12.931017712077438
551	12.912949778469663
552	12.894808907503664
553	12.877737029696316
554	12.861121971174072
555	12.843008361751718
556	12.826332456307124
557	12.812409366677127
558	12.796319223905542
559	12.78012709149868
560	12.770338984784612
561	12.76059525639061
562	12.750680026623726
563	12.741223329240412
564	12.728675149136873
565	12.718159050490987
566	12.7059392585438
567	12.69571017826995
568	12.685570824035237
569	12.675212536315586
570	12.66368054548031
571	12.653488025346457
572	12.639539540690395
573	12.62546649410093
574	12.611321596024984
575	12.59741136197426
576	12.582831801175345
577	12.56806997657593
578	12.553039447268073
579	12.538294838713828
580	12.525505917190252
581	12.515596077183545
582	12.506670933732144
583	12.497798096278494
584	12.488526324470493
585	12.477669602754762
586	12.466599051446401
587	12.454814083335652
588	12.442553530169642
589	12.431462026141283
590	12.420707910489803
591	12.40907258908134
592	12.398512832368489
593	12.387083838982148
594	12.376421321124614
595	12.365433174331779
596	12.354663768405015
597	12.343496434689134
598	12.33139481811499
599	12.32027125617523
600	12.309190315561997
601	12.300174076908103
602	12.291621750072787
603	12.281939678761212
604	12.273201372562651
605	12.259241779684082
606	12.246673736073324
607	12.232794738463964
608	12.219970503651046
609	12.20680563719823
610	12.194717669735779
611	12.181236541136435
612	12.168884004348598
613	12.159081464085341
614	12.14896321876381
615	12.137289146157164
616	12.127596155645396
617	12.118578799692452
618	12.108428732632426
619	12.099477059574827
620	12.089030752686723
621	12.078963113912161
622	12.070088833372175
623	12.061249727956499
624	12.051284757508991
625	12.04099661895563
626	12.031950688928564
627	12.023369715395525
628	12.014380068030322
629	12.004210682694106
630	11.994455325846468
631	11.984745041332966
632	11.975878992885209
633	11.96396431060632
634	11.952067689899852
635	11.940112275857429
636	11.928635305794714
637	11.917115547870026
638	11.905306407086687
639	11.894033154227062
640	11.880601264896658
641	11.867473458890574
642	11.854670878579679
643	11.845551838605875
644	11.836934641618138
645	11.82846552167298
646	11.819804505333082
647	11.811381122240222
648	11.802329478201745
649	11.793218944527345
650	11.784083403161157
651	11.77629602610064
652	11.76853358755364
653	11.760910745235964
654	11.753040763044616
655	11.740586219143614
656	11.726818195605327
657	11.713607754973326
658	11.701444904523044
659	11.690231140399296
660	11.676756890285704
661	11.66501944979737
662	11.653243851776827
663	11.641071732633892
664	11.629069265467594
665	11.616585311847832
666	11.609523385823051
667	11.602188214457264
668	11.594905664046108
669	11.587492416668955
670	11.575658971592519
671	11.563494890297944
672	11.552781290535544
673	11.54240250034846
674	11.531664495831007
675	11.52131069482184
676	11.510923493387159
677	11.50045169039576
678	11.489774834296261
679	11.478867562105952
680	11.468021586898285
681	11.457210801363324
682	11.449148560852128
683	11.440912591753719
684	11.431777808105897
685	11.421934929924303
686	11.410717315363716
687	11.400952824523225
688	11.389351734977353
689	11.37560504134667
690	11.36223619365381
691	11.354121115262595
692	11.345259308809334
693	11.336225398059131
694	11.32732511980967
695	11.318547476051481
696	11.309676755419131
697	11.300183764499932
698	11.29142394416119
699	11.28174973932917
700	11.273970759254214
701	11.265113443486294
702	11.256277725165617
703	11.246213742715895
704	11.237504387526629
705	11.229505603887622
706	11.221440473586869
707	11.214901616984982
708	11.208171896264743
709	11.200939276787746
710	11.194101697869232
711	11.184454456361301
712	11.175037813431794
713	11.165493638419118
714	11.155939669813607
715	11.14501000054649
716	11.135878217484398
717	11.128757032783675
718	11.12186566744651
719	11.114285101114524
720	11.10761449152645
721	11.100113129523457
722	11.093545762535145
723	11.08612119056707
724	11.07873855881393
725	11.069884733885099
726	11.061666841950506
727	11.05393120525291
728	11.046308761534766
729	11.038643669963307
730	11.03014673723113
731	11.021483717294695
732	11.013795186443888
733	11.005625685275353
734	10.997625982930593
735	10.98993387212876
736	10.982287383560019
737	10.974341359426782
738	10.966771542369461
739	10.958417261654834
740	10.950971883259394
741	10.941146917806169
742	10.930341243461795
743	10.920089566514031
744	10.909419263155433
745	10.900742747600985
746	10.890385041943325
747	10.883596957935703
748	10.87698330218423
749	10.870529610344757
750	10.862598126873962
751	10.855541198334343
752	10.847362818345902
753	10.840675028958067
754	10.832523465535873
755	10.82651512620209
756	10.820265616371284
757	10.814161173837798
758	10.807456127992587
759	10.800364539497952
760	10.793449065773505
761	10.787211396690369
762	10.776392982819974
763	10.76653120377348
764	10.758654987902764
765	10.749886237197595
766	10.741331429914586
767	10.732666737700114
768	10.724255331629564
769	10.714860180445296
770	10.706101433054647
771	10.696212369511244
772	10.688004422333082
773	10.678453588444837
774	10.668786864849023
775	10.659808822622361
776	10.650981182465607
777	10.642163383023282
778	10.636431092982106
779	10.63071850375495
780	10.62489810736255
781	10.61936105023568
782	10.612243563742286
783	10.605189658924937
784	10.59795021292425
785	10.591872877052689
786	10.582851914590808
787	10.574670798535212
788	10.567859127539784
789	10.561787657675346
790	10.55249366503755
791	10.542984040475034
792	10.53348476870408
793	10.524174907245666
794	10.5144812059712
795	10.50509998821436
796	10.496098646197039
797	10.487921658471755
798	10.478281690842454
799	10.468443594871069
800	10.458932319265072
801	10.450205953143074
802	10.442521903082389
803	10.434095718608209
804	10.426265184619991
805	10.41869790719094
806	10.410916139878754
807	10.403483365470855
808	10.3969068015961
809	10.389298878694198
810	10.383259771326216
811	10.377272128273875
812	10.371902204091596
813	10.366554324955471
814	10.361329852788517
815	10.355893669156439
816	10.350638677672004
817	10.345037048078636
818	10.339746542967053
819	10.334207103727358
820	10.325931570327924
821	10.31788710659753
822	10.309320933984937
823	10.301732226378663
824	10.293985212901928
825	10.285897984803226
826	10.278235811036021
827	10.270762283296918
828	10.261930343767048
829	10.253519201908768
830	10.246269772025881
831	10.237796915738782
832	10.23037262793887
833	10.222878672981654
834	10.215262975876456
835	10.209123120198658
836	10.203007535577942
837	10.197694789135738
838	10.192329933345263
839	10.186868771840459
840	10.181534596191922
841	10.17621703790003
842	10.170186394062622
843	10.163997516535304
844	10.158017161771088
845	10.152058460023612
846	10.146731866659628
847	10.14179377946731
848	10.13642367033314
849	10.131140313099504
850	10.125248583124574
851	10.11913967059361
852	10.112882714364394
853	10.106677929674353
854	10.100588858692166
855	10.09436696053174
856	10.088067654312427
857	10.082234623957762
858	10.076383392358215
859	10.070235494810506
860	10.064154635246991
861	10.058324283240966
862	10.052543720385735
863	10.045371288781114
864	10.03916500574573
865	10.033083314095462
866	10.026164488706533
867	10.018824062405026
868	10.011389239948386
869	10.00398389952806
870	9.996533109052402
871	9.990269187045424
872	9.985072441841652
873	9.97974012970166
874	9.973699118555098
875	9.968543858725718
876	9.962366997801352
877	9.956110780687593
878	9.950821672365075
879	9.945624615965155
880	9.940694173509641
881	9.936051305244723
882	9.931256157260137
883	9.923183378080486
884	9.91519951115512
885	9.90744057924881
886	9.899276206207546
887	9.890830752977193
888	9.88545907985712
889	9.87941745642359
890	9.871372348839998
891	9.86663264051151
892	9.862161941800496
893	9.857201991165345
894	9.852590100959757
895	9.846631988296782
896	9.84057364621217
897	9.83557555792953
898	9.829130572737075
899	9.823044790104099
900	9.816957727080437
901	9.811338304232285
902	9.805975038768231
903	9.7996689072328
904	9.793786432094544
905	9.788510283389947
906	9.782753872371453
907	9.777005599557071
908	9.771428002115503
909	9.765727991929039
910	9.75974385339546
911	9.75311200386136
912	9.746799958797178
913	9.740060650613994
914	9.733538796076191
915	9.726890028104233
916	9.720279353101864
917	9.713950061504123
918	9.708267003969599
919	9.702072686556525
920	9.695929839253248
921	9.6900524245928
922	9.683103134156172
923	9.67664833189254
924	9.670389816355243
925	9.662812727428713
926	9.655490011499417
927	9.647809153114661
928	9.640885378039304
929	9.632611927471357
930	9.625619690701713
931	9.618880023480529
932	9.61224225117356
933	9.605723452556639
934	9.599671757330302
935	9.593359288170898
936	9.586847694762668
937	9.579973826533127
938	9.573401798286119
939	9.56635692734783
940	9.559331259872014
941	9.554819053550329
942	9.550453930609617
943	9.545528738722515
944	9.541229955287015
945	9.536343745403496
946	9.531981844498691
947	9.527133711685929
948	9.522306479687385
949	9.51795818452229
950	9.513626712140532
951	9.509418119194038
952	9.50500852399356
953	9.497810210882733
954	9.491599377732214
955	9.484600648122061
956	9.47767119884884
957	9.471360853332156
958	9.46496507793657
959	9.458726707746148
960	9.45108994153157
961	9.444693538354846
962	9.440020420641876
963	9.434180919516399
964	9.42915837976894
965	9.423395458587756
966	9.418893435558342
967	9.414117232467408
968	9.40852648797817
969	9.403855816322393
970	9.398642715485682
971	9.393780568901947
972	9.389390288981895
973	9.384901665794018
974	9.38094884658852
975	9.376777814893849
976	9.372705532184328
977	9.36864479473521
978	9.362908904187748
979	9.356065301105629
980	9.34946644594404
981	9.344641897423593
982	9.339864249544467
983	9.335261250574574
984	9.330568747682024
985	9.325507486533501
986	9.32074512083915
987	9.315813077477499
988	9.310888878552968
989	9.306347375529326
990	9.30134953561693
991	9.296418937696956
992	9.29153500151096
993	9.28683387134372
994	9.28187983104483
995	9.276723679492456
996	9.272092748729287
997	9.265730914809499
998	9.26018666946302
999	9.25446182671298
1000	9.248688445334285

# METHOD: Priori
# Nshots: 1000
1	128.18720195554042
2	114.91077099380126
3	108.17232828036096
4	104.51931148512618
5	92.0569433920617
6	82.56574452859758
7	79.47082738840314
8	75.17604738714931
9	73.0361476534297
10	70.92180666569556
11	69.07774879681142
12	67.4300211422221
13	66.42893023858399
14	64.56542506443677
15	61.9439334490493
16	60.918084561957386
17	60.74208490664518
18	60.680843805589774
19	60.49013186112002
20	60.413471670775166
21	59.36926653499576
22	59.444842871903056
23	59.54868919364941
24	58.59767196512473
25	57.880335646102026
26	57.208705456590145
27	57.09033903087024
28	57.29637992040451
29	57.471573512066534
30	57.67532847179177
31	57.66738983063277
32	57.2284728788284
33	56.87133021343546
34	56.52323345381446
35	56.30115455627424
36	56.02880569347477
37	55.87147680516823
38	55.94117374882345
39	55.20253904613269
40	55.06848456081863
41	54.532142882301876
42	54.37420371130223
43	54.31075455207797
44	52.04232038669892
45	51.061714785835825
46	50.46932443605108
47	50.06088384186595
48	49.67037896282609
49	49.65509184765689
50	49.31424765465673
51	48.57549032149284
52	48.18498974405746
53	48.10002336751253
54	46.8994163559855
55	46.13347260617269
56	45.91847932174563
57	45.7336425971299
58	45.655701738350736
59	45.591674769139225
60	45.54154033967782
61	45.50472929179341
62	44.72328606801313
63	44.02668100441143
64	43.46404445546823
65	42.965959531736054
66	42.4872144717488
67	42.03681857361448
68	41.623688855984064
69	41.41783427307261
70	41.27131159456925
71	41.177339538349294
72	40.988348789761325
73	40.82425712539867
74	40.74199309741713
75	40.59976940628473
76	40.42725308874778
77	40.27014596734641
78	40.136893622270286
79	40.02538205885764
80	39.926455737605224
81	39.79171348682327
82	39.648598922006286
83	39.51637600199758
84	39.415785634369676
85	39.16162106104666
86	38.9302965556681
87	38.72015607326458
88	38.526194113208696
89	38.34746433053896
90	38.18109328510667
91	38.10091756765019
92	37.97781517815702
93	37.8328255470754
94	37.750045889370746
95	37.69854210193635
96	37.61010559651982
97	37.52894041099749
98	37.45427390967875
99	37.38544942531487
100	37.188017897990555
101	37.11779581707193
102	37.0499177065014
103	36.948207654165664
104	36.853359175151326
105	36.75165652691472
106	36.664259524986896
107	36.55658856605203
108	36.47539756218146
109	36.3854686997776
110	36.29948949322805
111	36.21788783266098
112	36.14291336226972
113	36.05420019653552
114	35.9803134860954
115	35.890186868100926
116	35.819495013495896
117	35.73869743442124
118	35.66184853723542
119	35.627610648160086
120	35.59852586460711
121	35.5826075431837
122	35.503963821947636
123	35.42878718093934
124	35.35515174937445
125	35.26817699608282
126	35.19527694588845
127	35.12539629379339
128	35.06261347969793
129	35.003809936817255
130	34.98348079005986
131	34.88091882252001
132	34.551033267205966
133	34.2415298076665
134	34.035443013661265
135	33.71345953296097
136	33.55157124069136
137	33.42442061367896
138	33.265400678914965
139	33.102386316061626
140	32.74325265281688
141	32.42105131474991
142	32.22124768140512
143	31.8787909354439
144	31.644841859476685
145	31.337588453300516
146	31.02809130824834
147	30.745872704454555
148	30.472466167587342
149	30.221807245417054
150	29.99398132542908
151	29.775751645768008
152	29.56629113158833
153	29.363076308318842
154	29.163416705272578
155	28.978107829072613
156	28.812010952553326
157	28.64926442458861
158	28.48825743078504
159	28.332110741367302
160	28.17809012274432
161	28.025017368783313
162	27.87381785956878
163	27.72483078405861
164	27.579290409901745
165	27.433984665223406
166	27.29260645573517
167	27.152162553825494
168	27.01517846163485
169	26.879716699642767
170	26.745037919090407
171	26.61195168444741
172	26.482505724322536
173	26.357029850121506
174	26.232112176855868
175	26.108717043355213
176	25.987882153613295
177	25.869630450246852
178	25.753430929475776
179	25.639959366434923
180	25.528146503975165
181	25.418012068115516
182	25.309646787160045
183	25.203429227621296
184	25.099755837182332
185	24.996343432577717
186	24.893748500968087
187	24.79197634386352
188	24.69040649116875
189	24.589648301744656
190	24.49293073676384
191	24.396961418186358
192	24.304203069802327
193	24.213818180171284
194	24.125235350166303
195	24.03793338990507
196	23.951387156360113
197	23.865307745833576
198	23.779767744861534
199	23.69548456026103
200	23.612292694324182
201	23.530095505032566
202	23.44837538141936
203	23.367024466271907
204	23.2872905110669
205	23.20977317823369
206	23.132661094057248
207	23.057692880037585
208	22.98292494309529
209	22.908783259361
210	22.835359331811347
211	22.762985332945707
212	22.6913479480561
213	22.620094320539597
214	22.549176594021457
215	22.478376241429004
216	22.408417593815646
217	22.340089976830907
218	22.27224357664813
219	22.204606989638464
220	22.137577739468256
221	22.07107930282221
222	22.004999459219196
223	21.939471298477887
224	21.874053261660965
225	21.808809240230275
226	21.744348256617904
227	21.68080107632398
228	21.617570183759412
229	21.554413862560253
230	21.491432827077723
231	21.42893948445372
232	21.366633069299958
233	21.30434871965858
234	21.240951967832203
235	21.17969769475124
236	21.118776316423677
237	21.058346014626448
238	20.998812732745975
239	20.940266666139795
240	20.88224781221674
241	20.82485064701677
242	20.767636269943946
243	20.71059520628615
244	20.654025792281594
245	20.597935595650945
246	20.542275267691004
247	20.48665191613339
248	20.43127662815468
249	20.376292469763456
250	20.32165075331723
251	20.268086820730776
252	20.214801072197087
253	20.161655808930625
254	20.108917199167387
255	20.057062448760465
256	20.005937368670956
257	19.95513143509145
258	19.90470448011702
259	19.854443281841807
260	19.80508453954185
261	19.75626059949312
262	19.707958125800012
263	19.66022247161108
264	19.612711867642645
265	19.566039278332433
266	19.519523048581725
267	19.473184161799722
268	19.427316979594217
269	19.381578130453057
270	19.335860190110136
271	19.29065997543669
272	19.246244103954567
273	19.20203322416902
274	19.158270069501572
275	19.115378592862527
276	19.073127574346646
277	19.03098479380915
278	18.989382043317264
279	18.94792068273454
280	18.90654033011754
281	18.865239554358695
282	18.824109420745838
283	18.783425684033983
284	18.743027967058215
285	18.702806266406444
286	18.662657448183698
287	18.62272519292569
288	18.582830963500335
289	18.543263939757473
290	18.50396616177191
291	18.46529215854904
292	18.42688634133781
293	18.38853076519415
294	18.35030047802897
295	18.31229879102701
296	18.274544103914653
297	18.237029106986135
298	18.200049527518054
299	18.16332321915265
300	18.126815314256913
301	18.09040671553479
302	18.054205141114824
303	18.018233723370827
304	17.982420744171964
305	17.94707018975074
306	17.9118320232312
307	17.877211783875598
308	17.842832007992854
309	17.80858880448454
310	17.774614047013326
311	17.740742305386444
312	17.70693550853332
313	17.67339326579222
314	17.639987805394398
315	17.606679295480806
316	17.573437447751935
317	17.540446609713204
318	17.507590914123533
319	17.4748846040491
320	17.442418471657195
321	17.410043461350377
322	17.37803905371415
323	17.34613661914701
324	17.314560358385016
325	17.283156264180548
326	17.25179224018602
327	17.220542767466263
328	17.189467610181413
329	17.158421720936936
330	17.127537376354002
331	17.096682027081663
332	17.065933311369896
333	17.035261117836264
334	17.00464030333198
335	16.974497264291255
336	16.944405113940466
337	16.914648207266538
338	16.885005048798433
339	16.855464145097155
340	16.825973712691496
341	16.796596435468068
342	16.76731449067059
343	16.73807461460782
344	16.70903350023457
345	16.680126453210935
346	16.65130246040983
347	16.622571755629593
348	16.593959472022682
349	16.56536114595912
350	16.536934208883235
351	16.50871504231553
352	16.48065116877398
353	16.4526635158221
354	16.42475166956998
355	16.396980171497272
356	16.36928855033343
357	16.341733684331015
358	16.314330268131673
359	16.287007196816244
360	16.259734583475115
361	16.23268284344648
362	16.205682475704254
363	16.17892646059518
364	16.15229704493262
365	16.12568519426287
366	16.099212784380047
367	16.072835066519403
368	16.04652133105717
369	16.020285221697264
370	15.994075203994251
371	15.967974181526651
372	15.941974613508815
373	15.916195571760372
374	15.890645567096103
375	15.865308161766276
376	15.840093852189984
377	15.81495424934736
378	15.789840920072885
379	15.764931074983952
380	15.740102389844745
381	15.715374462013948
382	15.6908527258237
383	15.666382884334539
384	15.641968091402223
385	15.617699254764473
386	15.593647923735622
387	15.56963182725333
388	15.545697648617384
389	15.521794585341887
390	15.498178976906436
391	15.474634719014713
392	15.4511026832281
393	15.42760821718803
394	15.404124850316979
395	15.380734604097704
396	15.357410908494805
397	15.334192324360815
398	15.311144210979203
399	15.288201479493495
400	15.26530327011697
401	15.242470043385056
402	15.219849120588515
403	15.197265037634057
404	15.174813664887532
405	15.152507693737089
406	15.130284514316592
407	15.10807544137649
408	15.085888787881656
409	15.063767284683287
410	15.04185856875785
411	15.0199921724255
412	14.99815203291129
413	14.976361486914934
414	14.954686507475763
415	14.933083327608184
416	14.91155396134181
417	14.890137479003931
418	14.868859544047096
419	14.847632481949562
420	14.826481098996743
421	14.805373411290365
422	14.784306441690019
423	14.76332663413194
424	14.742399777721598
425	14.721524049797422
426	14.700782505079424
427	14.680162882441282
428	14.659589127980029
429	14.639117757001195
430	14.61867244482337
431	14.59830535041016
432	14.57803636965111
433	14.557891456808232
434	14.537846212669812
435	14.517863316319904
436	14.497985078821614
437	14.47817036073714
438	14.458416116098158
439	14.438715022766026
440	14.41908692773463
441	14.39951042200286
442	14.379967080478114
443	14.360547029304136
444	14.341293937212292
445	14.322117430721047
446	14.3029711885874
447	14.283882296706867
448	14.265009004742797
449	14.246256119368724
450	14.227625764617065
451	14.209018625759091
452	14.190439111933776
453	14.172059001898067
454	14.153783580549497
455	14.13560510650724
456	14.11751135112701
457	14.099458308594283
458	14.081417206153777
459	14.063462832304394
460	14.045543751488152
461	14.02764820389856
462	14.009865195728601
463	13.992140763733579
464	13.97446210664973
465	13.95680358912038
466	13.939220983294401
467	13.921721525935169
468	13.9042330288759
469	13.886839347851371
470	13.869499696850566
471	13.852212802667719
472	13.835016262538378
473	13.817883249657987
474	13.800796226081893
475	13.78373129569998
476	13.766707457790375
477	13.749718288701589
478	13.73280395255709
479	13.715905666603138
480	13.69904435042017
481	13.682212318840163
482	13.665422457760918
483	13.648769216958291
484	13.632132166264997
485	13.61562076537457
486	13.599206745421807
487	13.582814698216366
488	13.566456684375762
489	13.550156779261215
490	13.533879480697868
491	13.517615380767865
492	13.501396447172445
493	13.485223957806383
494	13.469067970931029
495	13.452937380666448
496	13.436876111008726
497	13.420877447268955
498	13.404918480202861
499	13.389018462809666
500	13.373186787116705
501	13.357407006438976
502	13.341672893804967
503	13.325973062642513
504	13.31041773623098
505	13.294933806275269
506	13.279480318912043
507	13.264088259589677
508	13.248753407028257
509	13.233461065399537
510	13.218218838766187
511	13.203031907313472
512	13.187873464216171
513	13.17275104383869
514	13.157714436096192
515	13.142719848536524
516	13.127782312904994
517	13.112881645388885
518	13.098117070560495
519	13.083366825962019
520	13.068649950005524
521	13.053988517101118
522	13.039403515341174
523	13.024832784716052
524	13.010313518226386
525	12.995856449041952
526	12.981422123051734
527	12.967002719707777
528	12.952599340696006
529	12.938211230124937
530	12.9238472073204
531	12.909536617066859
532	12.895237818133948
533	12.881046178808152
534	12.86690031912107
535	12.852813880451835
536	12.838743338950447
537	12.824738576569455
538	12.810754770162989
539	12.796812108595956
540	12.782960994134564
541	12.769221212738131
542	12.755500931220492
543	12.74183105974425
544	12.728188389951587
545	12.714588857933922
546	12.700998810397037
547	12.68743663631303
548	12.673907983756381
549	12.660416544091726
550	12.646937214894015
551	12.633486520576078
552	12.620156528349954
553	12.606854131789456
554	12.593592623309604
555	12.580416273153988
556	12.567312801301718
557	12.554256681485535
558	12.541225667052464
559	12.528215580525558
560	12.515256765816162
561	12.502347887833933
562	12.489459205598934
563	12.476601450142516
564	12.463768818553637
565	12.450972162085671
566	12.438204253010012
567	12.425537366198041
568	12.412953297536413
569	12.400419186929119
570	12.387907827244506
571	12.375410489883489
572	12.362917822679579
573	12.350480387117784
574	12.338073362476385
575	12.325697935816702
576	12.313352006771133
577	12.301059415771421
578	12.288802859829397
579	12.276569352571471
580	12.264368951707295
581	12.252215733148525
582	12.240145654701934
583	12.228115976903533
584	12.216104338046476
585	12.204115001824729
586	12.192134521312681
587	12.180170950188703
588	12.16822230144774
589	12.156286303061464
590	12.144368450026164
591	12.132473392611663
592	12.120661771797645
593	12.1088674927748
594	12.097077343736991
595	12.085316283950007
596	12.073600920648401
597	12.061900944067878
598	12.050243785999701
599	12.038616932805933
600	12.026996873479094
601	12.015413199767854
602	12.003872512961669
603	11.992360254867881
604	11.98087484749877
605	11.969417499497489
606	11.957986972738949
607	11.946579487816617
608	11.935210466158864
609	11.92385888647944
610	11.912517413606011
611	11.901240114885216
612	11.88997948509952
613	11.878759413806655
614	11.867576255322993
615	11.85643674290873
616	11.84532321404108
617	11.834223993171799
618	11.82317877726134
619	11.812168500959588
620	11.801168910729427
621	11.790204897020377
622	11.779258130759803
623	11.768313700803578
624	11.757432840672802
625	11.74658684050818
626	11.735765366541248
627	11.724974806988337
628	11.714195466442229
629	11.703473507101641
630	11.69277185752439
631	11.682099206249738
632	11.671465900379635
633	11.660838619810024
634	11.650226411743722
635	11.63967232893953
636	11.62913863550358
637	11.618649977959794
638	11.608184461711202
639	11.59773599717211
640	11.587323751043185
641	11.57693244090589
642	11.566558839016043
643	11.556195491072312
644	11.545854096965247
645	11.535519310611326
646	11.525210441386344
647	11.514917127474739
648	11.504678912198088
649	11.494457871293871
650	11.48424035709693
651	11.47412282251548
652	11.46404716385486
653	11.453987888925637
654	11.443975915217214
655	11.433976953988665
656	11.424030837334522
657	11.414115617269795
658	11.404210892048447
659	11.394344068681699
660	11.38449360113037
661	11.374682631107458
662	11.364888626651336
663	11.355137742029118
664	11.345397605390703
665	11.335668603585228
666	11.325967565580607
667	11.316284370784736
668	11.306621692443928
669	11.296969910464771
670	11.287327284590601
671	11.277723731563933
672	11.26814842827954
673	11.258617904993185
674	11.249121657227652
675	11.239637535784489
676	11.23018026640991
677	11.22074738708479
678	11.21132313844463
679	11.201959019793797
680	11.192613369700815
681	11.183283492711503
682	11.173959981475782
683	11.164653520385091
684	11.155360997135267
685	11.146133963732591
686	11.13695652999455
687	11.127790351439499
688	11.118632740018173
689	11.109486772233593
690	11.100352236879461
691	11.09122246493779
692	11.082106535867986
693	11.073002841939761
694	11.063928555998018
695	11.05487860709925
696	11.045843632318878
697	11.036829770248671
698	11.02782865669623
699	11.018871228501295
700	11.009932732889691
701	11.001030118532833
702	10.992138708163976
703	10.983253392918364
704	10.974375709396384
705	10.965510710723922
706	10.956674691583316
707	10.947876248807697
708	10.939127510001992
709	10.930382025818803
710	10.92164976368386
711	10.912961632416689
712	10.904300989996266
713	10.895649034768184
714	10.887025160535861
715	10.878418489419902
716	10.869822607419096
717	10.861252454787932
718	10.852697345884657
719	10.844164111723439
720	10.835656111578624
721	10.827175662089296
722	10.818696774487497
723	10.81023681295094
724	10.801780513177093
725	10.793338072763563
726	10.784906940526128
727	10.776490839610753
728	10.768088506632804
729	10.759705094429059
730	10.751331372816
731	10.742975913298661
732	10.73466863702475
733	10.726375106141928
734	10.718095384850002
735	10.709823431404985
736	10.701559091447251
737	10.693314128634437
738	10.685081266917914
739	10.676867857484751
740	10.668681413770654
741	10.660511761942125
742	10.652360152027917
743	10.644221028826111
744	10.636125603057094
745	10.628057688786809
746	10.62002417715577
747	10.61201346502958
748	10.604022711107957
749	10.596077438799236
750	10.588137642721756
751	10.580206172563564
752	10.572283498580282
753	10.564385692509694
754	10.556489524606567
755	10.5486139312418
756	10.540746136255462
757	10.532898874717407
758	10.525071918620837
759	10.517253414696627
760	10.509449746531406
761	10.501657355719004
762	10.493871201816546
763	10.486109858748998
764	10.47839237906423
765	10.470681483802169
766	10.463013132946525
767	10.455358561549358
768	10.447727552396428
769	10.440108802337832
770	10.43249159762833
771	10.424883923506622
772	10.417297061333308
773	10.409720749286617
774	10.402161098253439
775	10.394612351818033
776	10.387075098588387
777	10.379561662539892
778	10.372074433750326
779	10.364589133781902
780	10.357105161058934
781	10.349636689731463
782	10.34217889485316
783	10.334731010292977
784	10.327309934752764
785	10.319902667725696
786	10.312511907819763
787	10.305150974682281
788	10.297807699221284
789	10.290481039258308
790	10.283176357816528
791	10.275879045363778
792	10.268597171848633
793	10.261323432131721
794	10.25407870279758
795	10.246864109833199
796	10.239665295412964
797	10.23247690949139
798	10.22530761713192
799	10.21815307447637
800	10.211003289761116
801	10.203859706215887
802	10.19674578826899
803	10.18964386297466
804	10.182554993790092
805	10.175474674430676
806	10.168421464044124
807	10.161393028601559
808	10.154381110785241
809	10.147385765468012
810	10.140399137646686
811	10.133432302100623
812	10.126470274783895
813	10.119529805408433
814	10.112599488656778
815	10.105688607369228
816	10.098792965890324
817	10.091900103294297
818	10.08504045024242
819	10.078185826179261
820	10.071352292642937
821	10.064526527141929
822	10.05772567781902
823	10.05093485727484
824	10.044150021968504
825	10.037377462387475
826	10.030622742651492
827	10.023891913002032
828	10.017170887472044
829	10.01045295280574
830	10.003737999653538
831	9.997027705269657
832	9.990331558823204
833	9.983645127770608
834	9.976971891242057
835	9.970307349600146
836	9.963649097807481
837	9.956993519549211
838	9.950348698355441
839	9.943713440024858
840	9.937080695578112
841	9.930452197058514
842	9.923832780010958
843	9.917225165482026
844	9.910638235109403
845	9.904059395537706
846	9.897484746873852
847	9.890923144215195
848	9.884374380088166
849	9.87783392234615
850	9.871298926213008
851	9.864766533657349
852	9.858236710605322
853	9.85172058263207
854	9.845210462516931
855	9.838709226867667
856	9.8322139385451
857	9.82573335602025
858	9.819260466272784
859	9.812803144947567
860	9.80634977123196
861	9.799908418562016
862	9.793473165018712
863	9.787045196026805
864	9.780633364572143
865	9.774222801819398
866	9.767844661006162
867	9.761468887900895
868	9.755125061517182
869	9.748787994092707
870	9.742454668648245
871	9.73612401380634
872	9.729796533128582
873	9.72347984409788
874	9.717196703147588
875	9.710915535400959
876	9.704648308569585
877	9.698398123704175
878	9.692159560200748
879	9.685924732893831
880	9.679695629128407
881	9.673501345017916
882	9.667310045206872
883	9.661126015678189
884	9.654971311922766
885	9.648819353276096
886	9.642672010895401
887	9.636541289831655
888	9.630414774183945
889	9.62429655077988
890	9.61817986196571
891	9.612073794431684
892	9.60598652254818
893	9.599906637019483
894	9.593833892110384
895	9.587765566036786
896	9.581704521630753
897	9.575647660630267
898	9.569597146823062
899	9.563561984223226
900	9.557540247833005
901	9.55154700537234
902	9.545571542239939
903	9.53961198731811
904	9.533672021266867
905	9.527732704694941
906	9.52180438519392
907	9.515896760227314
908	9.509994052075971
909	9.504093727281901
910	9.498212579279015
911	9.492342136042502
912	9.486473120813482
913	9.480611432417296
914	9.474762191674738
915	9.468926091576211
916	9.463099390397668
917	9.457285563549902
918	9.451478892640605
919	9.445673089898245
920	9.43987975857983
921	9.434090928013472
922	9.428318960035485
923	9.422561471202185
924	9.416814547434047
925	9.411070792195128
926	9.40533738128714
927	9.399615443286944
928	9.39390261363191
929	9.388201592842078
930	9.382535644235578
931	9.376881628519966
932	9.37123571473301
933	9.365594880554376
934	9.359971363131791
935	9.354354306455088
936	9.348744169393175
937	9.343156144782204
938	9.337594951191312
939	9.332045994624846
940	9.326509177813154
941	9.320978459756612
942	9.315459191583425
943	9.309960985333639
944	9.30446705024216
945	9.298988361309569
946	9.293519869458493
947	9.288060933558882
948	9.282606001415473
949	9.277179176908229
950	9.271761101630325
951	9.266349474681592
952	9.260939490410678
953	9.255537745244768
954	9.250145301807795
955	9.244755557036559
956	9.239369844204516
957	9.233986024007486
958	9.228605574318081
959	9.223228378797447
960	9.217861288235927
961	9.212501264696787
962	9.20714748462324
963	9.20180054891252
964	9.196478036313218
965	9.191164066763656
966	9.185855656260435
967	9.180553520653369
968	9.175256568025866
969	9.169967713913046
970	9.164680806079705
971	9.159404964480542
972	9.154139744178462
973	9.148876422697219
974	9.143621654307106
975	9.138370012791004
976	9.133133602981367
977	9.12791256377057
978	9.122700601839673
979	9.117490020830635
980	9.112285273395072
981	9.107092897613764
982	9.101914255395421
983	9.096742244937566
984	9.091583697324769
985	9.086427065471941
986	9.081272968334895
987	9.076126575082295
988	9.07098646363311
989	9.065849964928802
990	9.060720700268893
991	9.055607337545569
992	9.050513887587446
993	9.045429340853959
994	9.040349107750659
995	9.035274781638353
996	9.030203809387652
997	9.025138527542072
998	9.020079785004398
999	9.01503755533037
1000	9.009995823930778

# METHOD: ShadowBucket
# Nshots: 1000
1	822.343616041642
2	1173.08462099251
3	1386.0035857865137
4	1480.2830989074537
5	1842.5474971329068
6	2079.53124595712
7	2233.4068852556575
8	2355.936767344552
9	2470.475887511375
10	2645.8248717264387
11	2658.3207091451177
12	2805.0815109755786
13	2843.0380919953946
14	2850.285281957638
15	2907.8204971228815
16	3006.7687493167605
17	3041.9788828600085
18	3027.3999514748384
19	3073.584913138765
20	3135.2677176114953
21	3119.517317351149
22	3304.424538670043
23	3339.512650270432
24	3331.9812282119656
25	3337.127477565465
26	3362.0816677204944
27	3394.080486547738
28	3432.204163451328
29	3500.8044898777816
30	3486.502687593786
31	3529.9386954072506
32	3529.6896451304997
33	3546.2042751253503
34	3564.2964041504324
35	3584.605448729387
36	3568.1127296666373
37	3563.692290660418
38	3538.466826959575
39	3543.4157634377825
40	3542.8800945466246
41	3582.7380530931023
42	3567.4757026830557
43	3570.9794340135627
44	3570.0109333656774
45	3605.4525525397507
46	3620.3147745456877
47	3632.447876401406
48	3664.243428472105
49	3661.4921044950524
50	3675.6081928387935
51	3685.396489780036
52	3705.7880111352997
53	3716.5053289789344
54	3721.7127987963104
55	3740.97017783882
56	3744.9181959982825
57	3752.8177364944167
58	3739.515900738911
59	3742.6851803559016
60	3733.353603539908
61	3724.959240943922
62	3727.847289905424
63	3734.759919956531
64	3733.42617064329
65	3749.5660207375213
66	3740.7409099929755
67	3744.1064787648243
68	3751.3397924735373
69	3763.663608502586
70	3770.110353385889
71	3775.173027713536
72	3769.5717047514995
73	3790.320467482403
74	3788.485114354009
75	3774.080235056181
76	3781.1021865336993
77	3779.5947656710473
78	3777.7262906799574
79	3774.3349597691204
80	3770.273662066001
81	3761.3243970552794
82	3749.4407904518976
83	3745.992875841956
84	3746.985201393959
85	3757.310122259435
86	3752.721414700204
87	3749.2752601273733
88	3745.8211947083882
89	3755.2499218760863
90	3740.6090885430626
91	3744.3890269092517
92	3744.7297408765494
93	3742.860842945393
94	3742.7093234665313
95	3747.9095595758004
96	3742.286798534882
97	3740.326745568579
98	3737.3204677135727
99	3736.647227980129
100	3728.700974225981
101	3718.8603981595998
102	3712.0424893908935
103	3709.451002123548
104	3693.9132083328195
105	3682.3657164675456
106	3667.5541882124508
107	3666.6429602689063
108	3660.1412210452686
109	3661.068645760257
110	3646.279842546082
111	3638.496381355783
112	3632.6729620950628
113	3626.163220692247
114	3620.0835321088452
115	3605.822111691457
116	3588.6913349631045
117	3584.023283196214
118	3567.794868436281
119	3563.391140026361
120	3559.3249096764143
121	3543.6174313513907
122	3537.6968568648813
123	3534.4319215404425
124	3531.6854956029674
125	3523.8952155005136
126	3517.147561181571
127	3514.3654033556104
128	3504.9459646939904
129	3487.8775456155267
130	3481.14199052699
131	3466.8262691278687
132	3457.740655159901
133	3453.892436011096
134	3429.060544801131
135	3422.16538681897
136	3418.62181562575
137	3405.7207380162254
138	3399.4400626405077
139	3395.1593496103515
140	3389.0472275593174
141	3374.6823478787865
142	3342.4926575886793
143	3314.539241618967
144	3290.058696533772
145	3266.2428395133875
146	3243.4464240833404
147	3221.628467955943
148	3200.1176634267704
149	3180.50030028891
150	3161.6207676189897
151	3143.5166741905778
152	3126.1253449619635
153	3109.0207885893838
154	3092.0373283821673
155	3075.7094071009
156	3059.3817689820035
157	3043.432885255013
158	3027.538426454755
159	3012.2516963189896
160	2997.345516981987
161	2982.58039995831
162	2968.1089648102225
163	2953.677115251638
164	2939.397503894989
165	2924.206714061534
166	2910.140731696528
167	2896.139272684228
168	2882.387837005173
169	2869.338487628562
170	2856.381401697422
171	2843.6217259513264
172	2830.992582810409
173	2818.418740168181
174	2806.4398757077397
175	2794.608214206563
176	2782.924148024478
177	2771.3690962720198
178	2760.096776912691
179	2749.270486806113
180	2735.032238500901
181	2724.213601861295
182	2713.5265436543777
183	2703.0321959041466
184	2692.651669245814
185	2682.32404275842
186	2672.1516650979906
187	2662.0739712857503
188	2652.1436235012593
189	2642.6777050342175
190	2633.2486277466655
191	2623.868115551477
192	2614.5085713945355
193	2605.2545059224626
194	2596.0452506745514
195	2586.8466683207844
196	2577.7015565376887
197	2568.569486212822
198	2559.420817329499
199	2548.7504803626634
200	2539.6277803455027
201	2530.562618264486
202	2521.603925952246
203	2512.812166734959
204	2504.108340893583
205	2495.5817422285086
206	2487.086456979186
207	2478.7091561226807
208	2470.467563922526
209	2462.3429470983447
210	2454.362827901825
211	2446.408534262198
212	2438.623722640039
213	2430.8662809403877
214	2423.1583180604102
215	2415.4623198015515
216	2407.8351652016636
217	2400.2495331773594
218	2392.8419799375242
219	2385.479599547066
220	2378.124176673812
221	2370.8844386558594
222	2363.788291534064
223	2356.707495036693
224	2349.632183677021
225	2342.6438379375604
226	2335.7203991147703
227	2328.8650771826697
228	2322.096516111568
229	2315.429275688977
230	2308.769620057932
231	2302.2415076356647
232	2295.7292117050383
233	2289.235773705841
234	2282.7506056373168
235	2276.2904839962926
236	2269.8959684656593
237	2263.659960438997
238	2257.432951642364
239	2251.2456574857442
240	2245.0621293756685
241	2238.9039164372375
242	2232.7566825710555
243	2226.629896797215
244	2220.525368283034
245	2214.457334214154
246	2208.4078763206403
247	2202.36494527764
248	2196.3530996187974
249	2190.37265159797
250	2184.4290124641093
251	2178.504654092719
252	2172.5982949123036
253	2166.7808794856983
254	2160.9694276835553
255	2155.19677738745
256	2149.497335151574
257	2143.8079295843954
258	2138.202460800709
259	2132.6884741066433
260	2127.1779670240003
261	2121.795587808878
262	2116.490118758805
263	2111.2829717394175
264	2106.098485685846
265	2100.9285545446014
266	2095.7744717866917
267	2090.62903224857
268	2085.487840861131
269	2080.351887698467
270	2075.232256550834
271	2070.115494369879
272	2065.0276688954837
273	2059.9716532471152
274	2054.9563446127563
275	2049.9631784371295
276	2045.017704513855
277	2040.118480568482
278	2035.259407727298
279	2030.4353562599508
280	2025.6185936306201
281	2020.8356204637905
282	2016.1348690014365
283	2011.4570803438473
284	2006.7824389362665
285	2002.166102816286
286	1997.6503345356514
287	1993.1961015879388
288	1988.7462481500158
289	1984.347968026801
290	1979.9506974317787
291	1975.5655194696833
292	1971.192827583525
293	1966.8249758800175
294	1962.4794264528662
295	1958.189795430578
296	1953.9383235336027
297	1949.6918139639
298	1945.4531710386439
299	1941.2492591970615
300	1937.067234535714
301	1932.8953512789851
302	1928.7685239597643
303	1924.662737905174
304	1920.5623624349753
305	1916.4908895092585
306	1912.4342249597175
307	1908.3863182333048
308	1904.3485707310294
309	1900.320991437175
310	1896.3132492084887
311	1892.3811932157303
312	1888.4625147789013
313	1884.561933178267
314	1880.7104289999656
315	1876.8887747125887
316	1873.101274847636
317	1869.3434566703525
318	1865.5901547201736
319	1861.853259309966
320	1858.1203617640192
321	1854.4118234011419
322	1850.728362843675
323	1847.050506239066
324	1843.380992088602
325	1839.7199229296498
326	1836.0759244390747
327	1832.4474166791188
328	1828.835558824113
329	1825.2294314567507
330	1821.643623895717
331	1818.0674595031603
332	1814.5083005584916
333	1810.98605935232
334	1807.4787577012185
335	1803.992748419395
336	1800.5077155333856
337	1797.0428205874628
338	1793.5991694671343
339	1790.168098471121
340	1786.751457269742
341	1783.3449322476808
342	1779.9473201139394
343	1776.5658422187462
344	1773.2177365466157
345	1769.8857474225022
346	1766.5576217323696
347	1763.2607352742982
348	1759.971341804384
349	1756.7360068735745
350	1753.5040065358878
351	1750.2990166709221
352	1747.1125594937664
353	1743.9441565978789
354	1740.7933247248438
355	1737.649533454465
356	1734.5072222025033
357	1731.4198479683682
358	1728.334704555373
359	1725.2618534332555
360	1722.1953690468877
361	1719.152659062532
362	1716.1194025955065
363	1713.1314779005581
364	1710.1571007445054
365	1707.1917366917576
366	1704.2642523123072
367	1701.365012296402
368	1698.4696916408436
369	1695.5770715319688
370	1692.7089937394499
371	1689.8426018448065
372	1686.9766941751961
373	1684.1251225958492
374	1681.2857654901886
375	1678.5069419064207
376	1675.731971966093
377	1672.9605670008598
378	1670.1977251050428
379	1667.4557372177592
380	1664.7535217833547
381	1662.053645812411
382	1659.372188391731
383	1656.7033220329538
384	1654.0411039236503
385	1651.3990296454224
386	1648.7613551478698
387	1646.1308227168074
388	1643.5067504370018
389	1640.8897537697892
390	1638.2853902780291
391	1635.6970584786452
392	1633.1177950153274
393	1630.554772254788
394	1628.0281736307288
395	1625.5076589101016
396	1622.9962449122315
397	1620.4886527138162
398	1617.9917322790186
399	1615.5030928506897
400	1613.0260749416952
401	1610.5511288006514
402	1608.089880941369
403	1605.6298794094446
404	1603.1718107027962
405	1600.7257174061192
406	1598.2879836931334
407	1595.8612279889771
408	1593.4446329782836
409	1591.0431003209965
410	1588.6522188242338
411	1586.2687761386721
412	1583.9023594562732
413	1581.5518777438533
414	1579.2025985379717
415	1576.769519690981
416	1574.4261241124016
417	1572.0859132933383
418	1569.7592566273038
419	1567.4373555211334
420	1565.118752153914
421	1562.8097735594654
422	1560.523800103963
423	1558.2465257034257
424	1555.9800252056907
425	1553.7265687012587
426	1551.4789678166105
427	1549.2365184472415
428	1547.019050484444
429	1544.802968077684
430	1542.5878650303512
431	1540.374663979806
432	1538.1737879411128
433	1535.9749121540797
434	1533.7956570555448
435	1531.6176531463955
436	1529.450759980511
437	1527.2853284920404
438	1525.1231796310815
439	1522.9680050085478
440	1520.8168432985444
441	1518.6778259873115
442	1516.547201306476
443	1514.427886887218
444	1512.3183182419984
445	1510.2181674685407
446	1508.125817758898
447	1506.0364082381793
448	1503.9492489019603
449	1501.8690976735998
450	1499.798811592975
451	1497.745566338546
452	1495.6973883897736
453	1493.651112647975
454	1491.605273993636
455	1489.5606331490712
456	1487.5392860071242
457	1485.5253437172353
458	1483.5143950662273
459	1481.5166611405818
460	1479.5219742372888
461	1477.5365520707612
462	1475.5599377752649
463	1473.612537867844
464	1471.676217652343
465	1469.7415292822168
466	1467.82727486749
467	1465.9167407841396
468	1464.0121335467252
469	1462.110256824831
470	1460.2189700106783
471	1458.3314667496318
472	1456.4596646080017
473	1454.5904331352708
474	1452.7249944218424
475	1450.8631666797835
476	1449.004224182877
477	1447.1505145089734
478	1445.2983702974243
479	1443.4679125514592
480	1441.6394612264457
481	1439.8187730582379
482	1438.004077254162
483	1436.1917124018496
484	1434.3801382274205
485	1432.5810680377274
486	1430.7906518693471
487	1429.002857493359
488	1427.2241131259477
489	1425.4494379926714
490	1423.686523990986
491	1421.9405263099682
492	1420.2004739241459
493	1418.4607328576787
494	1416.7214603217276
495	1414.9835297765883
496	1413.2483131623212
497	1411.5150976492823
498	1409.7876097721469
499	1408.0658267816557
500	1406.3539548916096
501	1404.6440567442367
502	1402.9360156082166
503	1401.233345929124
504	1399.5308277287909
505	1397.8419832858094
506	1396.162034236228
507	1394.4831276832297
508	1392.8091733119284
509	1391.1412526435201
510	1389.4767491698892
511	1387.821879788702
512	1386.173170888632
513	1384.5250498495939
514	1382.8857298304395
515	1381.2473452860258
516	1379.6157427061644
517	1377.9895091867384
518	1376.3661669469934
519	1374.744582313086
520	1373.123839586219
521	1371.5103613962858
522	1369.8976248930128
523	1368.3057988945807
524	1366.7203081660814
525	1365.143177277925
526	1363.5714132184637
527	1362.0012442213526
528	1360.4348131266781
529	1358.8836810050293
530	1357.3380332675606
531	1355.801068100228
532	1354.264728108436
533	1352.729659211799
534	1351.2091755178387
535	1349.6892081688575
536	1348.178268115361
537	1346.6688112347674
538	1345.1604164949572
539	1343.6542214663568
540	1342.1509438798128
541	1340.650030164035
542	1339.1522985960023
543	1337.6571852229708
544	1336.16285197148
545	1334.6807812489944
546	1333.204226593613
547	1331.727960489304
548	1330.2526887576093
549	1328.7816540382885
550	1327.31538253172
551	1325.860497288251
552	1324.4069453038362
553	1322.9568075326629
554	1321.512456676885
555	1320.0750908789412
556	1318.643493110631
557	1317.2122454439566
558	1315.7899627246786
559	1314.3716398221889
560	1312.9617913051989
561	1311.556531034364
562	1310.155936695038
563	1308.7642064224246
564	1307.3794841829292
565	1305.9951158969595
566	1304.6196198077678
567	1303.0424570540233
568	1301.6718104881602
569	1300.3021691114382
570	1298.9354636014073
571	1297.5699979119217
572	1296.2055764023307
573	1294.844633290205
574	1293.48674934004
575	1292.142623605278
576	1290.799950769768
577	1289.458322278444
578	1288.1182807330817
579	1286.7836419326356
580	1285.4529378097743
581	1284.1228427427927
582	1282.793781455459
583	1281.2441451118948
584	1279.9184555144082
585	1278.5987701245017
586	1277.280038304069
587	1275.9675669963194
588	1274.65563921301
589	1273.3462814394352
590	1272.0416128131174
591	1270.7443799525606
592	1269.4508115874405
593	1268.157522762096
594	1266.8662800818652
595	1265.5773601913052
596	1264.2980433797043
597	1263.022185998865
598	1261.7494359687307
599	1260.4803235338268
600	1259.216978918568
601	1257.960214371757
602	1256.7055198067844
603	1255.4537748862515
604	1254.2073801390582
605	1252.9638717480018
606	1251.7222903198897
607	1250.4826253662468
608	1249.2455271952203
609	1248.009674396724
610	1246.7749798590758
611	1245.5413810576438
612	1244.3094696483706
613	1243.0819291687083
614	1241.855596482926
615	1240.631997358169
616	1239.410958190481
617	1238.2015189617791
618	1236.9925011110759
619	1235.7843348000215
620	1234.5799992503396
621	1233.3769360914766
622	1232.1780333580768
623	1230.9793114408885
624	1229.7829543961398
625	1228.5890253781147
626	1227.400005234167
627	1226.2180235981848
628	1225.036972785856
629	1223.8568911818961
630	1222.6828901878212
631	1221.5152995937005
632	1220.3570282387282
633	1219.2001272886994
634	1218.0477458402975
635	1216.8988371576952
636	1215.7550198583065
637	1214.6173463817975
638	1213.4827794545506
639	1212.351071846726
640	1211.219430205871
641	1210.093507223581
642	1208.9682721603212
643	1207.845793653088
644	1206.7257081699904
645	1205.6079458740287
646	1204.4922556771216
647	1203.3774533230167
648	1202.2652453714588
649	1201.1535821904686
650	1200.0580164116545
651	1198.972322085209
652	1197.8892643525687
653	1196.8070423772365
654	1195.7279173675406
655	1194.6512408027731
656	1193.5749735080242
657	1192.50004954249
658	1191.43154821778
659	1190.3638473683977
660	1189.2981023842476
661	1188.2342655754446
662	1187.1714436124576
663	1186.1109963863903
664	1185.0534504440282
665	1183.9971494330466
666	1182.9445313491117
667	1181.8931821581991
668	1180.8469253744167
669	1179.8014436957842
670	1178.7583095098157
671	1177.7163601744721
672	1176.6763726657498
673	1175.64020166113
674	1174.604459405578
675	1173.5764902871265
676	1172.5495183880425
677	1171.5240296497136
678	1170.4987575000785
679	1169.4737502856103
680	1168.451325059275
681	1167.430440454947
682	1166.411061673014
683	1165.393736134806
684	1164.3773846758502
685	1163.3620331748025
686	1162.351327008623
687	1161.3411044723237
688	1160.3339922761932
689	1159.3295681915824
690	1158.3267115590272
691	1157.331855963009
692	1156.3385956215045
693	1155.3480420781111
694	1154.360347760144
695	1153.3751472116073
696	1152.3991769441725
697	1151.4249272531722
698	1150.4510129222213
699	1149.4784920673185
700	1148.506362007968
701	1147.5357950372534
702	1146.5657764680475
703	1145.5958338860873
704	1144.6287139367323
705	1143.6681977049313
706	1142.709633934624
707	1141.7517865440307
708	1140.7941489473242
709	1139.837511550996
710	1138.883829679893
711	1137.9307555503183
712	1136.9824913427892
713	1136.0345310175353
714	1135.091598539541
715	1134.1499559553836
716	1133.2110014830794
717	1132.2721815277332
718	1131.3390799356935
719	1130.4078953079347
720	1129.4796009037511
721	1128.553119655839
722	1127.62911205532
723	1126.705340542865
724	1125.7821382680652
725	1124.8596888594293
726	1123.9402846946928
727	1123.026099519465
728	1122.1124564347829
729	1121.2011204153587
730	1120.2928627234053
731	1119.3859605648643
732	1118.4791713722266
733	1117.5739333261124
734	1116.6694720597109
735	1115.7654923777295
736	1114.863789893802
737	1113.9663167111426
738	1113.073099240747
739	1112.1803049992902
740	1111.2884357911266
741	1110.4034892895365
742	1109.5201801326868
743	1108.6398354611015
744	1107.7608079093502
745	1106.8827288713587
746	1106.0048119972062
747	1105.1275740199385
748	1104.2561372515754
749	1103.3868622785049
750	1102.518010269221
751	1101.650732100388
752	1100.7846499935508
753	1099.9194201925202
754	1099.06139633192
755	1098.2037671822848
756	1097.349307798165
757	1096.4961107936824
758	1095.6440974240575
759	1094.7955597838884
760	1093.9483755376066
761	1093.1027626365026
762	1092.2605512737664
763	1091.4202461288942
764	1090.581310542809
765	1089.7436815410774
766	1088.9102819375382
767	1088.0770589715007
768	1087.2451765434723
769	1086.4160356135899
770	1085.587871557584
771	1084.7609993157055
772	1083.935202932382
773	1083.1115959548297
774	1082.2885740483412
775	1081.4674027845067
776	1080.6485724667125
777	1079.8330217014864
778	1079.0185759876283
779	1078.2053394170914
780	1077.3942429353237
781	1076.5838191951018
782	1075.7739421185097
783	1074.965462259909
784	1074.1589648055135
785	1073.3533012543228
786	1072.5492934344397
787	1071.7477707319467
788	1070.94662497385
789	1070.1456158198175
790	1069.3450315721593
791	1068.5450894124647
792	1067.7472043133491
793	1066.9525747464622
794	1066.1581041760405
795	1065.3660887896506
796	1064.5758682128824
797	1063.7859214299197
798	1062.9983129160712
799	1062.2109738081833
800	1061.4238322380888
801	1060.6387561045708
802	1059.8538996026664
803	1059.0707102866143
804	1058.2899012841592
805	1057.5097732305267
806	1056.7327559413368
807	1055.957516838887
808	1055.1826061338766
809	1054.4079655623095
810	1053.636504853309
811	1052.867947986367
812	1052.102210483059
813	1051.33740783087
814	1050.5773358812683
815	1049.8192477697603
816	1049.0613826679842
817	1048.3053912898008
818	1047.5505231868437
819	1046.7974634884583
820	1046.0467769331776
821	1045.2961131459383
822	1044.5465464726435
823	1043.7972874306047
824	1043.0515212961006
825	1042.3061098977382
826	1041.5616584599131
827	1040.8176756083872
828	1040.0755599970266
829	1039.334441848909
830	1038.5950140635218
831	1037.8585086462183
832	1037.1226219488947
833	1036.3872181436639
834	1035.6546126789208
835	1034.9236161381693
836	1034.1949861296398
837	1033.4665415911295
838	1032.738258818906
839	1032.0101051334047
840	1031.2834348596666
841	1030.5623356542494
842	1029.8415874302693
843	1029.1211636996557
844	1028.4027197886533
845	1027.685611488984
846	1026.971723200138
847	1026.2646761446283
848	1025.5615499099013
849	1024.8591985075284
850	1024.1575902279014
851	1023.4565578031035
852	1022.756035294953
853	1022.0577473827926
854	1021.3596584129451
855	1020.6622488108343
856	1019.9671424068798
857	1019.2739950503301
858	1018.5836776805005
859	1017.8937165032527
860	1017.2037967782205
861	1016.5145248338542
862	1015.8254801946097
863	1015.140294814589
864	1014.4551707835788
865	1013.7718180623274
866	1013.0896996861043
867	1012.4090226878371
868	1011.7293729095941
869	1011.0501855187862
870	1010.3719843757233
871	1009.6972855485983
872	1009.0249537922388
873	1008.3543155586924
874	1007.6855020526563
875	1007.0176950984355
876	1006.3501451979006
877	1005.6830467530756
878	1005.0182596381158
879	1004.3541575172237
880	1003.6910157797753
881	1003.0294134755294
882	1002.3681059510259
883	1001.707322843457
884	1001.0469804747512
885	1000.3869536087275
886	999.7288752802571
887	999.0712266509628
888	998.4141184917677
889	997.7578731379781
890	997.1031192488751
891	996.4502216045477
892	995.7981721589989
893	995.1461815865945
894	994.495016116105
895	993.8455672165263
896	993.1962518256727
897	992.5490206127963
898	991.9019168402322
899	991.2551104317796
900	990.6093363456642
901	989.9636035825594
902	989.3221614472079
903	988.6826315723752
904	988.0435344929795
905	987.4087075555341
906	986.773954045798
907	986.1402611661503
908	985.5078886084548
909	984.8756896749705
910	984.2460104300263
911	983.6166538689783
912	982.9877371536786
913	982.3610385866693
914	981.7352931210098
915	981.1098790367364
916	980.4857208271923
917	979.8643270765732
918	979.2433008272744
919	978.6224589912066
920	978.0035924550538
921	977.3858959807966
922	976.7693633458067
923	976.1540643865874
924	975.5388805670815
925	974.9237926689862
926	974.3091631448161
927	973.6957447474914
928	973.0845998718672
929	972.4739408485417
930	971.8679082638113
931	971.2662039728257
932	970.6652798277895
933	970.064650159331
934	969.46505091831
935	968.8656399949303
936	968.2671024788673
937	967.6707519165684
938	967.0749989626609
939	966.4795916644284
940	965.8843685029119
941	965.2894949834224
942	964.695570835126
943	964.1027900201836
944	963.5105589119913
945	962.9191129198858
946	962.3293566695729
947	961.7400414061722
948	961.1512508202632
949	960.5631147701932
950	959.9780278207224
951	959.3953136615798
952	958.8134896559184
953	958.2317316697084
954	957.650462430709
955	957.0697430280143
956	956.489423102431
957	955.912237924524
958	955.3354925446271
959	954.7599708734772
960	954.1851011210772
961	953.6105797820167
962	953.0377549226647
963	952.4666702390992
964	951.896006601525
965	951.3254141658856
966	950.756685315939
967	950.188119745881
968	949.6195786689857
969	949.0520055357516
970	948.4855627648519
971	947.919942382666
972	947.3545390502917
973	946.7903459036129
974	946.2269821456243
975	945.6645229330975
976	945.1026998312333
977	944.5414579528582
978	943.9812516854095
979	943.4235979896048
980	942.8665409514158
981	942.3097014142668
982	941.7532078569177
983	941.1973665744637
984	940.6417605839571
985	940.0869084227082
986	939.5325482632194
987	938.9787617787103
988	938.4266573262387
989	937.875616619204
990	937.3260700746367
991	936.7766815638523
992	936.2288802207636
993	935.6812404873064
994	935.1354119539785
995	934.5910496105834
996	934.0473908678878
997	933.50380373871
998	932.9612727318571
999	932.4208382032976
1000	931.8813736284128

# METHOD: Shadow_Grouping
# Nshots: 1000
1	822.343616041642
2	1173.08462099251
3	1386.0035857865137
4	1480.2830989074537
5	1842.5474971329068
6	2079.53124595712
7	2233.4068852556575
8	2355.936767344552
9	2470.475887511375
10	2645.8248717264387
11	2658.3207091451177
12	2805.0815109755786
13	2843.0380919953946
14	2850.285281957638
15	2907.8204971228815
16	3006.7687493167605
17	3041.9788828600085
18	3027.3999514748384
19	3073.584913138765
20	3135.2677176114953
21	3119.517317351149
22	3304.424538670043
23	3339.512650270432
24	3331.9812282119656
25	3337.127477565465
26	3362.0816677204944
27	3394.080486547738
28	3432.204163451328
29	3500.8044898777816
30	3486.502687593786
31	3529.9386954072506
32	3529.6896451304997
33	3546.2042751253503
34	3564.2964041504324
35	3584.605448729387
36	3568.1127296666373
37	3563.692290660418
38	3538.466826959575
39	3543.4157634377825
40	3542.8800945466246
41	3582.7380530931023
42	3567.4757026830557
43	3570.9794340135627
44	3570.0109333656774
45	3605.4525525397507
46	3620.3147745456877
47	3632.447876401406
48	3664.243428472105
49	3661.4921044950524
50	3675.6081928387935
51	3685.396489780036
52	3705.7880111352997
53	3716.5053289789344
54	3721.7127987963104
55	3740.97017783882
56	3744.9181959982825
57	3752.8177364944167
58	3739.515900738911
59	3742.6851803559016
60	3733.353603539908
61	3724.959240943922
62	3727.847289905424
63	3734.759919956531
64	3733.42617064329
65	3749.5660207375213
66	3740.7409099929755
67	3744.1064787648243
68	3751.3397924735373
69	3763.663608502586
70	3770.110353385889
71	3775.173027713536
72	3769.5717047514995
73	3790.320467482403
74	3788.485114354009
75	3774.080235056181
76	3781.1021865336993
77	3779.5947656710473
78	3777.7262906799574
79	3774.3349597691204
80	3770.273662066001
81	3761.3243970552794
82	3749.4407904518976
83	3745.992875841956
84	3746.985201393959
85	3757.310122259435
86	3752.721414700204
87	3749.2752601273733
88	3745.8211947083882
89	3755.2499218760863
90	3740.6090885430626
91	3744.3890269092517
92	3744.7297408765494
93	3742.860842945393
94	3742.7093234665313
95	3747.9095595758004
96	3742.286798534882
97	3740.326745568579
98	3737.3204677135727
99	3736.647227980129
100	3728.700974225981
101	3718.8603981595998
102	3712.0424893908935
103	3709.451002123548
104	3693.9132083328195
105	3682.3657164675456
106	3667.5541882124508
107	3666.6429602689063
108	3660.1412210452686
109	3661.068645760257
110	3646.279842546082
111	3638.496381355783
112	3632.6729620950628
113	3626.163220692247
114	3620.0835321088452
115	3605.822111691457
116	3588.6913349631045
117	3584.023283196214
118	3567.794868436281
119	3563.391140026361
120	3559.3249096764143
121	3543.6174313513907
122	3537.6968568648813
123	3534.4319215404425
124	3531.6854956029674
125	3523.8952155005136
126	3517.147561181571
127	3514.3654033556104
128	3504.9459646939904
129	3487.8775456155267
130	3481.14199052699
131	3466.8262691278687
132	3457.740655159901
133	3453.892436011096
134	3429.060544801131
135	3422.16538681897
136	3418.62181562575
137	3405.7207380162254
138	3399.4400626405077
139	3395.1593496103515
140	3389.0472275593174
141	3374.6823478787865
142	3350.171225773745
143	3333.050194029707
144	3318.253419887188
145	3295.4451913236744
146	3277.8026691134446
147	3249.739374359745
148	3228.0860772650967
149	3211.8275116914447
150	3180.0640125765176
151	3161.359117684398
152	3138.6089952287193
153	3123.812868040192
154	3107.3779389261363
155	3095.9844075286137
156	3084.9006319772443
157	3069.7941044546606
158	3055.3590025316216
159	3044.62217461579
160	3033.660837470325
161	3018.3971154082124
162	3009.2263123129596
163	2986.454266375294
164	2972.7785806389056
165	2957.4925579000446
166	2947.1445755979653
167	2935.1230406228747
168	2924.266106682651
169	2903.1259046095297
170	2883.6721255716147
171	2874.444693116666
172	2867.644162318602
173	2849.318418654262
174	2839.0589846296552
175	2828.522057975177
176	2812.26879017337
177	2804.376650136813
178	2787.7757865548947
179	2773.6266881028787
180	2767.4348159629326
181	2757.569480186052
182	2750.805730466004
183	2744.13553072514
184	2731.7900126174663
185	2723.3055627320086
186	2715.4102322097283
187	2704.8213330784556
188	2698.799138088556
189	2684.663485818725
190	2669.959391841046
191	2661.740829467533
192	2652.470702610316
193	2642.949051056406
194	2632.8616552772505
195	2623.8986872344844
196	2616.3515010703627
197	2601.914942453441
198	2595.228325918867
199	2587.2729775959338
200	2577.0316492430225
201	2563.8018613898685
202	2549.6775709320154
203	2540.9858653791384
204	2534.200757217854
205	2518.669795924217
206	2509.9213829299065
207	2500.2842468682006
208	2493.9660905842725
209	2486.771141080265
210	2476.446885262866
211	2470.6583831976254
212	2463.4372406636544
213	2454.466195575471
214	2448.2011459082746
215	2443.9098250242296
216	2437.394990399279
217	2432.305713443361
218	2422.841557165174
219	2417.2653368803285
220	2411.1289049082898
221	2405.1972717089193
222	2396.472585273048
223	2390.8738728133603
224	2384.170723658568
225	2377.5693883223876
226	2371.9532156459163
227	2366.8461850662484
228	2362.844714775243
229	2351.8433947994076
230	2348.0034771659175
231	2331.8940519971648
232	2326.203780224634
233	2317.6807559246895
234	2305.588688009932
235	2292.977413974916
236	2289.23745197891
237	2282.271885437752
238	2277.8315460843783
239	2273.7013452860456
240	2267.784554607547
241	2260.346155248115
242	2253.9424434583943
243	2244.724188024782
244	2240.3516238585325
245	2234.395172424279
246	2230.0785840641606
247	2220.563515476021
248	2213.472230240636
249	2206.0027072600374
250	2200.6554537520838
251	2195.673681113617
252	2191.64044973924
253	2182.0428511716354
254	2175.5719714522806
255	2170.5670454378396
256	2163.7203020035363
257	2157.8991938585395
258	2153.7963346959964
259	2149.136028898537
260	2142.412168601779
261	2138.0640564914684
262	2133.747728884491
263	2129.9299560164186
264	2126.6922715494425
265	2121.3892885567557
266	2116.2518731562723
267	2108.6883344647354
268	2100.8255821853013
269	2096.8297777741786
270	2090.466455229456
271	2085.2887812890217
272	2077.7121944159494
273	2071.2635624540862
274	2063.8619152220267
275	2060.571819813724
276	2056.9498593719004
277	2053.4034376330656
278	2048.5117025269406
279	2045.4793665859577
280	2039.452176660673
281	2036.659697393201
282	2034.1225106569445
283	2031.1283133232982
284	2028.7656951990566
285	2023.7249495826422
286	2018.9938075375917
287	2015.7287986071597
288	2011.5056946781615
289	2004.1949986187365
290	2001.1757265641963
291	1997.099242128357
292	1990.958128302716
293	1988.397647460137
294	1985.5959991760776
295	1973.7918083925167
296	1971.3666221403353
297	1965.7112044503385
298	1961.1533791823304
299	1955.9577106960298
300	1951.9854299584213
301	1948.2692241697976
302	1945.2013020866373
303	1940.8430007601728
304	1934.593753150422
305	1931.9374261797177
306	1926.352517326355
307	1923.111311075625
308	1919.419228204307
309	1914.8123715511242
310	1909.6720173819801
311	1903.5638314684084
312	1901.4322739127688
313	1896.3789667233998
314	1892.232256314611
315	1889.0693475770465
316	1885.8501439042504
317	1881.7652310912663
318	1878.608613128487
319	1874.1604157872853
320	1869.040131773134
321	1864.7349361577074
322	1861.8637961369545
323	1857.9954064290841
324	1854.0160931527273
325	1849.2836074338527
326	1844.4758755007108
327	1841.4989196299864
328	1838.3715954078486
329	1831.709907901333
330	1826.4079679824372
331	1824.21021070958
332	1821.8189859666559
333	1817.9616015635609
334	1813.656379603337
335	1810.363822487158
336	1808.239996170853
337	1805.927871494712
338	1803.20006622146
339	1799.7033346072462
340	1796.9147108838129
341	1794.1183967739842
342	1791.0411212936328
343	1786.9037915769306
344	1782.9406315001172
345	1780.2142319111306
346	1777.873027737911
347	1773.9633879454807
348	1771.5413825543446
349	1769.421959030932
350	1767.198298209552
351	1763.4507497875243
352	1759.97322318002
353	1758.0987541378713
354	1755.1138132364254
355	1753.3622850253917
356	1750.4324344010004
357	1746.6832270007988
358	1744.3458579715862
359	1742.4211376458602
360	1740.3268059444258
361	1738.410460976747
362	1732.5919652319687
363	1730.0451512211193
364	1725.5425419660762
365	1720.4916395853297
366	1718.2247141496273
367	1714.7951414429263
368	1710.7698446038949
369	1708.50701681256
370	1703.152525490631
371	1701.3956418262399
372	1697.4657269366894
373	1695.3706486891906
374	1692.055150594379
375	1686.7147588698328
376	1684.7871733947559
377	1682.051926719789
378	1679.5346956773003
379	1677.444213563896
380	1675.6610688920985
381	1674.198782538889
382	1671.501747275021
383	1670.0374443405817
384	1665.4627349167063
385	1662.6237556207377
386	1659.9737649748279
387	1658.5898517095936
388	1655.887704090484
389	1654.1871246885933
390	1650.8669521550048
391	1648.5071757972719
392	1644.454969808617
393	1643.0268264319072
394	1640.3093223019596
395	1638.1317142218013
396	1634.9684469324861
397	1633.5861296553078
398	1630.504891503422
399	1628.5595781005711
400	1626.0782863070015
401	1623.0568078947274
402	1621.021438912333
403	1616.2816773167458
404	1613.4707034510518
405	1610.9428976827162
406	1609.3474591443264
407	1606.715148626168
408	1605.3586222085064
409	1602.3651296893324
410	1599.5619571887974
411	1596.6894291583847
412	1594.4900261339635
413	1592.385133204535
414	1590.3689359432037
415	1588.8473552405117
416	1587.244421649965
417	1585.2040790243652
418	1583.2995715747577
419	1580.9975578476972
420	1579.495197123086
421	1578.0821105382784
422	1576.421081595542
423	1573.2338330492062
424	1569.2128653353536
425	1567.326130435557
426	1565.590786440003
427	1562.3593478584617
428	1560.0576821550524
429	1558.4261553701729
430	1556.620415956807
431	1553.450919575621
432	1549.9300395757991
433	1548.8197592843626
434	1547.022443286563
435	1544.3187675162267
436	1543.0756416497877
437	1541.0400052089865
438	1538.8146069157156
439	1536.2559703863149
440	1534.155635795457
441	1532.8510715129537
442	1530.1707682385288
443	1528.0453261182302
444	1525.6336768922174
445	1523.8244135371917
446	1522.2446948307916
447	1519.5663291850656
448	1516.761919737026
449	1515.0042164263937
450	1512.966016622714
451	1511.6625515172516
452	1510.090458466746
453	1507.0219071319493
454	1505.2899566301824
455	1502.3963434367747
456	1501.1333320206284
457	1499.8211586033817
458	1496.4087655961127
459	1495.1375608581177
460	1493.6549231711576
461	1492.2009661814923
462	1490.5715139894187
463	1488.3910618686523
464	1486.3872331854616
465	1485.1543976500625
466	1483.48954337755
467	1482.0264718574217
468	1481.022855402013
469	1476.735637997413
470	1474.8482498165292
471	1473.7511774908608
472	1471.6724922668593
473	1469.4061274850847
474	1467.1920270146095
475	1465.8079685344503
476	1463.9103143344048
477	1461.1708466267864
478	1459.7696975468668
479	1457.592075864914
480	1455.9716403018565
481	1453.571980044389
482	1452.2955056089986
483	1449.7825476389573
484	1447.2911813901392
485	1446.0402545067213
486	1443.7281150727836
487	1441.8570992020736
488	1439.6302559793685
489	1438.7230548582102
490	1437.7707928765008
491	1436.6889230716013
492	1435.1403961156893
493	1432.3896149733441
494	1429.6316698899407
495	1427.9390144751299
496	1425.8941662118752
497	1424.747211501997
498	1422.7080878445627
499	1420.0323141650467
500	1418.370252040641
501	1417.2479963696837
502	1414.866857069964
503	1413.4996054204512
504	1411.9705387605559
505	1409.142376781001
506	1406.7546069890295
507	1405.8166259750615
508	1404.9145916768546
509	1404.0248791519932
510	1403.053042841787
511	1401.804225635226
512	1400.0206615850745
513	1399.0216850128188
514	1397.5808486724522
515	1395.7370344351407
516	1393.7134681688046
517	1391.5529250616646
518	1390.3052196616554
519	1386.9281834189358
520	1385.9225608500974
521	1384.5875190844176
522	1383.2320977010347
523	1381.9914195554659
524	1379.7476719377883
525	1378.3874672436161
526	1376.1966614359524
527	1374.7975361072233
528	1373.099423874892
529	1370.4194634260375
530	1368.630096517877
531	1366.065151573645
532	1365.0956499185681
533	1363.7370859207695
534	1362.8665804112334
535	1361.3904770067556
536	1359.711719200735
537	1358.1240869332357
538	1356.8891894319504
539	1355.5132708230544
540	1353.954866706364
541	1351.4914904353654
542	1350.0549801594905
543	1349.0792403953255
544	1346.7732018533486
545	1345.2648331401529
546	1344.2374215770112
547	1343.2083811645257
548	1341.5861358520658
549	1339.9619308975691
550	1338.3236890925782
551	1337.5852460331735
552	1336.679540871288
553	1333.2671050160109
554	1331.5990333339237
555	1329.1228910396999
556	1327.3867126332368
557	1325.1838129254638
558	1323.329925239367
559	1322.4408385801396
560	1321.5876818228073
561	1320.6034836937229
562	1317.6402431057509
563	1316.4131596710959
564	1313.9220968090394
565	1312.981290247948
566	1311.7641759604323
567	1310.1077114681057
568	1308.9813826462178
569	1307.159564840333
570	1305.712844926638
571	1304.7088312411884
572	1303.5617016326169
573	1302.6538190113718
574	1301.1497648841453
575	1299.3079149444325
576	1298.0004954797316
577	1296.9806395016547
578	1295.705767757217
579	1295.0245103284894
580	1293.4332454702646
581	1292.4353302767142
582	1291.4907481104224
583	1289.861513442012
584	1289.0608755220164
585	1287.977237003546
586	1286.3655394518278
587	1284.6837778259637
588	1282.8587520172298
589	1281.8924081351583
590	1280.9460563773964
591	1280.2183750686568
592	1279.3959085905499
593	1278.2299558371683
594	1277.5969407322214
595	1276.8912888280147
596	1275.940772835389
597	1275.199960682972
598	1273.0797682326456
599	1272.3764659197097
600	1271.0291319702565
601	1269.2570029243432
602	1268.0628970505197
603	1267.2706263516925
604	1266.169460212373
605	1264.1849873612193
606	1263.0939676533167
607	1261.8245638609387
608	1260.9485655987185
609	1259.537649977871
610	1257.6951996110352
611	1256.748934814381
612	1255.4936863772673
613	1254.7567823596091
614	1253.3597914057336
615	1252.1696208031221
616	1251.2444384865487
617	1250.1663242926247
618	1249.1841510867116
619	1248.542104948493
620	1246.4892838241724
621	1245.335133207156
622	1244.2943052364983
623	1243.532428367849
624	1241.611068044941
625	1240.7234600450745
626	1239.3660937871505
627	1237.646274330856
628	1235.903522130074
629	1235.0629012853692
630	1233.9514623950465
631	1232.8914502437297
632	1231.495693976439
633	1230.5297168100838
634	1228.9214420615706
635	1227.5941675214806
636	1226.425969265591
637	1225.1065156103862
638	1223.6087196969938
639	1222.7783369988733
640	1222.1863383386026
641	1221.3944411482687
642	1220.1475147458866
643	1219.3715242583733
644	1218.369202215344
645	1217.3133508802603
646	1215.7972837616667
647	1214.9503347285383
648	1214.005371135498
649	1212.1276060714138
650	1211.2272609436213
651	1210.237276122592
652	1209.535755838117
653	1208.4703652669557
654	1207.914296122969
655	1206.5158152186577
656	1205.8973974466921
657	1204.280069108433
658	1203.0499275661878
659	1202.396246273022
660	1200.6976780064545
661	1199.0366841615596
662	1197.7879810254985
663	1196.6343692096825
664	1195.7465527965858
665	1195.09027250491
666	1193.6756458016982
667	1192.400906069062
668	1191.5731997290218
669	1190.8350497755027
670	1190.090547762168
671	1189.0733985083764
672	1187.0155832458327
673	1185.8039509932591
674	1185.1698948637188
675	1183.9637181606302
676	1183.3095599571634
677	1182.2979586048982
678	1180.5029517465662
679	1179.4396587013202
680	1177.1576954307661
681	1176.0236577671214
682	1174.6102870264444
683	1173.9199525373429
684	1172.8397754087987
685	1172.1095296976962
686	1170.9312403011036
687	1169.3655739197134
688	1168.5233592808909
689	1167.4732911571593
690	1166.6503577397186
691	1165.7973057096092
692	1164.3211871221092
693	1163.0907601481886
694	1162.091201679482
695	1161.5781806422071
696	1161.0441351745194
697	1159.6392131959335
698	1158.9933556543433
699	1157.7678440421594
700	1157.1761674217876
701	1156.3045179078424
702	1155.4763591538815
703	1154.5815569967306
704	1153.980849882818
705	1153.3244648098869
706	1152.418247110237
707	1151.528837496588
708	1150.645054208754
709	1149.188253255205
710	1148.494178554654
711	1147.820913099306
712	1146.5084924985965
713	1145.7804392348964
714	1145.2621690844544
715	1144.2393436613154
716	1143.7542259964905
717	1142.5471818924234
718	1141.6776925343129
719	1140.9754440165777
720	1139.3956145796365
721	1138.0655382663613
722	1137.590391461728
723	1137.069568609627
724	1136.1445415721387
725	1134.818171210297
726	1134.1005092595044
727	1133.0375807031558
728	1132.5850484083046
729	1132.0218321321522
730	1131.3846368709726
731	1130.4927392818147
732	1129.9067652440463
733	1129.3822179770036
734	1128.6377653363786
735	1127.6064803761544
736	1126.7840153297461
737	1125.7253670464404
738	1124.8525362275107
739	1124.0450070233642
740	1122.847347450981
741	1121.8264066126237
742	1121.285657508158
743	1120.291446531915
744	1119.5639661478253
745	1118.8977076604554
746	1118.0143154784414
747	1116.7931877532437
748	1116.1182761290554
749	1115.3066076760942
750	1114.7080871456776
751	1113.2217872794292
752	1111.9063767120817
753	1111.365208637389
754	1110.5222819728451
755	1109.5499312883471
756	1108.51763091713
757	1107.9963015343883
758	1107.3079423582017
759	1106.162301372734
760	1104.7891241182122
761	1104.1517902361293
762	1102.8340545150604
763	1101.9512314110696
764	1101.111443702719
765	1100.4382714779786
766	1099.6894169222544
767	1098.7572739949117
768	1098.124852206713
769	1097.6716234267512
770	1096.8280411539329
771	1095.731921235445
772	1095.0176987555137
773	1093.4875387194581
774	1092.85341833995
775	1092.3725958489338
776	1091.4550754516697
777	1090.9962132764597
778	1090.0494961092286
779	1089.2410982116166
780	1088.345035559744
781	1087.4845597992744
782	1086.2220418858572
783	1085.6005910606068
784	1085.0513843180836
785	1083.9964846801938
786	1083.4411846841135
787	1082.8686058405183
788	1082.3184028503051
789	1081.8183044008601
790	1081.1620870305537
791	1080.6117207133443
792	1079.520205774459
793	1078.641297821121
794	1078.0815484040595
795	1077.500781610574
796	1075.62222664201
797	1074.7378197491062
798	1074.1075018219558
799	1073.1132419157866
800	1072.455371098407
801	1072.050375421126
802	1071.050978223173
803	1070.5123968406397
804	1069.2797915558392
805	1067.7481079657575
806	1067.0818547893712
807	1066.671397678439
808	1065.7599614738197
809	1065.385221537324
810	1064.9777147342697
811	1063.838706934895
812	1062.5894209416206
813	1061.4996864459454
814	1060.7198593351127
815	1059.5795798313
816	1058.6286084506817
817	1057.921586677253
818	1057.4558761410224
819	1056.7354473661374
820	1056.2753709321998
821	1055.6896815473779
822	1055.0503527079409
823	1054.4271553635083
824	1053.7202142461829
825	1052.5499711778307
826	1051.1629985114328
827	1049.7204896755381
828	1048.9901043149357
829	1048.4163021987324
830	1047.59627387602
831	1046.6516927426871
832	1046.182564810395
833	1045.037736590002
834	1044.4173965421924
835	1044.0400429281744
836	1043.2423075266283
837	1042.39045368554
838	1041.6727117333517
839	1041.2628330773666
840	1040.5780153948608
841	1039.7952984955712
842	1039.0364787451779
843	1038.4682463543065
844	1037.7752541002892
845	1036.8527295019057
846	1036.304268787265
847	1035.46607633087
848	1035.0252766943406
849	1034.5084458140695
850	1034.105051968427
851	1032.5537393433663
852	1031.9445648823307
853	1031.325584056139
854	1030.880837188241
855	1029.9063645528795
856	1029.4135377980606
857	1028.9642836276732
858	1028.4320949660769
859	1027.4514454845084
860	1026.6521033626184
861	1026.1786283481824
862	1025.2198977062124
863	1024.8151676549255
864	1024.3676219246693
865	1023.5322241816926
866	1022.9638085888336
867	1022.0637456989406
868	1021.356114733141
869	1020.4477490149641
870	1019.6385323853021
871	1018.6788678969735
872	1018.2018682068662
873	1017.7207058431874
874	1016.8501277568131
875	1016.0707360631328
876	1015.3301085897256
877	1014.8172603472559
878	1014.4879465223564
879	1013.1261587948903
880	1012.7870744368529
881	1011.6952351498878
882	1011.1312584765742
883	1010.543458627591
884	1009.6324109787779
885	1009.0625883996362
886	1008.4154631492803
887	1008.019261515251
888	1007.613073899386
889	1006.6339992121459
890	1006.2441306988127
891	1005.6936109846916
892	1005.2310918100787
893	1004.502756135283
894	1003.7927154417725
895	1003.0616824344385
896	1002.701142346911
897	1002.1554371584165
898	1001.3842775695091
899	1000.6666086209933
900	1000.1290399850993
901	999.6294673798213
902	999.0067456091313
903	998.46230644901
904	997.9695214820514
905	997.342937586626
906	996.983202007445
907	996.3148063484165
908	995.6716055079944
909	994.8449609404294
910	993.9669323228553
911	993.4895023026535
912	993.1655775945405
913	992.8328367123887
914	992.346500014695
915	991.3110289659636
916	990.57931228299
917	989.9478897967564
918	989.5085413235659
919	988.6689770995283
920	988.1762995003457
921	987.6016069376628
922	987.2199903476139
923	986.6639530711642
924	985.7106473027363
925	984.9467350212676
926	984.4851019419071
927	984.0412401257083
928	983.055569525654
929	982.6268525709587
930	982.0035531110434
931	981.4846117172536
932	980.4422778953682
933	980.0262232247468
934	979.1534758955052
935	978.8301537672875
936	978.3601859383264
937	977.651887844161
938	976.7588444509662
939	976.2509826037207
940	975.9356426011329
941	975.5562743253623
942	974.9011765143878
943	974.5237863673431
944	973.624666758496
945	973.235441605631
946	971.9592127827847
947	971.3873362655622
948	970.9298617136105
949	970.229872920373
950	969.2893060561308
951	969.0007677939338
952	968.6339626968851
953	968.0896201835328
954	967.2913797873958
955	966.5532466830705
956	966.2292515238612
957	965.598401027815
958	965.04116714844
959	964.6698909578977
960	964.1834768694072
961	963.3873660774108
962	962.6736398204232
963	962.3774326281481
964	961.2767726668205
965	960.9289786349667
966	960.4394984202937
967	959.6186050745356
968	958.4346300167002
969	957.8337883031409
970	957.1685327587531
971	956.6257171574332
972	956.2331024805583
973	955.3705357507042
974	954.7764568227934
975	954.4211320061949
976	953.773366886872
977	953.1909746214188
978	952.7492707840453
979	952.3553340936295
980	952.0091814431937
981	951.5499002718645
982	950.9478169841002
983	950.5316951836752
984	950.0622831617966
985	949.3133141105137
986	948.7847448909715
987	948.3033758464431
988	947.7579877153662
989	947.4221328246082
990	946.7303945191446
991	945.9972673292673
992	945.4053842373044
993	944.9411805738885
994	944.085548681048
995	943.6108926178397
996	943.2288611402822
997	942.8478214688578
998	942.1343119653992
999	941.7564582704922
1000	941.0460194680456

